Using pre-set license
Built from '2022.3/release' branch; Version is '2022.3.61f1 (6c53ebaf375d) revision 7099371'; Using compiler version '192829333'; Build Type 'Release'
OS: 'Windows 10  (10.0.19045) 64bit Core' Language: 'en' Physical Memory: 32706 MB
BatchMode: 1, IsHumanControllingUs: 0, StartBugReporterOnCrash: 0, Is64bit: 1, IsPro: 1

COMMAND LINE ARGUMENTS:
D:\Unity Hub\2022.3.61f1\Editor\Unity.exe
-adb2
-batchMode
-noUpm
-name
AssetImportWorker0
-projectPath
D:/tiger/Main Stuff/GitHub/AttuningDemo/GGG Attuning Demo
-logFile
Logs/AssetImportWorker0.log
-srvPort
51205
Successfully changed project path to: D:/tiger/Main Stuff/GitHub/AttuningDemo/GGG Attuning Demo
D:/tiger/Main Stuff/GitHub/AttuningDemo/GGG Attuning Demo
[UnityMemory] Configuration Parameters - Can be set up in boot.config
    "memorysetup-bucket-allocator-granularity=16"
    "memorysetup-bucket-allocator-bucket-count=8"
    "memorysetup-bucket-allocator-block-size=33554432"
    "memorysetup-bucket-allocator-block-count=8"
    "memorysetup-main-allocator-block-size=16777216"
    "memorysetup-thread-allocator-block-size=16777216"
    "memorysetup-gfx-main-allocator-block-size=16777216"
    "memorysetup-gfx-thread-allocator-block-size=16777216"
    "memorysetup-cache-allocator-block-size=4194304"
    "memorysetup-typetree-allocator-block-size=2097152"
    "memorysetup-profiler-bucket-allocator-granularity=16"
    "memorysetup-profiler-bucket-allocator-bucket-count=8"
    "memorysetup-profiler-bucket-allocator-block-size=33554432"
    "memorysetup-profiler-bucket-allocator-block-count=8"
    "memorysetup-profiler-allocator-block-size=16777216"
    "memorysetup-profiler-editor-allocator-block-size=1048576"
    "memorysetup-temp-allocator-size-main=16777216"
    "memorysetup-job-temp-allocator-block-size=2097152"
    "memorysetup-job-temp-allocator-block-size-background=1048576"
    "memorysetup-job-temp-allocator-reduction-small-platforms=262144"
    "memorysetup-allocator-temp-initial-block-size-main=262144"
    "memorysetup-allocator-temp-initial-block-size-worker=262144"
    "memorysetup-temp-allocator-size-background-worker=32768"
    "memorysetup-temp-allocator-size-job-worker=262144"
    "memorysetup-temp-allocator-size-preload-manager=33554432"
    "memorysetup-temp-allocator-size-nav-mesh-worker=65536"
    "memorysetup-temp-allocator-size-audio-worker=65536"
    "memorysetup-temp-allocator-size-cloud-worker=32768"
    "memorysetup-temp-allocator-size-gi-baking-worker=262144"
    "memorysetup-temp-allocator-size-gfx=262144"
Player connection [1580]  Target information:

Player connection [1580]  * "[IP] 26.28.93.234 [Port] 0 [Flags] 2 [Guid] 1270030574 [EditorId] 1270030574 [Version] 1048832 [Id] WindowsEditor(7,Elliots-Sweet-PC) [Debug] 1 [PackageName] WindowsEditor [ProjectName] Editor" 

Player connection [1580]  * "[IP] 192.168.1.80 [Port] 0 [Flags] 2 [Guid] 1270030574 [EditorId] 1270030574 [Version] 1048832 [Id] WindowsEditor(7,Elliots-Sweet-PC) [Debug] 1 [PackageName] WindowsEditor [ProjectName] Editor" 

Player connection [1580] Host joined multi-casting on [225.0.0.222:54997]...
Player connection [1580] Host joined alternative multi-casting on [225.0.0.222:34997]...
Input System module state changed to: Initialized.
[PhysX] Initialized MultithreadedTaskDispatcher with 8 workers.
Refreshing native plugins compatible for Editor in 8.71 ms, found 3 plugins.
Preloading 0 native plugins for Editor in 0.00 ms.
Initialize engine version: 2022.3.61f1 (6c53ebaf375d)
[Subsystems] Discovering subsystems at path D:/Unity Hub/2022.3.61f1/Editor/Data/Resources/UnitySubsystems
[Subsystems] Discovering subsystems at path D:/tiger/Main Stuff/GitHub/AttuningDemo/GGG Attuning Demo/Assets
GfxDevice: creating device client; threaded=0; jobified=0
Direct3D:
    Version:  Direct3D 11.0 [level 11.1]
    Renderer: Radeon RX 580 Series (ID=0x67df)
    Vendor:   ATI
    VRAM:     8170 MB
    Driver:   31.0.21921.1000
Initialize mono
Mono path[0] = 'D:/Unity Hub/2022.3.61f1/Editor/Data/Managed'
Mono path[1] = 'D:/Unity Hub/2022.3.61f1/Editor/Data/MonoBleedingEdge/lib/mono/unityjit-win32'
Mono config path = 'D:/Unity Hub/2022.3.61f1/Editor/Data/MonoBleedingEdge/etc'
Using monoOptions --debugger-agent=transport=dt_socket,embedding=1,server=y,suspend=n,address=127.0.0.1:56888
Begin MonoManager ReloadAssembly
Registering precompiled unity dll's ...
Register platform support module: D:/Unity Hub/2022.3.61f1/Editor/Data/PlaybackEngines/WindowsStandaloneSupport/UnityEditor.WindowsStandalone.Extensions.dll
Registered in 0.003953 seconds.
- Loaded All Assemblies, in  0.384 seconds
Native extension for WindowsStandalone target not found
Mono: successfully reloaded assembly
- Finished resetting the current domain, in  0.282 seconds
Domain Reload Profiling: 666ms
	BeginReloadAssembly (137ms)
		ExecutionOrderSort (0ms)
		DisableScriptedObjects (0ms)
		BackupInstance (0ms)
		ReleaseScriptingObjects (0ms)
		CreateAndSetChildDomain (1ms)
	RebuildCommonClasses (34ms)
	RebuildNativeTypeToScriptingClass (11ms)
	initialDomainReloadingComplete (53ms)
	LoadAllAssembliesAndSetupDomain (149ms)
		LoadAssemblies (137ms)
		RebuildTransferFunctionScriptingTraits (0ms)
		AnalyzeDomain (146ms)
			TypeCache.Refresh (145ms)
				TypeCache.ScanAssembly (125ms)
			ScanForSourceGeneratedMonoScriptInfo (0ms)
			ResolveRequiredComponents (1ms)
	FinalizeReload (283ms)
		ReleaseScriptCaches (0ms)
		RebuildScriptCaches (0ms)
		SetupLoadedEditorAssemblies (228ms)
			LogAssemblyErrors (0ms)
			InitializePlatformSupportModulesInManaged (10ms)
			SetLoadedEditorAssemblies (10ms)
			RefreshPlugins (0ms)
			BeforeProcessingInitializeOnLoad (3ms)
			ProcessInitializeOnLoadAttributes (155ms)
			ProcessInitializeOnLoadMethodAttributes (50ms)
			AfterProcessingInitializeOnLoad (0ms)
			EditorAssembliesLoaded (0ms)
		ExecutionOrderSort2 (0ms)
		AwakeInstancesAfterBackupRestoration (0ms)
========================================================================
Worker process is ready to serve import requests
Caller must complete domain reload
Begin MonoManager ReloadAssembly
- Loaded All Assemblies, in  0.799 seconds
Native extension for WindowsStandalone target not found
Mono: successfully reloaded assembly
- Finished resetting the current domain, in  0.734 seconds
Domain Reload Profiling: 1533ms
	BeginReloadAssembly (254ms)
		ExecutionOrderSort (0ms)
		DisableScriptedObjects (6ms)
		BackupInstance (0ms)
		ReleaseScriptingObjects (0ms)
		CreateAndSetChildDomain (23ms)
	RebuildCommonClasses (35ms)
	RebuildNativeTypeToScriptingClass (11ms)
	initialDomainReloadingComplete (37ms)
	LoadAllAssembliesAndSetupDomain (463ms)
		LoadAssemblies (451ms)
		RebuildTransferFunctionScriptingTraits (0ms)
		AnalyzeDomain (201ms)
			TypeCache.Refresh (177ms)
				TypeCache.ScanAssembly (161ms)
			ScanForSourceGeneratedMonoScriptInfo (17ms)
			ResolveRequiredComponents (5ms)
	FinalizeReload (734ms)
		ReleaseScriptCaches (0ms)
		RebuildScriptCaches (0ms)
		SetupLoadedEditorAssemblies (582ms)
			LogAssemblyErrors (0ms)
			InitializePlatformSupportModulesInManaged (6ms)
			SetLoadedEditorAssemblies (5ms)
			RefreshPlugins (0ms)
			BeforeProcessingInitializeOnLoad (95ms)
			ProcessInitializeOnLoadAttributes (446ms)
			ProcessInitializeOnLoadMethodAttributes (26ms)
			AfterProcessingInitializeOnLoad (3ms)
			EditorAssembliesLoaded (0ms)
		ExecutionOrderSort2 (0ms)
		AwakeInstancesAfterBackupRestoration (6ms)
Launched and connected shader compiler UnityShaderCompiler.exe after 0.04 seconds
Refreshing native plugins compatible for Editor in 3.41 ms, found 3 plugins.
Preloading 0 native plugins for Editor in 0.00 ms.
Unloading 3548 Unused Serialized files (Serialized files now loaded: 0)
Unloading 21 unused Assets / (54.5 KB). Loaded Objects now: 4017.
Memory consumption went from 127.7 MB to 127.7 MB.
Total: 3.153700 ms (FindLiveObjects: 0.289800 ms CreateObjectMapping: 0.229700 ms MarkObjects: 2.545800 ms  DeleteObjects: 0.087600 ms)

AssetImportParameters requested are different than current active one (requested -> active):
  custom:container-demuxer-ogg: 62fdf1f143b41e24485cea50d1cbac27 -> 
  custom:video-decoder-ogg-theora: a1e56fd34408186e4bbccfd4996cb3dc -> 
  custom:framework-win-MediaFoundation: 216162199b28c13a410421893ffa2e32 -> 
  custom:CustomObjectIndexerAttribute: 9a22284fe3817be447336de3de66b15e -> 
  custom:container-demuxer-webm: 4f35f7cbe854078d1ac9338744f61a02 -> 
  custom:container-muxer-webm: aa71ff27fc2769a1b78a27578f13a17b -> 
  custom:video-decoder-webm-vp8: 9c59270c3fd7afecdb556c50c9e8de78 -> 
  custom:SearchIndexIgnoredProperties: e643bd26f0fe6173181afceb89e7c659 -> 
  custom:AudioImporter_EditorPlatform: d09bf68614088b80899f8185d706f6e7 -> 
  custom:video-encoder-webm-vp8: eb34c28f22e8b96e1ab97ce403110664 -> 
  custom:audio-decoder-ogg-vorbis: bf7c407c2cedff20999df2af8eb42d56 -> 
  custom:audio-encoder-webm-vorbis: bf7c407c2cedff20999df2af8eb42d56 -> 
========================================================================
Received Import Request.
  Time since last request: 854835.462666 seconds.
  path: Assets/ECCreated/Scripts/PlayerControl.cs
  artifactKey: Guid(1c2ce67864521fc4d93e7d676c288ef8) Importer(815301076,1909f56bfc062723c751e8b465ee728b)
Start importing Assets/ECCreated/Scripts/PlayerControl.cs using Guid(1c2ce67864521fc4d93e7d676c288ef8) Importer(815301076,1909f56bfc062723c751e8b465ee728b) [PhysX] Initialized MultithreadedTaskDispatcher with 8 workers.
 -> (artifact id: '684b13153eb827dcef74cf19d7a06188') in 0.002452 seconds
Number of updated asset objects reloaded before import = 0
Number of asset objects unloaded after import = 0
========================================================================
Received Import Request.
  Time since last request: 68.594572 seconds.
  path: Assets/Models/Fern.fbx
  artifactKey: Guid(fb279703d9595a647938644e5ec71aca) Importer(2089858483,0ecaa5967403d082aa24f35e1b516d23)
Start importing Assets/Models/Fern.fbx using Guid(fb279703d9595a647938644e5ec71aca) Importer(2089858483,0ecaa5967403d082aa24f35e1b516d23) [PhysX] Initialized MultithreadedTaskDispatcher with 8 workers.
 -> (artifact id: '4435d2bfe17116d1602f0aa0b206c17a') in 0.167455 seconds
Number of updated asset objects reloaded before import = 0
Number of asset objects unloaded after import = 8
========================================================================
Received Import Request.
  Time since last request: 0.000021 seconds.
  path: Assets/ECCreated/Scripts/PlayerControl.cs
  artifactKey: Guid(1c2ce67864521fc4d93e7d676c288ef8) Importer(2089858483,0ecaa5967403d082aa24f35e1b516d23)
Start importing Assets/ECCreated/Scripts/PlayerControl.cs using Guid(1c2ce67864521fc4d93e7d676c288ef8) Importer(2089858483,0ecaa5967403d082aa24f35e1b516d23) [PhysX] Initialized MultithreadedTaskDispatcher with 8 workers.
 -> (artifact id: 'a0f7476be5b506bc9094d50f75d769b8') in 0.019462 seconds
Number of updated asset objects reloaded before import = 0
Number of asset objects unloaded after import = 1
========================================================================
Received Import Request.
  Time since last request: 0.000103 seconds.
  path: Assets/UI pack/Fonts/Roboto-Thin.ttf
  artifactKey: Guid(4ec97b8fea68bd144a1413dc60231502) Importer(2089858483,0ecaa5967403d082aa24f35e1b516d23)
Start importing Assets/UI pack/Fonts/Roboto-Thin.ttf using Guid(4ec97b8fea68bd144a1413dc60231502) Importer(2089858483,0ecaa5967403d082aa24f35e1b516d23) [PhysX] Initialized MultithreadedTaskDispatcher with 8 workers.
 -> (artifact id: '9a7c8c6b2b767502af16c5431f916b5f') in 0.030386 seconds
Number of updated asset objects reloaded before import = 0
Number of asset objects unloaded after import = 3
========================================================================
Received Import Request.
  Time since last request: 0.000016 seconds.
  path: Assets/UI pack/Button/Orange gradient.png
  artifactKey: Guid(1258ac417dd158a48b05eeedb739c469) Importer(2089858483,0ecaa5967403d082aa24f35e1b516d23)
Start importing Assets/UI pack/Button/Orange gradient.png using Guid(1258ac417dd158a48b05eeedb739c469) Importer(2089858483,0ecaa5967403d082aa24f35e1b516d23) [PhysX] Initialized MultithreadedTaskDispatcher with 8 workers.
 -> (artifact id: '27783f7b385cb728fbd2fd283b63ad24') in 0.060723 seconds
Number of updated asset objects reloaded before import = 0
Number of asset objects unloaded after import = 3
========================================================================
Received Import Request.
  Time since last request: 0.000021 seconds.
  path: Assets/ithappy/Animals_FREE/Render_Pipeline_Convert/URP_to_BuiltIn_source.unitypackage
  artifactKey: Guid(59e7916a5dc9e7040a888d4d17eaadce) Importer(2089858483,0ecaa5967403d082aa24f35e1b516d23)
Start importing Assets/ithappy/Animals_FREE/Render_Pipeline_Convert/URP_to_BuiltIn_source.unitypackage using Guid(59e7916a5dc9e7040a888d4d17eaadce) Importer(2089858483,0ecaa5967403d082aa24f35e1b516d23) [PhysX] Initialized MultithreadedTaskDispatcher with 8 workers.
 -> (artifact id: 'f022ac9e675b2f73ca60afeb35ab489d') in 0.018198 seconds
Number of updated asset objects reloaded before import = 0
Number of asset objects unloaded after import = 1
========================================================================
Received Import Request.
  Time since last request: 0.000021 seconds.
  path: Assets/UI pack/Button/Blue outline gradient.png
  artifactKey: Guid(7179ab86b28b8184e8b74e3a0b7fa821) Importer(2089858483,0ecaa5967403d082aa24f35e1b516d23)
Start importing Assets/UI pack/Button/Blue outline gradient.png using Guid(7179ab86b28b8184e8b74e3a0b7fa821) Importer(2089858483,0ecaa5967403d082aa24f35e1b516d23) [PhysX] Initialized MultithreadedTaskDispatcher with 8 workers.
 -> (artifact id: '3c31cde8cb7623efa0f106f5da4ad756') in 0.027818 seconds
Number of updated asset objects reloaded before import = 0
Number of asset objects unloaded after import = 3
========================================================================
Received Import Request.
  Time since last request: 0.000019 seconds.
  path: Assets/UI pack/Fonts/Roboto-Regular.ttf
  artifactKey: Guid(87234a9d13698654bb0d237fbcff721c) Importer(2089858483,0ecaa5967403d082aa24f35e1b516d23)
Start importing Assets/UI pack/Fonts/Roboto-Regular.ttf using Guid(87234a9d13698654bb0d237fbcff721c) Importer(2089858483,0ecaa5967403d082aa24f35e1b516d23) [PhysX] Initialized MultithreadedTaskDispatcher with 8 workers.
 -> (artifact id: 'c5b121927aa6990b5d292d1aeebc183e') in 0.020076 seconds
Number of updated asset objects reloaded before import = 0
Number of asset objects unloaded after import = 3
========================================================================
Received Import Request.
  Time since last request: 0.000020 seconds.
  path: Assets/UI pack/Prefabs/Bars/Red circular bar.prefab
  artifactKey: Guid(50b45ee32b55a7845a24f4d5c8194db1) Importer(2089858483,0ecaa5967403d082aa24f35e1b516d23)
Start importing Assets/UI pack/Prefabs/Bars/Red circular bar.prefab using Guid(50b45ee32b55a7845a24f4d5c8194db1) Importer(2089858483,0ecaa5967403d082aa24f35e1b516d23) [PhysX] Initialized MultithreadedTaskDispatcher with 8 workers.
 -> (artifact id: '648465d126b51a1f8a7aee62b721a42c') in 0.048910 seconds
Number of updated asset objects reloaded before import = 0
Number of asset objects unloaded after import = 11
========================================================================
Received Import Request.
  Time since last request: 0.000034 seconds.
  path: Assets/ithappy/Animals_FREE/Scripts/PlayerCamera.cs
  artifactKey: Guid(6e64ae1274b15fa4fbea3733685f5b29) Importer(2089858483,0ecaa5967403d082aa24f35e1b516d23)
Start importing Assets/ithappy/Animals_FREE/Scripts/PlayerCamera.cs using Guid(6e64ae1274b15fa4fbea3733685f5b29) Importer(2089858483,0ecaa5967403d082aa24f35e1b516d23) [PhysX] Initialized MultithreadedTaskDispatcher with 8 workers.
 -> (artifact id: '9b32e088689eed1614859a7dedb6f9e5') in 0.018908 seconds
Number of updated asset objects reloaded before import = 0
Number of asset objects unloaded after import = 1
========================================================================
Received Import Request.
  Time since last request: 0.000033 seconds.
  path: Assets/ithappy/Animals_FREE/Render_Pipeline_Convert/URP_to_HDRP_source.unitypackage
  artifactKey: Guid(3ca48cc967561b54ab29fc1cddf8b78c) Importer(2089858483,0ecaa5967403d082aa24f35e1b516d23)
Start importing Assets/ithappy/Animals_FREE/Render_Pipeline_Convert/URP_to_HDRP_source.unitypackage using Guid(3ca48cc967561b54ab29fc1cddf8b78c) Importer(2089858483,0ecaa5967403d082aa24f35e1b516d23) [PhysX] Initialized MultithreadedTaskDispatcher with 8 workers.
 -> (artifact id: 'f3448dd2035306c1384673addd6e0a54') in 0.014108 seconds
Number of updated asset objects reloaded before import = 0
Number of asset objects unloaded after import = 1
========================================================================
Received Import Request.
  Time since last request: 0.000016 seconds.
  path: Assets/Models/Willow2.fbx
  artifactKey: Guid(961e938a5aa918d42a5ed3807d3a9015) Importer(2089858483,0ecaa5967403d082aa24f35e1b516d23)
Start importing Assets/Models/Willow2.fbx using Guid(961e938a5aa918d42a5ed3807d3a9015) Importer(2089858483,0ecaa5967403d082aa24f35e1b516d23) [PhysX] Initialized MultithreadedTaskDispatcher with 8 workers.
 -> (artifact id: 'd6d12142b2ca8a9793990cdedb9ccc6c') in 0.033265 seconds
Number of updated asset objects reloaded before import = 0
Number of asset objects unloaded after import = 9
========================================================================
Received Import Request.
  Time since last request: 0.000017 seconds.
  path: Assets/UI pack/Prefabs/Buttons/Button Green.prefab
  artifactKey: Guid(2b00e6d0b305f144fb9ed47dfab82c20) Importer(2089858483,0ecaa5967403d082aa24f35e1b516d23)
Start importing Assets/UI pack/Prefabs/Buttons/Button Green.prefab using Guid(2b00e6d0b305f144fb9ed47dfab82c20) Importer(2089858483,0ecaa5967403d082aa24f35e1b516d23) [PhysX] Initialized MultithreadedTaskDispatcher with 8 workers.
 -> (artifact id: '753141e40fc54e8db3bba39fb7191b40') in 0.048163 seconds
Number of updated asset objects reloaded before import = 0
Number of asset objects unloaded after import = 14
========================================================================
Received Import Request.
  Time since last request: 0.000021 seconds.
  path: Assets/ithappy/Animals_FREE/Animations/Other_Animations/Chicken_001_idle.anim
  artifactKey: Guid(842179658348d3d45862cf001c31ec39) Importer(2089858483,0ecaa5967403d082aa24f35e1b516d23)
Start importing Assets/ithappy/Animals_FREE/Animations/Other_Animations/Chicken_001_idle.anim using Guid(842179658348d3d45862cf001c31ec39) Importer(2089858483,0ecaa5967403d082aa24f35e1b516d23) [PhysX] Initialized MultithreadedTaskDispatcher with 8 workers.
 -> (artifact id: 'a98bc20785db96477795edb98368fd41') in 0.047778 seconds
Number of updated asset objects reloaded before import = 0
Number of asset objects unloaded after import = 1
========================================================================
Received Import Request.
  Time since last request: 0.000020 seconds.
  path: Assets/ithappy/Animals_FREE/Animations/Other_Animations/Tiger_001_walk.anim
  artifactKey: Guid(6922d6a93060d7547a659edc79fedf1b) Importer(2089858483,0ecaa5967403d082aa24f35e1b516d23)
Start importing Assets/ithappy/Animals_FREE/Animations/Other_Animations/Tiger_001_walk.anim using Guid(6922d6a93060d7547a659edc79fedf1b) Importer(2089858483,0ecaa5967403d082aa24f35e1b516d23) [PhysX] Initialized MultithreadedTaskDispatcher with 8 workers.
 -> (artifact id: '141964bd858b5e032fbf95b789cc2e89') in 0.020662 seconds
Number of updated asset objects reloaded before import = 0
Number of asset objects unloaded after import = 1
========================================================================
Received Import Request.
  Time since last request: 0.000018 seconds.
  path: Assets/ithappy/Animals_FREE/Animations/Other_Animations/Horse_001_walk.anim
  artifactKey: Guid(3535c491fc53d4949ab7afc8dc9ba534) Importer(2089858483,0ecaa5967403d082aa24f35e1b516d23)
Start importing Assets/ithappy/Animals_FREE/Animations/Other_Animations/Horse_001_walk.anim using Guid(3535c491fc53d4949ab7afc8dc9ba534) Importer(2089858483,0ecaa5967403d082aa24f35e1b516d23) [PhysX] Initialized MultithreadedTaskDispatcher with 8 workers.
 -> (artifact id: '0469ea768016af69a957c741753e231c') in 0.021698 seconds
Number of updated asset objects reloaded before import = 0
Number of asset objects unloaded after import = 1
========================================================================
Received Import Request.
  Time since last request: 0.000019 seconds.
  path: Assets/ithappy/Animals_FREE/Animations/Other_Animations/Dog_001_run.anim
  artifactKey: Guid(bb35dd733fd379649912d4ecea36cd5b) Importer(2089858483,0ecaa5967403d082aa24f35e1b516d23)
Start importing Assets/ithappy/Animals_FREE/Animations/Other_Animations/Dog_001_run.anim using Guid(bb35dd733fd379649912d4ecea36cd5b) Importer(2089858483,0ecaa5967403d082aa24f35e1b516d23) [PhysX] Initialized MultithreadedTaskDispatcher with 8 workers.
 -> (artifact id: '47d265b0f5e3cec4cfe5f852e1761ce6') in 0.027617 seconds
Number of updated asset objects reloaded before import = 0
Number of asset objects unloaded after import = 1
========================================================================
Received Import Request.
  Time since last request: 0.000032 seconds.
  path: Assets/ithappy/Animals_FREE/Animations/Other_Animations/Tiger_001_idle_rare.anim
  artifactKey: Guid(adb5de095dfdd0242984f770d47cc5b3) Importer(2089858483,0ecaa5967403d082aa24f35e1b516d23)
Start importing Assets/ithappy/Animals_FREE/Animations/Other_Animations/Tiger_001_idle_rare.anim using Guid(adb5de095dfdd0242984f770d47cc5b3) Importer(2089858483,0ecaa5967403d082aa24f35e1b516d23) [PhysX] Initialized MultithreadedTaskDispatcher with 8 workers.
 -> (artifact id: 'b7a17dd9902c3f84ce944f015921d107') in 0.021515 seconds
Number of updated asset objects reloaded before import = 0
Number of asset objects unloaded after import = 1
========================================================================
Received Import Request.
  Time since last request: 0.000024 seconds.
  path: Assets/ithappy/Animals_FREE/Animations/Other_Animations/Tiger_001_run.anim
  artifactKey: Guid(288cfcdac36cb3c4089b16f1aa758c63) Importer(2089858483,0ecaa5967403d082aa24f35e1b516d23)
Start importing Assets/ithappy/Animals_FREE/Animations/Other_Animations/Tiger_001_run.anim using Guid(288cfcdac36cb3c4089b16f1aa758c63) Importer(2089858483,0ecaa5967403d082aa24f35e1b516d23) [PhysX] Initialized MultithreadedTaskDispatcher with 8 workers.
 -> (artifact id: '345d58237f9c91b8630ca3f13d8ab0e1') in 0.023766 seconds
Number of updated asset objects reloaded before import = 0
Number of asset objects unloaded after import = 1
========================================================================
Received Import Request.
  Time since last request: 0.000015 seconds.
  path: Assets/UI pack/Button/Green outline gradient.png
  artifactKey: Guid(f9f25bb6be8733f4894d60fe54097b1d) Importer(2089858483,0ecaa5967403d082aa24f35e1b516d23)
Start importing Assets/UI pack/Button/Green outline gradient.png using Guid(f9f25bb6be8733f4894d60fe54097b1d) Importer(2089858483,0ecaa5967403d082aa24f35e1b516d23) [PhysX] Initialized MultithreadedTaskDispatcher with 8 workers.
 -> (artifact id: 'e67e207c83c87d2be49d9f97fa0f3169') in 0.027294 seconds
Number of updated asset objects reloaded before import = 0
Number of asset objects unloaded after import = 3
========================================================================
Received Import Request.
  Time since last request: 0.000016 seconds.
  path: Assets/UI pack/Button/Blue gradient.png
  artifactKey: Guid(60cfd84ae231a4943b3f0f6cf0dcf409) Importer(2089858483,0ecaa5967403d082aa24f35e1b516d23)
Start importing Assets/UI pack/Button/Blue gradient.png using Guid(60cfd84ae231a4943b3f0f6cf0dcf409) Importer(2089858483,0ecaa5967403d082aa24f35e1b516d23) [PhysX] Initialized MultithreadedTaskDispatcher with 8 workers.
 -> (artifact id: '67376377c21e17c7292c035dfe37f66a') in 0.026360 seconds
Number of updated asset objects reloaded before import = 0
Number of asset objects unloaded after import = 3
========================================================================
Received Import Request.
  Time since last request: 0.000034 seconds.
  path: Assets/ithappy/Animals_FREE/Prefabs/Horse_001.prefab
  artifactKey: Guid(dfb23d60f30c46847ba7815aa09e2567) Importer(2089858483,0ecaa5967403d082aa24f35e1b516d23)
Start importing Assets/ithappy/Animals_FREE/Prefabs/Horse_001.prefab using Guid(dfb23d60f30c46847ba7815aa09e2567) Importer(2089858483,0ecaa5967403d082aa24f35e1b516d23) [PhysX] Initialized MultithreadedTaskDispatcher with 8 workers.
 -> (artifact id: '25145d5b12184e70880d939fe0e67430') in 0.048027 seconds
Number of updated asset objects reloaded before import = 0
Number of asset objects unloaded after import = 112
========================================================================
Received Import Request.
  Time since last request: 0.000027 seconds.
  path: Assets/ECCreated/Scripts/ActionCircleRotate.cs
  artifactKey: Guid(261c82803a3a9844391129caa5a1c5ac) Importer(2089858483,0ecaa5967403d082aa24f35e1b516d23)
Start importing Assets/ECCreated/Scripts/ActionCircleRotate.cs using Guid(261c82803a3a9844391129caa5a1c5ac) Importer(2089858483,0ecaa5967403d082aa24f35e1b516d23) [PhysX] Initialized MultithreadedTaskDispatcher with 8 workers.
 -> (artifact id: '38086e09d08f9ad3e2239e5d1abf6ff2') in 0.015947 seconds
Number of updated asset objects reloaded before import = 0
Number of asset objects unloaded after import = 1
========================================================================
Received Import Request.
  Time since last request: 0.000027 seconds.
  path: Assets/UI pack/Icons/Heart.png
  artifactKey: Guid(54af60d343d3e3b458ad7e97dd60dd04) Importer(2089858483,0ecaa5967403d082aa24f35e1b516d23)
Start importing Assets/UI pack/Icons/Heart.png using Guid(54af60d343d3e3b458ad7e97dd60dd04) Importer(2089858483,0ecaa5967403d082aa24f35e1b516d23) [PhysX] Initialized MultithreadedTaskDispatcher with 8 workers.
 -> (artifact id: 'f25dae1ffaeacb2a29898cd4f12c72f9') in 0.026946 seconds
Number of updated asset objects reloaded before import = 0
Number of asset objects unloaded after import = 3
========================================================================
Received Import Request.
  Time since last request: 0.000017 seconds.
  path: Assets/ithappy/Animals_FREE/Animations/Animation_Controllers/Kitty.controller
  artifactKey: Guid(26ffea2fe0b9fd248b3386ea84c86d12) Importer(2089858483,0ecaa5967403d082aa24f35e1b516d23)
Start importing Assets/ithappy/Animals_FREE/Animations/Animation_Controllers/Kitty.controller using Guid(26ffea2fe0b9fd248b3386ea84c86d12) Importer(2089858483,0ecaa5967403d082aa24f35e1b516d23) [PhysX] Initialized MultithreadedTaskDispatcher with 8 workers.
 -> (artifact id: '8f9861af4118f95a78a42e589080cbd3') in 0.014153 seconds
Number of updated asset objects reloaded before import = 0
Number of asset objects unloaded after import = 8
========================================================================
Received Import Request.
  Time since last request: 0.000016 seconds.
  path: Assets/UI pack/Prefabs/Buttons/Button blue.prefab
  artifactKey: Guid(8eb62d6f64a2c0d418e8d612e6d1e79b) Importer(2089858483,0ecaa5967403d082aa24f35e1b516d23)
Start importing Assets/UI pack/Prefabs/Buttons/Button blue.prefab using Guid(8eb62d6f64a2c0d418e8d612e6d1e79b) Importer(2089858483,0ecaa5967403d082aa24f35e1b516d23) [PhysX] Initialized MultithreadedTaskDispatcher with 8 workers.
 -> (artifact id: '58dc480b39504c1b0bccf806131837fd') in 0.033026 seconds
Number of updated asset objects reloaded before import = 0
Number of asset objects unloaded after import = 14
========================================================================
Received Import Request.
  Time since last request: 0.000018 seconds.
  path: Assets/UI pack/Button/Red outline gradient.png
  artifactKey: Guid(d856e7dd0e8555f4fb29db6352b3a822) Importer(2089858483,0ecaa5967403d082aa24f35e1b516d23)
Start importing Assets/UI pack/Button/Red outline gradient.png using Guid(d856e7dd0e8555f4fb29db6352b3a822) Importer(2089858483,0ecaa5967403d082aa24f35e1b516d23) [PhysX] Initialized MultithreadedTaskDispatcher with 8 workers.
 -> (artifact id: '1b65e108e40987a292f4eba4f3c0c183') in 0.030364 seconds
Number of updated asset objects reloaded before import = 0
Number of asset objects unloaded after import = 3
========================================================================
Received Import Request.
  Time since last request: 0.000024 seconds.
  path: Assets/UI pack/Circles/Circle yellow.png
  artifactKey: Guid(dbbf60cd0fb781e43aaac34dd180e356) Importer(2089858483,0ecaa5967403d082aa24f35e1b516d23)
Start importing Assets/UI pack/Circles/Circle yellow.png using Guid(dbbf60cd0fb781e43aaac34dd180e356) Importer(2089858483,0ecaa5967403d082aa24f35e1b516d23) [PhysX] Initialized MultithreadedTaskDispatcher with 8 workers.
 -> (artifact id: '4f10ec641cd5adbddf204f07b9ff250e') in 0.027116 seconds
Number of updated asset objects reloaded before import = 0
Number of asset objects unloaded after import = 3
========================================================================
Received Import Request.
  Time since last request: 0.000017 seconds.
  path: Assets/ithappy/Animals_FREE/Render_Pipeline_Convert/Documentation.txt
  artifactKey: Guid(9d2a8f9b61cdca2479dacb5ef05eb28d) Importer(2089858483,0ecaa5967403d082aa24f35e1b516d23)
Start importing Assets/ithappy/Animals_FREE/Render_Pipeline_Convert/Documentation.txt using Guid(9d2a8f9b61cdca2479dacb5ef05eb28d) Importer(2089858483,0ecaa5967403d082aa24f35e1b516d23) [PhysX] Initialized MultithreadedTaskDispatcher with 8 workers.
 -> (artifact id: '1a304ee5ecd25aac282d4dd0967a1fc2') in 0.013897 seconds
Number of updated asset objects reloaded before import = 0
Number of asset objects unloaded after import = 1
========================================================================
Received Import Request.
  Time since last request: 0.000018 seconds.
  path: Assets/ithappy/Animals_FREE/Materials/Floor.mat
  artifactKey: Guid(a42d0a41996709f4481bb3916527363e) Importer(2089858483,0ecaa5967403d082aa24f35e1b516d23)
Start importing Assets/ithappy/Animals_FREE/Materials/Floor.mat using Guid(a42d0a41996709f4481bb3916527363e) Importer(2089858483,0ecaa5967403d082aa24f35e1b516d23) [PhysX] Initialized MultithreadedTaskDispatcher with 8 workers.
 -> (artifact id: '286f7a3b9746b571044fb779c3f6228b') in 0.015553 seconds
Number of updated asset objects reloaded before import = 0
Number of asset objects unloaded after import = 1
========================================================================
Received Import Request.
  Time since last request: 0.000017 seconds.
  path: Assets/UI pack/Prefabs/Bars/Health bar.prefab
  artifactKey: Guid(dc06b439cbbc6b0409964c1fa7e9a12a) Importer(2089858483,0ecaa5967403d082aa24f35e1b516d23)
Start importing Assets/UI pack/Prefabs/Bars/Health bar.prefab using Guid(dc06b439cbbc6b0409964c1fa7e9a12a) Importer(2089858483,0ecaa5967403d082aa24f35e1b516d23) [PhysX] Initialized MultithreadedTaskDispatcher with 8 workers.
 -> (artifact id: 'd6d038e323bc53f4d758b39476e96f86') in 0.023179 seconds
Number of updated asset objects reloaded before import = 0
Number of asset objects unloaded after import = 16
========================================================================
Received Import Request.
  Time since last request: 0.000023 seconds.
  path: Assets/ithappy/Animals_FREE/Animations/Other_Animations/Tiger_001_idle.anim
  artifactKey: Guid(ba2ada3a8c3d8c24aa892e241da34421) Importer(2089858483,0ecaa5967403d082aa24f35e1b516d23)
Start importing Assets/ithappy/Animals_FREE/Animations/Other_Animations/Tiger_001_idle.anim using Guid(ba2ada3a8c3d8c24aa892e241da34421) Importer(2089858483,0ecaa5967403d082aa24f35e1b516d23) [PhysX] Initialized MultithreadedTaskDispatcher with 8 workers.
 -> (artifact id: '89515b7414f85618967fa51c05d50a8d') in 0.016113 seconds
Number of updated asset objects reloaded before import = 0
Number of asset objects unloaded after import = 1
========================================================================
Received Import Request.
  Time since last request: 0.000017 seconds.
  path: Assets/UI pack/Fonts/ProductSans-Regular.ttf
  artifactKey: Guid(a4f32b2c8e673a441a4a26270fe53e05) Importer(2089858483,0ecaa5967403d082aa24f35e1b516d23)
Start importing Assets/UI pack/Fonts/ProductSans-Regular.ttf using Guid(a4f32b2c8e673a441a4a26270fe53e05) Importer(2089858483,0ecaa5967403d082aa24f35e1b516d23) [PhysX] Initialized MultithreadedTaskDispatcher with 8 workers.
 -> (artifact id: '08836ad13c24dd317f95060d1631d7ba') in 0.023131 seconds
Number of updated asset objects reloaded before import = 0
Number of asset objects unloaded after import = 3
========================================================================
Received Import Request.
  Time since last request: 0.000016 seconds.
  path: Assets/ithappy/Animals_FREE/Prefabs/Tiger_001.prefab
  artifactKey: Guid(8741cd6c8b9fc3947999191d0c381f50) Importer(2089858483,0ecaa5967403d082aa24f35e1b516d23)
Start importing Assets/ithappy/Animals_FREE/Prefabs/Tiger_001.prefab using Guid(8741cd6c8b9fc3947999191d0c381f50) Importer(2089858483,0ecaa5967403d082aa24f35e1b516d23) [PhysX] Initialized MultithreadedTaskDispatcher with 8 workers.
 -> (artifact id: '7a33cede2c9183ba3160a6d809793afd') in 0.028032 seconds
Number of updated asset objects reloaded before import = 0
Number of asset objects unloaded after import = 88
========================================================================
Received Import Request.
  Time since last request: 0.000018 seconds.
  path: Assets/ithappy/Animals_FREE/Scripts/CreatureMover.cs
  artifactKey: Guid(be2f4aa750c530144bd7219a00354c98) Importer(2089858483,0ecaa5967403d082aa24f35e1b516d23)
Start importing Assets/ithappy/Animals_FREE/Scripts/CreatureMover.cs using Guid(be2f4aa750c530144bd7219a00354c98) Importer(2089858483,0ecaa5967403d082aa24f35e1b516d23) [PhysX] Initialized MultithreadedTaskDispatcher with 8 workers.
 -> (artifact id: '4b3f42a4dbdf3a1220ff009d51a78a0c') in 0.013036 seconds
Number of updated asset objects reloaded before import = 0
Number of asset objects unloaded after import = 1
========================================================================
Received Import Request.
  Time since last request: 0.000020 seconds.
  path: Assets/ithappy/Animals_FREE/Animations/Animation_Controllers/Chicken.controller
  artifactKey: Guid(d3c916fcb64df574eb92c833ed359775) Importer(2089858483,0ecaa5967403d082aa24f35e1b516d23)
Start importing Assets/ithappy/Animals_FREE/Animations/Animation_Controllers/Chicken.controller using Guid(d3c916fcb64df574eb92c833ed359775) Importer(2089858483,0ecaa5967403d082aa24f35e1b516d23) [PhysX] Initialized MultithreadedTaskDispatcher with 8 workers.
 -> (artifact id: 'd29cd1fb4a030483c60f75150f0a6e41') in 0.019578 seconds
Number of updated asset objects reloaded before import = 0
Number of asset objects unloaded after import = 8
========================================================================
Received Import Request.
  Time since last request: 0.000015 seconds.
  path: Assets/ithappy/Animals_FREE/Prefabs/Chicken_001.prefab
  artifactKey: Guid(6b0b0b098177a3b439c80991ec9deacc) Importer(2089858483,0ecaa5967403d082aa24f35e1b516d23)
Start importing Assets/ithappy/Animals_FREE/Prefabs/Chicken_001.prefab using Guid(6b0b0b098177a3b439c80991ec9deacc) Importer(2089858483,0ecaa5967403d082aa24f35e1b516d23) [PhysX] Initialized MultithreadedTaskDispatcher with 8 workers.
 -> (artifact id: 'bab59fee56bbb03371c7c9cf4dee441d') in 0.034737 seconds
Number of updated asset objects reloaded before import = 0
Number of asset objects unloaded after import = 86
========================================================================
Received Import Request.
  Time since last request: 0.000044 seconds.
  path: Assets/ithappy/Animals_FREE/Animations/Other_Animations/Horse_001_run.anim
  artifactKey: Guid(b171e245a00eb384980c9a8aaafb259b) Importer(2089858483,0ecaa5967403d082aa24f35e1b516d23)
Start importing Assets/ithappy/Animals_FREE/Animations/Other_Animations/Horse_001_run.anim using Guid(b171e245a00eb384980c9a8aaafb259b) Importer(2089858483,0ecaa5967403d082aa24f35e1b516d23) [PhysX] Initialized MultithreadedTaskDispatcher with 8 workers.
 -> (artifact id: 'a5e8edd7df96b2fd75695dbd87b1fe92') in 0.019836 seconds
Number of updated asset objects reloaded before import = 0
Number of asset objects unloaded after import = 1
========================================================================
Received Import Request.
  Time since last request: 0.000022 seconds.
  path: Assets/ithappy/Animals_FREE/Animations/Other_Animations/Deer_001_walk.anim
  artifactKey: Guid(3264f521eed7f824f8d725deb24b4418) Importer(2089858483,0ecaa5967403d082aa24f35e1b516d23)
Start importing Assets/ithappy/Animals_FREE/Animations/Other_Animations/Deer_001_walk.anim using Guid(3264f521eed7f824f8d725deb24b4418) Importer(2089858483,0ecaa5967403d082aa24f35e1b516d23) [PhysX] Initialized MultithreadedTaskDispatcher with 8 workers.
 -> (artifact id: '46d2b1c526d26bcf77c59716cced83d0') in 0.020671 seconds
Number of updated asset objects reloaded before import = 0
Number of asset objects unloaded after import = 1
========================================================================
Received Import Request.
  Time since last request: 0.000016 seconds.
  path: Assets/Models/Willow1.fbx
  artifactKey: Guid(831db0bdacddfd54aa66d2b64080b84e) Importer(2089858483,0ecaa5967403d082aa24f35e1b516d23)
Start importing Assets/Models/Willow1.fbx using Guid(831db0bdacddfd54aa66d2b64080b84e) Importer(2089858483,0ecaa5967403d082aa24f35e1b516d23) [PhysX] Initialized MultithreadedTaskDispatcher with 8 workers.
 -> (artifact id: 'ac1c4ccb238e9ea76481aeaff2426267') in 0.031022 seconds
Number of updated asset objects reloaded before import = 0
Number of asset objects unloaded after import = 9
========================================================================
Received Import Request.
  Time since last request: 0.000022 seconds.
  path: Assets/UI pack/Prefabs/Buttons/Sign in button .prefab
  artifactKey: Guid(c500d241383cb7b409797d64f444e354) Importer(2089858483,0ecaa5967403d082aa24f35e1b516d23)
Start importing Assets/UI pack/Prefabs/Buttons/Sign in button .prefab using Guid(c500d241383cb7b409797d64f444e354) Importer(2089858483,0ecaa5967403d082aa24f35e1b516d23) [PhysX] Initialized MultithreadedTaskDispatcher with 8 workers.
 -> (artifact id: '3fa960ca2d0a093f0c7d8c6417a6bf1c') in 0.035653 seconds
Number of updated asset objects reloaded before import = 0
Number of asset objects unloaded after import = 14
========================================================================
Received Import Request.
  Time since last request: 0.000018 seconds.
  path: Assets/ithappy/Animals_FREE/Scripts/MovePlayerInput.cs
  artifactKey: Guid(b2c67ce836140b4479603ebcf944cddd) Importer(2089858483,0ecaa5967403d082aa24f35e1b516d23)
Start importing Assets/ithappy/Animals_FREE/Scripts/MovePlayerInput.cs using Guid(b2c67ce836140b4479603ebcf944cddd) Importer(2089858483,0ecaa5967403d082aa24f35e1b516d23) [PhysX] Initialized MultithreadedTaskDispatcher with 8 workers.
 -> (artifact id: 'd284af5c33fa0d64414ed1e89eabf9f3') in 0.015993 seconds
Number of updated asset objects reloaded before import = 0
Number of asset objects unloaded after import = 1
========================================================================
Received Import Request.
  Time since last request: 0.000025 seconds.
  path: Assets/Models/Oak1.fbx
  artifactKey: Guid(d2a49f278c81ec2468d1895974c354e0) Importer(2089858483,0ecaa5967403d082aa24f35e1b516d23)
Start importing Assets/Models/Oak1.fbx using Guid(d2a49f278c81ec2468d1895974c354e0) Importer(2089858483,0ecaa5967403d082aa24f35e1b516d23) [PhysX] Initialized MultithreadedTaskDispatcher with 8 workers.
 -> (artifact id: '71cc7a349575a3772dc07aaa12295e86') in 0.034053 seconds
Number of updated asset objects reloaded before import = 0
Number of asset objects unloaded after import = 9
========================================================================
Received Import Request.
  Time since last request: 0.000017 seconds.
  path: Assets/ithappy/Animals_FREE/Animations/Animation_Controllers/Pinguin.controller
  artifactKey: Guid(be5a7892afce29a438c8214b00153288) Importer(2089858483,0ecaa5967403d082aa24f35e1b516d23)
Start importing Assets/ithappy/Animals_FREE/Animations/Animation_Controllers/Pinguin.controller using Guid(be5a7892afce29a438c8214b00153288) Importer(2089858483,0ecaa5967403d082aa24f35e1b516d23) [PhysX] Initialized MultithreadedTaskDispatcher with 8 workers.
 -> (artifact id: '787811cb205065887f8e25d5d1400281') in 0.014649 seconds
Number of updated asset objects reloaded before import = 0
Number of asset objects unloaded after import = 8
========================================================================
Received Import Request.
  Time since last request: 0.000021 seconds.
  path: Assets/Models/TreeStump2.fbx
  artifactKey: Guid(fcf7acbb67c34f6488743c918637777f) Importer(2089858483,0ecaa5967403d082aa24f35e1b516d23)
Start importing Assets/Models/TreeStump2.fbx using Guid(fcf7acbb67c34f6488743c918637777f) Importer(2089858483,0ecaa5967403d082aa24f35e1b516d23) [PhysX] Initialized MultithreadedTaskDispatcher with 8 workers.
 -> (artifact id: 'e6781de573ebbe7961db9ffe8016c6c0') in 0.030019 seconds
Number of updated asset objects reloaded before import = 0
Number of asset objects unloaded after import = 8
========================================================================
Received Import Request.
  Time since last request: 0.000016 seconds.
  path: Assets/UI pack/Icons/bolt.png
  artifactKey: Guid(bfd7f2d02bcb369458540a3a6e2cea7f) Importer(2089858483,0ecaa5967403d082aa24f35e1b516d23)
Start importing Assets/UI pack/Icons/bolt.png using Guid(bfd7f2d02bcb369458540a3a6e2cea7f) Importer(2089858483,0ecaa5967403d082aa24f35e1b516d23) [PhysX] Initialized MultithreadedTaskDispatcher with 8 workers.
 -> (artifact id: '0d28765edbbf87e0ffc80444d2a75b2a') in 0.029809 seconds
Number of updated asset objects reloaded before import = 0
Number of asset objects unloaded after import = 3
========================================================================
Received Import Request.
  Time since last request: 0.000095 seconds.
  path: Assets/ithappy/Animals_FREE/Animations/Animation_Controllers/Dog.controller
  artifactKey: Guid(7d9cb4d741528094fbd01808d0f03eb0) Importer(2089858483,0ecaa5967403d082aa24f35e1b516d23)
Start importing Assets/ithappy/Animals_FREE/Animations/Animation_Controllers/Dog.controller using Guid(7d9cb4d741528094fbd01808d0f03eb0) Importer(2089858483,0ecaa5967403d082aa24f35e1b516d23) [PhysX] Initialized MultithreadedTaskDispatcher with 8 workers.
 -> (artifact id: '227d0b12beb01a2b136397bc868d3924') in 0.017419 seconds
Number of updated asset objects reloaded before import = 0
Number of asset objects unloaded after import = 8
========================================================================
Received Import Request.
  Time since last request: 0.000035 seconds.
  path: Assets/UI pack/Circles/Circle green.png
  artifactKey: Guid(07d868e0fd2a23942bd04c6dffb76ed7) Importer(2089858483,0ecaa5967403d082aa24f35e1b516d23)
Start importing Assets/UI pack/Circles/Circle green.png using Guid(07d868e0fd2a23942bd04c6dffb76ed7) Importer(2089858483,0ecaa5967403d082aa24f35e1b516d23) [PhysX] Initialized MultithreadedTaskDispatcher with 8 workers.
 -> (artifact id: 'f42aaf180ef067e2193cb8e9ae569572') in 0.028246 seconds
Number of updated asset objects reloaded before import = 0
Number of asset objects unloaded after import = 3
========================================================================
Received Import Request.
  Time since last request: 0.000029 seconds.
  path: Assets/ithappy/Animals_FREE/Meshes/Chicken_001.fbx
  artifactKey: Guid(605d0caffe3b2fe489bc37e772cb7496) Importer(2089858483,0ecaa5967403d082aa24f35e1b516d23)
Start importing Assets/ithappy/Animals_FREE/Meshes/Chicken_001.fbx using Guid(605d0caffe3b2fe489bc37e772cb7496) Importer(2089858483,0ecaa5967403d082aa24f35e1b516d23) [PhysX] Initialized MultithreadedTaskDispatcher with 8 workers.
 -> (artifact id: '2e2c9f5c7c89baa591322705f5d9808a') in 0.040712 seconds
Number of updated asset objects reloaded before import = 0
Number of asset objects unloaded after import = 77
========================================================================
Received Import Request.
  Time since last request: 0.000020 seconds.
  path: Assets/ithappy/Animals_FREE/Scripts/ThirdPersonCamera.cs
  artifactKey: Guid(b7f4329458cdb464796191393167d4f9) Importer(2089858483,0ecaa5967403d082aa24f35e1b516d23)
Start importing Assets/ithappy/Animals_FREE/Scripts/ThirdPersonCamera.cs using Guid(b7f4329458cdb464796191393167d4f9) Importer(2089858483,0ecaa5967403d082aa24f35e1b516d23) [PhysX] Initialized MultithreadedTaskDispatcher with 8 workers.
 -> (artifact id: '13f1de3e13a73f8b77de7101f6c1638d') in 0.013870 seconds
Number of updated asset objects reloaded before import = 0
Number of asset objects unloaded after import = 1
========================================================================
Received Import Request.
  Time since last request: 0.000044 seconds.
  path: Assets/Models/FirTree3.fbx
  artifactKey: Guid(51d6cf6807c8816469b994c65df2858d) Importer(2089858483,0ecaa5967403d082aa24f35e1b516d23)
Start importing Assets/Models/FirTree3.fbx using Guid(51d6cf6807c8816469b994c65df2858d) Importer(2089858483,0ecaa5967403d082aa24f35e1b516d23) [PhysX] Initialized MultithreadedTaskDispatcher with 8 workers.
 -> (artifact id: '1c40576db1483ead3739a5e9cf9a90ed') in 0.034019 seconds
Number of updated asset objects reloaded before import = 0
Number of asset objects unloaded after import = 9
========================================================================
Received Import Request.
  Time since last request: 0.000015 seconds.
  path: Assets/UI pack/Prefabs/Bars/HealthBar.prefab
  artifactKey: Guid(17cbc357bf20de74485f5f5d54b77b72) Importer(2089858483,0ecaa5967403d082aa24f35e1b516d23)
Start importing Assets/UI pack/Prefabs/Bars/HealthBar.prefab using Guid(17cbc357bf20de74485f5f5d54b77b72) Importer(2089858483,0ecaa5967403d082aa24f35e1b516d23) [PhysX] Initialized MultithreadedTaskDispatcher with 8 workers.
 -> (artifact id: '56393c7f4a90970f8c52442e23c4659d') in 0.021738 seconds
Number of updated asset objects reloaded before import = 0
Number of asset objects unloaded after import = 23
========================================================================
Received Import Request.
  Time since last request: 0.000049 seconds.
  path: Assets/UI pack/Icons/Bolt colored.png
  artifactKey: Guid(25887e1e767bc774e9a24997a9343056) Importer(2089858483,0ecaa5967403d082aa24f35e1b516d23)
Start importing Assets/UI pack/Icons/Bolt colored.png using Guid(25887e1e767bc774e9a24997a9343056) Importer(2089858483,0ecaa5967403d082aa24f35e1b516d23) [PhysX] Initialized MultithreadedTaskDispatcher with 8 workers.
 -> (artifact id: '0eea5a16f092e815b0433ea03baa2986') in 0.025430 seconds
Number of updated asset objects reloaded before import = 0
Number of asset objects unloaded after import = 3
========================================================================
Received Import Request.
  Time since last request: 0.000060 seconds.
  path: Assets/Models/Oak2.fbx
  artifactKey: Guid(344cadc4afc946843891108ad4f04c34) Importer(2089858483,0ecaa5967403d082aa24f35e1b516d23)
Start importing Assets/Models/Oak2.fbx using Guid(344cadc4afc946843891108ad4f04c34) Importer(2089858483,0ecaa5967403d082aa24f35e1b516d23) [PhysX] Initialized MultithreadedTaskDispatcher with 8 workers.
 -> (artifact id: 'db6ec12c59c0d7da1a21ceb8a4fc590e') in 0.033838 seconds
Number of updated asset objects reloaded before import = 0
Number of asset objects unloaded after import = 9
========================================================================
Received Import Request.
  Time since last request: 0.000018 seconds.
  path: Assets/UI pack/Icons/Healthbar.png
  artifactKey: Guid(1b289ca454f3cdf4ca785ab70305a4ad) Importer(2089858483,0ecaa5967403d082aa24f35e1b516d23)
Start importing Assets/UI pack/Icons/Healthbar.png using Guid(1b289ca454f3cdf4ca785ab70305a4ad) Importer(2089858483,0ecaa5967403d082aa24f35e1b516d23) [PhysX] Initialized MultithreadedTaskDispatcher with 8 workers.
 -> (artifact id: '1b81db8cfffc228d7f389a0aae300483') in 0.028890 seconds
Number of updated asset objects reloaded before import = 0
Number of asset objects unloaded after import = 3
========================================================================
Received Import Request.
  Time since last request: 0.000049 seconds.
  path: Assets/ithappy/Animals_FREE/Animations/Other_Animations/Deer_001_run.anim
  artifactKey: Guid(8b9eba2a00730af449116fe786dba1da) Importer(2089858483,0ecaa5967403d082aa24f35e1b516d23)
Start importing Assets/ithappy/Animals_FREE/Animations/Other_Animations/Deer_001_run.anim using Guid(8b9eba2a00730af449116fe786dba1da) Importer(2089858483,0ecaa5967403d082aa24f35e1b516d23) [PhysX] Initialized MultithreadedTaskDispatcher with 8 workers.
 -> (artifact id: '5a62ca6969c5a7b36102f96404072d8b') in 0.022463 seconds
Number of updated asset objects reloaded before import = 0
Number of asset objects unloaded after import = 1
========================================================================
Received Import Request.
  Time since last request: 0.000017 seconds.
  path: Assets/Models/ForestRockCluster2.fbx
  artifactKey: Guid(eae29c03b200d124d8600a3484e42080) Importer(2089858483,0ecaa5967403d082aa24f35e1b516d23)
Start importing Assets/Models/ForestRockCluster2.fbx using Guid(eae29c03b200d124d8600a3484e42080) Importer(2089858483,0ecaa5967403d082aa24f35e1b516d23) [PhysX] Initialized MultithreadedTaskDispatcher with 8 workers.
 -> (artifact id: '5fa470102a50ea34961a5edbd5b63728') in 0.036488 seconds
Number of updated asset objects reloaded before import = 0
Number of asset objects unloaded after import = 8
========================================================================
Received Import Request.
  Time since last request: 0.000016 seconds.
  path: Assets/ithappy/Animals_FREE/Animations/Other_Animations/Dog_001_idle.anim
  artifactKey: Guid(c1e4f76f0a6ea584ca22848776bcc90b) Importer(2089858483,0ecaa5967403d082aa24f35e1b516d23)
Start importing Assets/ithappy/Animals_FREE/Animations/Other_Animations/Dog_001_idle.anim using Guid(c1e4f76f0a6ea584ca22848776bcc90b) Importer(2089858483,0ecaa5967403d082aa24f35e1b516d23) [PhysX] Initialized MultithreadedTaskDispatcher with 8 workers.
 -> (artifact id: '1bdc566fb9ffade55234bfec70465600') in 0.021754 seconds
Number of updated asset objects reloaded before import = 0
Number of asset objects unloaded after import = 1
========================================================================
Received Import Request.
  Time since last request: 0.000027 seconds.
  path: Assets/ithappy/Animals_FREE/Skyboxes/Skybox_5.mat
  artifactKey: Guid(6a9a29d807a43624b8d8758de7c530d6) Importer(2089858483,0ecaa5967403d082aa24f35e1b516d23)
Start importing Assets/ithappy/Animals_FREE/Skyboxes/Skybox_5.mat using Guid(6a9a29d807a43624b8d8758de7c530d6) Importer(2089858483,0ecaa5967403d082aa24f35e1b516d23) [PhysX] Initialized MultithreadedTaskDispatcher with 8 workers.
 -> (artifact id: 'b22762421da8e45d26443e10e4b35e31') in 0.056993 seconds
Number of updated asset objects reloaded before import = 0
Number of asset objects unloaded after import = 2
========================================================================
Received Import Request.
  Time since last request: 0.000020 seconds.
  path: Assets/Models/TreeStump.fbx
  artifactKey: Guid(a4700ab5d4dbcf748b786526bac026f3) Importer(2089858483,0ecaa5967403d082aa24f35e1b516d23)
Start importing Assets/Models/TreeStump.fbx using Guid(a4700ab5d4dbcf748b786526bac026f3) Importer(2089858483,0ecaa5967403d082aa24f35e1b516d23) [PhysX] Initialized MultithreadedTaskDispatcher with 8 workers.
 -> (artifact id: '5a98ae290b7185685894beb9dbb760c3') in 0.035265 seconds
Number of updated asset objects reloaded before import = 0
Number of asset objects unloaded after import = 11
========================================================================
Received Import Request.
  Time since last request: 0.000017 seconds.
  path: Assets/ECCreated/Materials/CustomColours.mat
  artifactKey: Guid(2ce7121641fec374bbf30640f5d1379f) Importer(2089858483,0ecaa5967403d082aa24f35e1b516d23)
Start importing Assets/ECCreated/Materials/CustomColours.mat using Guid(2ce7121641fec374bbf30640f5d1379f) Importer(2089858483,0ecaa5967403d082aa24f35e1b516d23) [PhysX] Initialized MultithreadedTaskDispatcher with 8 workers.
 -> (artifact id: 'd9c1e2af323b911b414ae3d3d419578a') in 0.019417 seconds
Number of updated asset objects reloaded before import = 0
Number of asset objects unloaded after import = 1
========================================================================
Received Import Request.
  Time since last request: 0.000016 seconds.
  path: Assets/ithappy/Animals_FREE/Animations/Other_Animations/Kitty_001_idle.anim
  artifactKey: Guid(4259311c63912fb4582a634f07a41769) Importer(2089858483,0ecaa5967403d082aa24f35e1b516d23)
Start importing Assets/ithappy/Animals_FREE/Animations/Other_Animations/Kitty_001_idle.anim using Guid(4259311c63912fb4582a634f07a41769) Importer(2089858483,0ecaa5967403d082aa24f35e1b516d23) [PhysX] Initialized MultithreadedTaskDispatcher with 8 workers.
 -> (artifact id: '5b321c5eca6bb3a05e52acebc7952b93') in 0.019625 seconds
Number of updated asset objects reloaded before import = 0
Number of asset objects unloaded after import = 1
========================================================================
Received Import Request.
  Time since last request: 0.000021 seconds.
  path: Assets/ithappy/Animals_FREE/Animations/Animation_Controllers/Tiger.controller
  artifactKey: Guid(2a9f6ed7e1a7d62488f3aef53523abe7) Importer(2089858483,0ecaa5967403d082aa24f35e1b516d23)
Start importing Assets/ithappy/Animals_FREE/Animations/Animation_Controllers/Tiger.controller using Guid(2a9f6ed7e1a7d62488f3aef53523abe7) Importer(2089858483,0ecaa5967403d082aa24f35e1b516d23) [PhysX] Initialized MultithreadedTaskDispatcher with 8 workers.
 -> (artifact id: 'ac65cde008a9136227078bec5d4e068a') in 0.016790 seconds
Number of updated asset objects reloaded before import = 0
Number of asset objects unloaded after import = 8
========================================================================
Received Import Request.
  Time since last request: 0.000025 seconds.
  path: Assets/ithappy/Animals_FREE/Meshes/Horse_001.fbx
  artifactKey: Guid(33246b64c1371e444b73335f655fc158) Importer(2089858483,0ecaa5967403d082aa24f35e1b516d23)
Start importing Assets/ithappy/Animals_FREE/Meshes/Horse_001.fbx using Guid(33246b64c1371e444b73335f655fc158) Importer(2089858483,0ecaa5967403d082aa24f35e1b516d23) [PhysX] Initialized MultithreadedTaskDispatcher with 8 workers.
 -> (artifact id: '2d98af2882c814b05f6eecf9e5999f41') in 0.043221 seconds
Number of updated asset objects reloaded before import = 0
Number of asset objects unloaded after import = 104
========================================================================
Received Import Request.
  Time since last request: 0.000016 seconds.
  path: Assets/ithappy/Animals_FREE/Meshes/Deer_001.fbx
  artifactKey: Guid(f612768321ebc364fa742fa8bbfadb5e) Importer(2089858483,0ecaa5967403d082aa24f35e1b516d23)
Start importing Assets/ithappy/Animals_FREE/Meshes/Deer_001.fbx using Guid(f612768321ebc364fa742fa8bbfadb5e) Importer(2089858483,0ecaa5967403d082aa24f35e1b516d23) [PhysX] Initialized MultithreadedTaskDispatcher with 8 workers.
 -> (artifact id: '6f5bbf8565175cae871ad9c7f5e80d8d') in 0.053544 seconds
Number of updated asset objects reloaded before import = 0
Number of asset objects unloaded after import = 79
========================================================================
Received Prepare
Caller must complete domain reload
Begin MonoManager ReloadAssembly
- Loaded All Assemblies, in  0.507 seconds
Native extension for WindowsStandalone target not found
Mono: successfully reloaded assembly
- Finished resetting the current domain, in  1.060 seconds
Domain Reload Profiling: 1567ms
	BeginReloadAssembly (179ms)
		ExecutionOrderSort (0ms)
		DisableScriptedObjects (7ms)
		BackupInstance (0ms)
		ReleaseScriptingObjects (0ms)
		CreateAndSetChildDomain (38ms)
	RebuildCommonClasses (33ms)
	RebuildNativeTypeToScriptingClass (11ms)
	initialDomainReloadingComplete (30ms)
	LoadAllAssembliesAndSetupDomain (253ms)
		LoadAssemblies (340ms)
		RebuildTransferFunctionScriptingTraits (0ms)
		AnalyzeDomain (17ms)
			TypeCache.Refresh (9ms)
				TypeCache.ScanAssembly (0ms)
			ScanForSourceGeneratedMonoScriptInfo (0ms)
			ResolveRequiredComponents (7ms)
	FinalizeReload (1061ms)
		ReleaseScriptCaches (0ms)
		RebuildScriptCaches (0ms)
		SetupLoadedEditorAssemblies (565ms)
			LogAssemblyErrors (0ms)
			InitializePlatformSupportModulesInManaged (5ms)
			SetLoadedEditorAssemblies (6ms)
			RefreshPlugins (0ms)
			BeforeProcessingInitializeOnLoad (92ms)
			ProcessInitializeOnLoadAttributes (435ms)
			ProcessInitializeOnLoadMethodAttributes (24ms)
			AfterProcessingInitializeOnLoad (2ms)
			EditorAssembliesLoaded (0ms)
		ExecutionOrderSort2 (0ms)
		AwakeInstancesAfterBackupRestoration (6ms)
Refreshing native plugins compatible for Editor in 3.60 ms, found 3 plugins.
Preloading 0 native plugins for Editor in 0.00 ms.
Unloading 3540 Unused Serialized files (Serialized files now loaded: 0)
Unloading 15 unused Assets / (54.1 KB). Loaded Objects now: 4021.
Memory consumption went from 126.9 MB to 126.8 MB.
Total: 4.589300 ms (FindLiveObjects: 1.465500 ms CreateObjectMapping: 0.581400 ms MarkObjects: 2.471100 ms  DeleteObjects: 0.069800 ms)

Prepare: number of updated asset objects reloaded= 0
AssetImportParameters requested are different than current active one (requested -> active):
  custom:container-demuxer-ogg: 62fdf1f143b41e24485cea50d1cbac27 -> 
  custom:video-decoder-ogg-theora: a1e56fd34408186e4bbccfd4996cb3dc -> 
  custom:framework-win-MediaFoundation: 216162199b28c13a410421893ffa2e32 -> 
  custom:CustomObjectIndexerAttribute: 9a22284fe3817be447336de3de66b15e -> 
  custom:container-demuxer-webm: 4f35f7cbe854078d1ac9338744f61a02 -> 
  custom:container-muxer-webm: aa71ff27fc2769a1b78a27578f13a17b -> 
  custom:video-decoder-webm-vp8: 9c59270c3fd7afecdb556c50c9e8de78 -> 
  custom:SearchIndexIgnoredProperties: e643bd26f0fe6173181afceb89e7c659 -> 
  custom:AudioImporter_EditorPlatform: d09bf68614088b80899f8185d706f6e7 -> 
  custom:video-encoder-webm-vp8: eb34c28f22e8b96e1ab97ce403110664 -> 
  custom:audio-decoder-ogg-vorbis: bf7c407c2cedff20999df2af8eb42d56 -> 
  custom:audio-encoder-webm-vorbis: bf7c407c2cedff20999df2af8eb42d56 -> 
========================================================================
Received Import Request.
  Time since last request: 65.860975 seconds.
  path: Assets/ECCreated/Scripts/ActionCircleRotate.cs
  artifactKey: Guid(261c82803a3a9844391129caa5a1c5ac) Importer(815301076,1909f56bfc062723c751e8b465ee728b)
Start importing Assets/ECCreated/Scripts/ActionCircleRotate.cs using Guid(261c82803a3a9844391129caa5a1c5ac) Importer(815301076,1909f56bfc062723c751e8b465ee728b) [PhysX] Initialized MultithreadedTaskDispatcher with 8 workers.
 -> (artifact id: '7581973255b5901266e071529e364f56') in 0.001459 seconds
Number of updated asset objects reloaded before import = 0
Number of asset objects unloaded after import = 0
========================================================================
Received Prepare
Caller must complete domain reload
Begin MonoManager ReloadAssembly
- Loaded All Assemblies, in  0.525 seconds
Native extension for WindowsStandalone target not found
Mono: successfully reloaded assembly
- Finished resetting the current domain, in  1.041 seconds
Domain Reload Profiling: 1566ms
	BeginReloadAssembly (180ms)
		ExecutionOrderSort (0ms)
		DisableScriptedObjects (6ms)
		BackupInstance (0ms)
		ReleaseScriptingObjects (0ms)
		CreateAndSetChildDomain (31ms)
	RebuildCommonClasses (35ms)
	RebuildNativeTypeToScriptingClass (12ms)
	initialDomainReloadingComplete (27ms)
	LoadAllAssembliesAndSetupDomain (270ms)
		LoadAssemblies (351ms)
		RebuildTransferFunctionScriptingTraits (0ms)
		AnalyzeDomain (33ms)
			TypeCache.Refresh (13ms)
				TypeCache.ScanAssembly (0ms)
			ScanForSourceGeneratedMonoScriptInfo (13ms)
			ResolveRequiredComponents (6ms)
	FinalizeReload (1041ms)
		ReleaseScriptCaches (0ms)
		RebuildScriptCaches (0ms)
		SetupLoadedEditorAssemblies (556ms)
			LogAssemblyErrors (0ms)
			InitializePlatformSupportModulesInManaged (5ms)
			SetLoadedEditorAssemblies (8ms)
			RefreshPlugins (0ms)
			BeforeProcessingInitializeOnLoad (94ms)
			ProcessInitializeOnLoadAttributes (423ms)
			ProcessInitializeOnLoadMethodAttributes (22ms)
			AfterProcessingInitializeOnLoad (3ms)
			EditorAssembliesLoaded (0ms)
		ExecutionOrderSort2 (0ms)
		AwakeInstancesAfterBackupRestoration (6ms)
Refreshing native plugins compatible for Editor in 2.68 ms, found 3 plugins.
Preloading 0 native plugins for Editor in 0.00 ms.
Unloading 3540 Unused Serialized files (Serialized files now loaded: 0)
Unloading 14 unused Assets / (28.5 KB). Loaded Objects now: 4024.
Memory consumption went from 126.9 MB to 126.8 MB.
Total: 2.796500 ms (FindLiveObjects: 0.275300 ms CreateObjectMapping: 0.176100 ms MarkObjects: 2.304900 ms  DeleteObjects: 0.039400 ms)

Prepare: number of updated asset objects reloaded= 0
AssetImportParameters requested are different than current active one (requested -> active):
  custom:container-demuxer-ogg: 62fdf1f143b41e24485cea50d1cbac27 -> 
  custom:video-decoder-ogg-theora: a1e56fd34408186e4bbccfd4996cb3dc -> 
  custom:framework-win-MediaFoundation: 216162199b28c13a410421893ffa2e32 -> 
  custom:CustomObjectIndexerAttribute: 9a22284fe3817be447336de3de66b15e -> 
  custom:container-demuxer-webm: 4f35f7cbe854078d1ac9338744f61a02 -> 
  custom:container-muxer-webm: aa71ff27fc2769a1b78a27578f13a17b -> 
  custom:video-decoder-webm-vp8: 9c59270c3fd7afecdb556c50c9e8de78 -> 
  custom:SearchIndexIgnoredProperties: e643bd26f0fe6173181afceb89e7c659 -> 
  custom:AudioImporter_EditorPlatform: d09bf68614088b80899f8185d706f6e7 -> 
  custom:video-encoder-webm-vp8: eb34c28f22e8b96e1ab97ce403110664 -> 
  custom:audio-decoder-ogg-vorbis: bf7c407c2cedff20999df2af8eb42d56 -> 
  custom:audio-encoder-webm-vorbis: bf7c407c2cedff20999df2af8eb42d56 -> 
========================================================================
Received Prepare
Caller must complete domain reload
Begin MonoManager ReloadAssembly
- Loaded All Assemblies, in  0.493 seconds
Native extension for WindowsStandalone target not found
Mono: successfully reloaded assembly
- Finished resetting the current domain, in  1.162 seconds
Domain Reload Profiling: 1655ms
	BeginReloadAssembly (172ms)
		ExecutionOrderSort (0ms)
		DisableScriptedObjects (5ms)
		BackupInstance (0ms)
		ReleaseScriptingObjects (0ms)
		CreateAndSetChildDomain (30ms)
	RebuildCommonClasses (31ms)
	RebuildNativeTypeToScriptingClass (12ms)
	initialDomainReloadingComplete (26ms)
	LoadAllAssembliesAndSetupDomain (252ms)
		LoadAssemblies (340ms)
		RebuildTransferFunctionScriptingTraits (0ms)
		AnalyzeDomain (21ms)
			TypeCache.Refresh (11ms)
				TypeCache.ScanAssembly (0ms)
			ScanForSourceGeneratedMonoScriptInfo (0ms)
			ResolveRequiredComponents (6ms)
	FinalizeReload (1162ms)
		ReleaseScriptCaches (0ms)
		RebuildScriptCaches (0ms)
		SetupLoadedEditorAssemblies (652ms)
			LogAssemblyErrors (0ms)
			InitializePlatformSupportModulesInManaged (5ms)
			SetLoadedEditorAssemblies (6ms)
			RefreshPlugins (0ms)
			BeforeProcessingInitializeOnLoad (156ms)
			ProcessInitializeOnLoadAttributes (456ms)
			ProcessInitializeOnLoadMethodAttributes (26ms)
			AfterProcessingInitializeOnLoad (3ms)
			EditorAssembliesLoaded (0ms)
		ExecutionOrderSort2 (0ms)
		AwakeInstancesAfterBackupRestoration (6ms)
Refreshing native plugins compatible for Editor in 2.76 ms, found 3 plugins.
Preloading 0 native plugins for Editor in 0.00 ms.
Unloading 3541 Unused Serialized files (Serialized files now loaded: 0)
Unloading 14 unused Assets / (28.5 KB). Loaded Objects now: 4027.
Memory consumption went from 127.1 MB to 127.1 MB.
Total: 3.096100 ms (FindLiveObjects: 0.308500 ms CreateObjectMapping: 0.244700 ms MarkObjects: 2.504200 ms  DeleteObjects: 0.037800 ms)

Prepare: number of updated asset objects reloaded= 0
AssetImportParameters requested are different than current active one (requested -> active):
  custom:container-demuxer-ogg: 62fdf1f143b41e24485cea50d1cbac27 -> 
  custom:video-decoder-ogg-theora: a1e56fd34408186e4bbccfd4996cb3dc -> 
  custom:framework-win-MediaFoundation: 216162199b28c13a410421893ffa2e32 -> 
  custom:CustomObjectIndexerAttribute: 9a22284fe3817be447336de3de66b15e -> 
  custom:container-demuxer-webm: 4f35f7cbe854078d1ac9338744f61a02 -> 
  custom:container-muxer-webm: aa71ff27fc2769a1b78a27578f13a17b -> 
  custom:video-decoder-webm-vp8: 9c59270c3fd7afecdb556c50c9e8de78 -> 
  custom:SearchIndexIgnoredProperties: e643bd26f0fe6173181afceb89e7c659 -> 
  custom:AudioImporter_EditorPlatform: d09bf68614088b80899f8185d706f6e7 -> 
  custom:video-encoder-webm-vp8: eb34c28f22e8b96e1ab97ce403110664 -> 
  custom:audio-decoder-ogg-vorbis: bf7c407c2cedff20999df2af8eb42d56 -> 
  custom:audio-encoder-webm-vorbis: bf7c407c2cedff20999df2af8eb42d56 -> 
========================================================================
Received Prepare
Caller must complete domain reload
Begin MonoManager ReloadAssembly
- Loaded All Assemblies, in  0.517 seconds
Native extension for WindowsStandalone target not found
Mono: successfully reloaded assembly
- Finished resetting the current domain, in  1.027 seconds
Domain Reload Profiling: 1545ms
	BeginReloadAssembly (178ms)
		ExecutionOrderSort (0ms)
		DisableScriptedObjects (5ms)
		BackupInstance (0ms)
		ReleaseScriptingObjects (0ms)
		CreateAndSetChildDomain (31ms)
	RebuildCommonClasses (31ms)
	RebuildNativeTypeToScriptingClass (11ms)
	initialDomainReloadingComplete (27ms)
	LoadAllAssembliesAndSetupDomain (270ms)
		LoadAssemblies (347ms)
		RebuildTransferFunctionScriptingTraits (0ms)
		AnalyzeDomain (35ms)
			TypeCache.Refresh (15ms)
				TypeCache.ScanAssembly (0ms)
			ScanForSourceGeneratedMonoScriptInfo (13ms)
			ResolveRequiredComponents (6ms)
	FinalizeReload (1028ms)
		ReleaseScriptCaches (0ms)
		RebuildScriptCaches (0ms)
		SetupLoadedEditorAssemblies (525ms)
			LogAssemblyErrors (0ms)
			InitializePlatformSupportModulesInManaged (6ms)
			SetLoadedEditorAssemblies (5ms)
			RefreshPlugins (0ms)
			BeforeProcessingInitializeOnLoad (89ms)
			ProcessInitializeOnLoadAttributes (401ms)
			ProcessInitializeOnLoadMethodAttributes (22ms)
			AfterProcessingInitializeOnLoad (2ms)
			EditorAssembliesLoaded (0ms)
		ExecutionOrderSort2 (0ms)
		AwakeInstancesAfterBackupRestoration (5ms)
Refreshing native plugins compatible for Editor in 2.69 ms, found 3 plugins.
Preloading 0 native plugins for Editor in 0.00 ms.
Unloading 3541 Unused Serialized files (Serialized files now loaded: 0)
Unloading 14 unused Assets / (28.5 KB). Loaded Objects now: 4030.
Memory consumption went from 127.1 MB to 127.1 MB.
Total: 3.036600 ms (FindLiveObjects: 0.315100 ms CreateObjectMapping: 0.248600 ms MarkObjects: 2.436700 ms  DeleteObjects: 0.035400 ms)

Prepare: number of updated asset objects reloaded= 0
AssetImportParameters requested are different than current active one (requested -> active):
  custom:container-demuxer-ogg: 62fdf1f143b41e24485cea50d1cbac27 -> 
  custom:video-decoder-ogg-theora: a1e56fd34408186e4bbccfd4996cb3dc -> 
  custom:framework-win-MediaFoundation: 216162199b28c13a410421893ffa2e32 -> 
  custom:CustomObjectIndexerAttribute: 9a22284fe3817be447336de3de66b15e -> 
  custom:container-demuxer-webm: 4f35f7cbe854078d1ac9338744f61a02 -> 
  custom:container-muxer-webm: aa71ff27fc2769a1b78a27578f13a17b -> 
  custom:video-decoder-webm-vp8: 9c59270c3fd7afecdb556c50c9e8de78 -> 
  custom:SearchIndexIgnoredProperties: e643bd26f0fe6173181afceb89e7c659 -> 
  custom:AudioImporter_EditorPlatform: d09bf68614088b80899f8185d706f6e7 -> 
  custom:video-encoder-webm-vp8: eb34c28f22e8b96e1ab97ce403110664 -> 
  custom:audio-decoder-ogg-vorbis: bf7c407c2cedff20999df2af8eb42d56 -> 
  custom:audio-encoder-webm-vorbis: bf7c407c2cedff20999df2af8eb42d56 -> 
========================================================================
Received Prepare
Caller must complete domain reload
Begin MonoManager ReloadAssembly
- Loaded All Assemblies, in  0.499 seconds
Native extension for WindowsStandalone target not found
Mono: successfully reloaded assembly
- Finished resetting the current domain, in  1.159 seconds
Domain Reload Profiling: 1657ms
	BeginReloadAssembly (180ms)
		ExecutionOrderSort (0ms)
		DisableScriptedObjects (5ms)
		BackupInstance (0ms)
		ReleaseScriptingObjects (0ms)
		CreateAndSetChildDomain (31ms)
	RebuildCommonClasses (33ms)
	RebuildNativeTypeToScriptingClass (12ms)
	initialDomainReloadingComplete (23ms)
	LoadAllAssembliesAndSetupDomain (250ms)
		LoadAssemblies (345ms)
		RebuildTransferFunctionScriptingTraits (0ms)
		AnalyzeDomain (16ms)
			TypeCache.Refresh (9ms)
				TypeCache.ScanAssembly (0ms)
			ScanForSourceGeneratedMonoScriptInfo (0ms)
			ResolveRequiredComponents (6ms)
	FinalizeReload (1159ms)
		ReleaseScriptCaches (0ms)
		RebuildScriptCaches (0ms)
		SetupLoadedEditorAssemblies (629ms)
			LogAssemblyErrors (0ms)
			InitializePlatformSupportModulesInManaged (6ms)
			SetLoadedEditorAssemblies (5ms)
			RefreshPlugins (0ms)
			BeforeProcessingInitializeOnLoad (104ms)
			ProcessInitializeOnLoadAttributes (479ms)
			ProcessInitializeOnLoadMethodAttributes (32ms)
			AfterProcessingInitializeOnLoad (3ms)
			EditorAssembliesLoaded (0ms)
		ExecutionOrderSort2 (0ms)
		AwakeInstancesAfterBackupRestoration (7ms)
Refreshing native plugins compatible for Editor in 2.94 ms, found 3 plugins.
Preloading 0 native plugins for Editor in 0.00 ms.
Unloading 3541 Unused Serialized files (Serialized files now loaded: 0)
Unloading 14 unused Assets / (28.5 KB). Loaded Objects now: 4033.
Memory consumption went from 127.1 MB to 127.1 MB.
Total: 5.277900 ms (FindLiveObjects: 0.666400 ms CreateObjectMapping: 1.011400 ms MarkObjects: 3.534300 ms  DeleteObjects: 0.063900 ms)

Prepare: number of updated asset objects reloaded= 0
AssetImportParameters requested are different than current active one (requested -> active):
  custom:container-demuxer-ogg: 62fdf1f143b41e24485cea50d1cbac27 -> 
  custom:video-decoder-ogg-theora: a1e56fd34408186e4bbccfd4996cb3dc -> 
  custom:framework-win-MediaFoundation: 216162199b28c13a410421893ffa2e32 -> 
  custom:CustomObjectIndexerAttribute: 9a22284fe3817be447336de3de66b15e -> 
  custom:container-demuxer-webm: 4f35f7cbe854078d1ac9338744f61a02 -> 
  custom:container-muxer-webm: aa71ff27fc2769a1b78a27578f13a17b -> 
  custom:video-decoder-webm-vp8: 9c59270c3fd7afecdb556c50c9e8de78 -> 
  custom:SearchIndexIgnoredProperties: e643bd26f0fe6173181afceb89e7c659 -> 
  custom:AudioImporter_EditorPlatform: d09bf68614088b80899f8185d706f6e7 -> 
  custom:video-encoder-webm-vp8: eb34c28f22e8b96e1ab97ce403110664 -> 
  custom:audio-decoder-ogg-vorbis: bf7c407c2cedff20999df2af8eb42d56 -> 
  custom:audio-encoder-webm-vorbis: bf7c407c2cedff20999df2af8eb42d56 -> 
========================================================================
Received Prepare
Caller must complete domain reload
Begin MonoManager ReloadAssembly
- Loaded All Assemblies, in  0.570 seconds
Native extension for WindowsStandalone target not found
Mono: successfully reloaded assembly
- Finished resetting the current domain, in  1.076 seconds
Domain Reload Profiling: 1647ms
	BeginReloadAssembly (195ms)
		ExecutionOrderSort (0ms)
		DisableScriptedObjects (5ms)
		BackupInstance (0ms)
		ReleaseScriptingObjects (0ms)
		CreateAndSetChildDomain (42ms)
	RebuildCommonClasses (34ms)
	RebuildNativeTypeToScriptingClass (11ms)
	initialDomainReloadingComplete (27ms)
	LoadAllAssembliesAndSetupDomain (303ms)
		LoadAssemblies (370ms)
		RebuildTransferFunctionScriptingTraits (0ms)
		AnalyzeDomain (42ms)
			TypeCache.Refresh (19ms)
				TypeCache.ScanAssembly (2ms)
			ScanForSourceGeneratedMonoScriptInfo (14ms)
			ResolveRequiredComponents (6ms)
	FinalizeReload (1077ms)
		ReleaseScriptCaches (0ms)
		RebuildScriptCaches (0ms)
		SetupLoadedEditorAssemblies (534ms)
			LogAssemblyErrors (0ms)
			InitializePlatformSupportModulesInManaged (5ms)
			SetLoadedEditorAssemblies (6ms)
			RefreshPlugins (0ms)
			BeforeProcessingInitializeOnLoad (97ms)
			ProcessInitializeOnLoadAttributes (402ms)
			ProcessInitializeOnLoadMethodAttributes (21ms)
			AfterProcessingInitializeOnLoad (2ms)
			EditorAssembliesLoaded (0ms)
		ExecutionOrderSort2 (0ms)
		AwakeInstancesAfterBackupRestoration (5ms)
Refreshing native plugins compatible for Editor in 2.50 ms, found 3 plugins.
Preloading 0 native plugins for Editor in 0.00 ms.
Unloading 3577 Unused Serialized files (Serialized files now loaded: 0)
Unloading 14 unused Assets / (28.5 KB). Loaded Objects now: 4072.
Memory consumption went from 127.8 MB to 127.8 MB.
Total: 3.203000 ms (FindLiveObjects: 0.336100 ms CreateObjectMapping: 0.304600 ms MarkObjects: 2.524100 ms  DeleteObjects: 0.037500 ms)

Prepare: number of updated asset objects reloaded= 0
AssetImportParameters requested are different than current active one (requested -> active):
  custom:container-demuxer-ogg: 62fdf1f143b41e24485cea50d1cbac27 -> 
  custom:scripting/monoscript/fileName/SpriteEditorWindow.cs: 1629bd700639d5abf7ee9c1a15128fda -> 
  custom:scripting/monoscript/fileName/SpriteRect.cs: 8da6d12a5fbd75a0eba31cfa62842428 -> 
  custom:scripting/monoscript/fileName/ISpriteEditorModule.cs: f35f8b8d39dcfd448fbbe9ea48566c2f -> 
  custom:video-decoder-ogg-theora: a1e56fd34408186e4bbccfd4996cb3dc -> 
  custom:scripting/monoscript/fileName/MenuItems.cs: 3ea3522373e3b4d2ef39113c39531efd -> 
  custom:scripting/monoscript/fileName/DefaultSpriteNameFileIdDataProvider.cs: cd965ed390b21ec0302c3211a9f903ff -> 
  custom:framework-win-MediaFoundation: 216162199b28c13a410421893ffa2e32 -> 
  custom:scripting/monoscript/fileName/ShapeEditor.cs: 7eba0c642af179a392c34e527393b30b -> 
  custom:scripting/monoscript/fileName/SpritePolygonModeModule.cs: 8b4aa126b968b0772b9e20476364e690 -> 
  custom:scripting/precompiled-assembly-types:Unity.2D.Sprite.Editor: c80415e041d636416599f4ac20098905 -> 
  custom:scripting/monoscript/fileName/ItemCreationUtility.cs: d1c4ddba747ed633116f555c0d69ace7 -> 
  custom:CustomObjectIndexerAttribute: 9a22284fe3817be447336de3de66b15e -> 
  custom:scripting/monoscript/fileName/SpriteEditorHandles.cs: 8b78502b9b56b3c556563a6e935b52ad -> 
  custom:container-demuxer-webm: 4f35f7cbe854078d1ac9338744f61a02 -> 
  custom:scripting/monoscript/fileName/SpriteNameFileIdPair.cs: 8dab74045e538d5698ea3c4caed3e48c -> 
  custom:scripting/monoscript/fileName/IGL.cs: 8903f8a1304142ec1aefe33b7a4db28c -> 
  custom:scripting/monoscript/fileName/SpritePhysicsShapeModule.cs: 35688b9e178698712b557d50761dc7c2 -> 
  custom:scripting/monoscript/fileName/ITexture.cs: dbb4c87e1c028ce779185d5d3d566460 -> 
  custom:container-muxer-webm: aa71ff27fc2769a1b78a27578f13a17b -> 
  custom:scripting/monoscript/fileName/IEvent.cs: c25d501578d8ebe48d7b30415b0df4c5 -> 
  custom:video-decoder-webm-vp8: 9c59270c3fd7afecdb556c50c9e8de78 -> 
  custom:scripting/monoscript/fileName/SpriteOutlineModule.cs: 249fecf584323de7d2fd0b14e9a4944c -> 
  custom:SearchIndexIgnoredProperties: e643bd26f0fe6173181afceb89e7c659 -> 
  custom:AudioImporter_EditorPlatform: d09bf68614088b80899f8185d706f6e7 -> 
  custom:scripting/monoscript/fileName/SpriteEditorUtility.cs: 7e2d1f2cb427fd67c5461f9431375c3a -> 
  custom:scripting/monoscript/fileName/SpriteSecondaryTexturesModule.cs: 8f361de5bdfd731e220c415240ad033f -> 
  custom:scripting/monoscript/fileName/IGUIUtility.cs: cad79017f17454feb4e1799b1c42f87c -> 
  custom:scripting/monoscript/fileName/IHandles.cs: d2780a18a3844e49d490d68d5cb3d26a -> 
  custom:scripting/monoscript/fileName/TextureImporterDataProvider.cs: d68f5d5325387f4e38fdcf2610c72ce3 -> 
  custom:scripting/monoscript/fileName/SpriteEditorMenu.cs: f9042f312a91c162ede0d5de48225240 -> 
  custom:scripting/monoscript/fileName/ISpriteEditorDataProvider.cs: 4c01add71bf03a3e1afff21bbd534ee9 -> 
  custom:scripting/monoscript/fileName/IUndoSystem.cs: 841a069a843e48d57d362ca08bca21d4 -> 
  custom:scripting/monoscript/fileName/SpritePolygonModeModuleView.cs: db8ddbee5a89c636987047f4602001ef -> 
  custom:scripting/monoscript/fileName/SpriteEditorData.cs: 79e0d970ecf11ef3020398e38672548f -> 
  custom:video-encoder-webm-vp8: eb34c28f22e8b96e1ab97ce403110664 -> 
  custom:audio-decoder-ogg-vorbis: bf7c407c2cedff20999df2af8eb42d56 -> 
  custom:scripting/monoscript/fileName/SpriteEditorWindowSettings.cs: 8e59c26ada2085b3ebaa83fd01af70e3 -> 
  custom:scripting/monoscript/fileName/SpriteFrameModuleBaseView.cs: 72abaa53c3c1184e23d4d9a45f62d8c2 -> 
  custom:scripting/monoscript/fileName/IAssetDatabase.cs: c40b958675a6cd5b519fa6ca497fede4 -> 
  custom:scripting/monoscript/fileName/SpriteFrameModule.cs: f07011b3ec3622062bef733dc29fedf0 -> 
  custom:scripting/monoscript/fileName/ShapeEditorRectSelection.cs: 1696d724b33ef6168949bbdce78d19c6 -> 
  custom:scripting/monoscript/fileName/TextureImporterDataProviderImplementation.cs: ffb9fda6ca225aa106e9fa84455f4e60 -> 
  custom:audio-encoder-webm-vorbis: bf7c407c2cedff20999df2af8eb42d56 -> 
  custom:scripting/monoscript/fileName/SpriteUtilityWindow.cs: 4827aafd0c4d893166845eac1266c4ed -> 
  custom:scripting/monoscript/fileName/SpriteFrameModuleBase.cs: 82472910b376b3c28a6f5b31b28f5f51 -> 
  custom:scripting/monoscript/fileName/SpriteFrameModuleView.cs: f07011b3ec3622062bef733dc29fedf0 -> 
========================================================================
Received Import Request.
  Time since last request: 2435.902247 seconds.
  path: Assets/ECCreated/Scripts/RandomHitPlacer.cs
  artifactKey: Guid(a6290dd5f6a11134faf3635d4a3c38a8) Importer(815301076,1909f56bfc062723c751e8b465ee728b)
Start importing Assets/ECCreated/Scripts/RandomHitPlacer.cs using Guid(a6290dd5f6a11134faf3635d4a3c38a8) Importer(815301076,1909f56bfc062723c751e8b465ee728b) [PhysX] Initialized MultithreadedTaskDispatcher with 8 workers.
 -> (artifact id: 'a655d883d83c08fbd5f1ee1cc18a0296') in 0.002043 seconds
Number of updated asset objects reloaded before import = 0
Number of asset objects unloaded after import = 0
========================================================================
Received Prepare
Caller must complete domain reload
Begin MonoManager ReloadAssembly
- Loaded All Assemblies, in  0.520 seconds
Native extension for WindowsStandalone target not found
Mono: successfully reloaded assembly
- Finished resetting the current domain, in  1.100 seconds
Domain Reload Profiling: 1619ms
	BeginReloadAssembly (185ms)
		ExecutionOrderSort (0ms)
		DisableScriptedObjects (5ms)
		BackupInstance (0ms)
		ReleaseScriptingObjects (0ms)
		CreateAndSetChildDomain (35ms)
	RebuildCommonClasses (32ms)
	RebuildNativeTypeToScriptingClass (11ms)
	initialDomainReloadingComplete (26ms)
	LoadAllAssembliesAndSetupDomain (265ms)
		LoadAssemblies (340ms)
		RebuildTransferFunctionScriptingTraits (0ms)
		AnalyzeDomain (40ms)
			TypeCache.Refresh (17ms)
				TypeCache.ScanAssembly (0ms)
			ScanForSourceGeneratedMonoScriptInfo (15ms)
			ResolveRequiredComponents (7ms)
	FinalizeReload (1100ms)
		ReleaseScriptCaches (0ms)
		RebuildScriptCaches (0ms)
		SetupLoadedEditorAssemblies (579ms)
			LogAssemblyErrors (0ms)
			InitializePlatformSupportModulesInManaged (7ms)
			SetLoadedEditorAssemblies (10ms)
			RefreshPlugins (0ms)
			BeforeProcessingInitializeOnLoad (95ms)
			ProcessInitializeOnLoadAttributes (439ms)
			ProcessInitializeOnLoadMethodAttributes (25ms)
			AfterProcessingInitializeOnLoad (2ms)
			EditorAssembliesLoaded (0ms)
		ExecutionOrderSort2 (0ms)
		AwakeInstancesAfterBackupRestoration (6ms)
Refreshing native plugins compatible for Editor in 2.62 ms, found 3 plugins.
Preloading 0 native plugins for Editor in 0.00 ms.
Unloading 3577 Unused Serialized files (Serialized files now loaded: 0)
Unloading 14 unused Assets / (28.5 KB). Loaded Objects now: 4076.
Memory consumption went from 127.6 MB to 127.6 MB.
Total: 3.008600 ms (FindLiveObjects: 0.286300 ms CreateObjectMapping: 0.338200 ms MarkObjects: 2.343300 ms  DeleteObjects: 0.039800 ms)

Prepare: number of updated asset objects reloaded= 0
AssetImportParameters requested are different than current active one (requested -> active):
  custom:scripting/monoscript/fileName/RandomHitPlacer.cs: 0e520bb249608fd9a2ce5ff96c591009 -> 
  custom:container-demuxer-ogg: 62fdf1f143b41e24485cea50d1cbac27 -> 
  custom:scripting/monoscript/fileName/SpriteEditorWindow.cs: 1629bd700639d5abf7ee9c1a15128fda -> 
  custom:scripting/monoscript/fileName/SpriteRect.cs: 8da6d12a5fbd75a0eba31cfa62842428 -> 
  custom:scripting/monoscript/fileName/ISpriteEditorModule.cs: f35f8b8d39dcfd448fbbe9ea48566c2f -> 
  custom:video-decoder-ogg-theora: a1e56fd34408186e4bbccfd4996cb3dc -> 
  custom:scripting/monoscript/fileName/MenuItems.cs: 3ea3522373e3b4d2ef39113c39531efd -> 
  custom:scripting/monoscript/fileName/DefaultSpriteNameFileIdDataProvider.cs: cd965ed390b21ec0302c3211a9f903ff -> 
  custom:framework-win-MediaFoundation: 216162199b28c13a410421893ffa2e32 -> 
  custom:scripting/monoscript/fileName/ShapeEditor.cs: 7eba0c642af179a392c34e527393b30b -> 
  custom:scripting/monoscript/fileName/SpritePolygonModeModule.cs: 8b4aa126b968b0772b9e20476364e690 -> 
  custom:scripting/precompiled-assembly-types:Unity.2D.Sprite.Editor: c80415e041d636416599f4ac20098905 -> 
  custom:scripting/monoscript/fileName/ItemCreationUtility.cs: d1c4ddba747ed633116f555c0d69ace7 -> 
  custom:CustomObjectIndexerAttribute: 9a22284fe3817be447336de3de66b15e -> 
  custom:scripting/monoscript/fileName/SpriteEditorHandles.cs: 8b78502b9b56b3c556563a6e935b52ad -> 
  custom:container-demuxer-webm: 4f35f7cbe854078d1ac9338744f61a02 -> 
  custom:scripting/monoscript/fileName/SpriteNameFileIdPair.cs: 8dab74045e538d5698ea3c4caed3e48c -> 
  custom:scripting/monoscript/fileName/IGL.cs: 8903f8a1304142ec1aefe33b7a4db28c -> 
  custom:scripting/monoscript/fileName/SpritePhysicsShapeModule.cs: 35688b9e178698712b557d50761dc7c2 -> 
  custom:scripting/monoscript/fileName/ITexture.cs: dbb4c87e1c028ce779185d5d3d566460 -> 
  custom:container-muxer-webm: aa71ff27fc2769a1b78a27578f13a17b -> 
  custom:scripting/monoscript/fileName/IEvent.cs: c25d501578d8ebe48d7b30415b0df4c5 -> 
  custom:video-decoder-webm-vp8: 9c59270c3fd7afecdb556c50c9e8de78 -> 
  custom:scripting/monoscript/fileName/SpriteOutlineModule.cs: 249fecf584323de7d2fd0b14e9a4944c -> 
  custom:SearchIndexIgnoredProperties: e643bd26f0fe6173181afceb89e7c659 -> 
  custom:AudioImporter_EditorPlatform: d09bf68614088b80899f8185d706f6e7 -> 
  custom:scripting/monoscript/fileName/SpriteEditorUtility.cs: 7e2d1f2cb427fd67c5461f9431375c3a -> 
  custom:scripting/monoscript/fileName/SpriteSecondaryTexturesModule.cs: 8f361de5bdfd731e220c415240ad033f -> 
  custom:scripting/monoscript/fileName/IGUIUtility.cs: cad79017f17454feb4e1799b1c42f87c -> 
  custom:scripting/monoscript/fileName/IHandles.cs: d2780a18a3844e49d490d68d5cb3d26a -> 
  custom:scripting/monoscript/fileName/TextureImporterDataProvider.cs: d68f5d5325387f4e38fdcf2610c72ce3 -> 
  custom:scripting/monoscript/fileName/SpriteEditorMenu.cs: f9042f312a91c162ede0d5de48225240 -> 
  custom:scripting/monoscript/fileName/ISpriteEditorDataProvider.cs: 4c01add71bf03a3e1afff21bbd534ee9 -> 
  custom:scripting/monoscript/fileName/IUndoSystem.cs: 841a069a843e48d57d362ca08bca21d4 -> 
  custom:scripting/monoscript/fileName/SpritePolygonModeModuleView.cs: db8ddbee5a89c636987047f4602001ef -> 
  custom:scripting/monoscript/fileName/SpriteEditorData.cs: 79e0d970ecf11ef3020398e38672548f -> 
  custom:video-encoder-webm-vp8: eb34c28f22e8b96e1ab97ce403110664 -> 
  custom:audio-decoder-ogg-vorbis: bf7c407c2cedff20999df2af8eb42d56 -> 
  custom:scripting/monoscript/fileName/SpriteEditorWindowSettings.cs: 8e59c26ada2085b3ebaa83fd01af70e3 -> 
  custom:scripting/monoscript/fileName/SpriteFrameModuleBaseView.cs: 72abaa53c3c1184e23d4d9a45f62d8c2 -> 
  custom:scripting/monoscript/fileName/IAssetDatabase.cs: c40b958675a6cd5b519fa6ca497fede4 -> 
  custom:scripting/monoscript/fileName/SpriteFrameModule.cs: f07011b3ec3622062bef733dc29fedf0 -> 
  custom:scripting/monoscript/fileName/ShapeEditorRectSelection.cs: 1696d724b33ef6168949bbdce78d19c6 -> 
  custom:scripting/monoscript/fileName/TextureImporterDataProviderImplementation.cs: ffb9fda6ca225aa106e9fa84455f4e60 -> 
  custom:audio-encoder-webm-vorbis: bf7c407c2cedff20999df2af8eb42d56 -> 
  custom:scripting/monoscript/fileName/SpriteUtilityWindow.cs: 4827aafd0c4d893166845eac1266c4ed -> 
  custom:scripting/monoscript/fileName/SpriteFrameModuleBase.cs: 82472910b376b3c28a6f5b31b28f5f51 -> 
  custom:scripting/precompiled-assembly-types:Assembly-CSharp: e93f0709247239a203fe75050d1d2fbf -> 17fd4233e2971542c9b4d9c5fc8a1fc5
  custom:scripting/monoscript/fileName/SpriteFrameModuleView.cs: f07011b3ec3622062bef733dc29fedf0 -> 
========================================================================
Received Import Request.
  Time since last request: 7.381145 seconds.
  path: Assets/ECCreated/Scripts/RandomHitPlacer.cs
  artifactKey: Guid(a6290dd5f6a11134faf3635d4a3c38a8) Importer(815301076,1909f56bfc062723c751e8b465ee728b)
Start importing Assets/ECCreated/Scripts/RandomHitPlacer.cs using Guid(a6290dd5f6a11134faf3635d4a3c38a8) Importer(815301076,1909f56bfc062723c751e8b465ee728b) [PhysX] Initialized MultithreadedTaskDispatcher with 8 workers.
 -> (artifact id: '9ac03258c2051b1ca96f72a1c9ba67d6') in 0.001623 seconds
Number of updated asset objects reloaded before import = 0
Number of asset objects unloaded after import = 0
========================================================================
Received Prepare
Caller must complete domain reload
Begin MonoManager ReloadAssembly
- Loaded All Assemblies, in  0.476 seconds
Native extension for WindowsStandalone target not found
Mono: successfully reloaded assembly
- Finished resetting the current domain, in  0.996 seconds
Domain Reload Profiling: 1473ms
	BeginReloadAssembly (160ms)
		ExecutionOrderSort (0ms)
		DisableScriptedObjects (5ms)
		BackupInstance (0ms)
		ReleaseScriptingObjects (0ms)
		CreateAndSetChildDomain (33ms)
	RebuildCommonClasses (31ms)
	RebuildNativeTypeToScriptingClass (11ms)
	initialDomainReloadingComplete (23ms)
	LoadAllAssembliesAndSetupDomain (251ms)
		LoadAssemblies (307ms)
		RebuildTransferFunctionScriptingTraits (0ms)
		AnalyzeDomain (37ms)
			TypeCache.Refresh (13ms)
				TypeCache.ScanAssembly (0ms)
			ScanForSourceGeneratedMonoScriptInfo (16ms)
			ResolveRequiredComponents (6ms)
	FinalizeReload (997ms)
		ReleaseScriptCaches (0ms)
		RebuildScriptCaches (0ms)
		SetupLoadedEditorAssemblies (508ms)
			LogAssemblyErrors (0ms)
			InitializePlatformSupportModulesInManaged (5ms)
			SetLoadedEditorAssemblies (5ms)
			RefreshPlugins (0ms)
			BeforeProcessingInitializeOnLoad (86ms)
			ProcessInitializeOnLoadAttributes (390ms)
			ProcessInitializeOnLoadMethodAttributes (20ms)
			AfterProcessingInitializeOnLoad (2ms)
			EditorAssembliesLoaded (0ms)
		ExecutionOrderSort2 (0ms)
		AwakeInstancesAfterBackupRestoration (5ms)
Refreshing native plugins compatible for Editor in 2.70 ms, found 3 plugins.
Preloading 0 native plugins for Editor in 0.00 ms.
Unloading 3577 Unused Serialized files (Serialized files now loaded: 0)
Unloading 14 unused Assets / (28.5 KB). Loaded Objects now: 4079.
Memory consumption went from 127.6 MB to 127.6 MB.
Total: 2.725100 ms (FindLiveObjects: 0.266800 ms CreateObjectMapping: 0.182900 ms MarkObjects: 2.240500 ms  DeleteObjects: 0.034300 ms)

Prepare: number of updated asset objects reloaded= 0
AssetImportParameters requested are different than current active one (requested -> active):
  custom:scripting/monoscript/fileName/RandomHitPlacer.cs: 0e520bb249608fd9a2ce5ff96c591009 -> 
  custom:container-demuxer-ogg: 62fdf1f143b41e24485cea50d1cbac27 -> 
  custom:scripting/monoscript/fileName/SpriteEditorWindow.cs: 1629bd700639d5abf7ee9c1a15128fda -> 
  custom:scripting/monoscript/fileName/SpriteRect.cs: 8da6d12a5fbd75a0eba31cfa62842428 -> 
  custom:scripting/monoscript/fileName/ISpriteEditorModule.cs: f35f8b8d39dcfd448fbbe9ea48566c2f -> 
  custom:video-decoder-ogg-theora: a1e56fd34408186e4bbccfd4996cb3dc -> 
  custom:scripting/monoscript/fileName/MenuItems.cs: 3ea3522373e3b4d2ef39113c39531efd -> 
  custom:scripting/monoscript/fileName/DefaultSpriteNameFileIdDataProvider.cs: cd965ed390b21ec0302c3211a9f903ff -> 
  custom:framework-win-MediaFoundation: 216162199b28c13a410421893ffa2e32 -> 
  custom:scripting/monoscript/fileName/ShapeEditor.cs: 7eba0c642af179a392c34e527393b30b -> 
  custom:scripting/monoscript/fileName/SpritePolygonModeModule.cs: 8b4aa126b968b0772b9e20476364e690 -> 
  custom:scripting/precompiled-assembly-types:Unity.2D.Sprite.Editor: c80415e041d636416599f4ac20098905 -> 
  custom:scripting/monoscript/fileName/ItemCreationUtility.cs: d1c4ddba747ed633116f555c0d69ace7 -> 
  custom:CustomObjectIndexerAttribute: 9a22284fe3817be447336de3de66b15e -> 
  custom:scripting/monoscript/fileName/SpriteEditorHandles.cs: 8b78502b9b56b3c556563a6e935b52ad -> 
  custom:container-demuxer-webm: 4f35f7cbe854078d1ac9338744f61a02 -> 
  custom:scripting/monoscript/fileName/SpriteNameFileIdPair.cs: 8dab74045e538d5698ea3c4caed3e48c -> 
  custom:scripting/monoscript/fileName/IGL.cs: 8903f8a1304142ec1aefe33b7a4db28c -> 
  custom:scripting/monoscript/fileName/SpritePhysicsShapeModule.cs: 35688b9e178698712b557d50761dc7c2 -> 
  custom:scripting/monoscript/fileName/ITexture.cs: dbb4c87e1c028ce779185d5d3d566460 -> 
  custom:container-muxer-webm: aa71ff27fc2769a1b78a27578f13a17b -> 
  custom:scripting/monoscript/fileName/IEvent.cs: c25d501578d8ebe48d7b30415b0df4c5 -> 
  custom:video-decoder-webm-vp8: 9c59270c3fd7afecdb556c50c9e8de78 -> 
  custom:scripting/monoscript/fileName/SpriteOutlineModule.cs: 249fecf584323de7d2fd0b14e9a4944c -> 
  custom:SearchIndexIgnoredProperties: e643bd26f0fe6173181afceb89e7c659 -> 
  custom:AudioImporter_EditorPlatform: d09bf68614088b80899f8185d706f6e7 -> 
  custom:scripting/monoscript/fileName/SpriteEditorUtility.cs: 7e2d1f2cb427fd67c5461f9431375c3a -> 
  custom:scripting/monoscript/fileName/SpriteSecondaryTexturesModule.cs: 8f361de5bdfd731e220c415240ad033f -> 
  custom:scripting/monoscript/fileName/IGUIUtility.cs: cad79017f17454feb4e1799b1c42f87c -> 
  custom:scripting/monoscript/fileName/IHandles.cs: d2780a18a3844e49d490d68d5cb3d26a -> 
  custom:scripting/monoscript/fileName/TextureImporterDataProvider.cs: d68f5d5325387f4e38fdcf2610c72ce3 -> 
  custom:scripting/monoscript/fileName/SpriteEditorMenu.cs: f9042f312a91c162ede0d5de48225240 -> 
  custom:scripting/monoscript/fileName/ISpriteEditorDataProvider.cs: 4c01add71bf03a3e1afff21bbd534ee9 -> 
  custom:scripting/monoscript/fileName/IUndoSystem.cs: 841a069a843e48d57d362ca08bca21d4 -> 
  custom:scripting/monoscript/fileName/SpritePolygonModeModuleView.cs: db8ddbee5a89c636987047f4602001ef -> 
  custom:scripting/monoscript/fileName/SpriteEditorData.cs: 79e0d970ecf11ef3020398e38672548f -> 
  custom:video-encoder-webm-vp8: eb34c28f22e8b96e1ab97ce403110664 -> 
  custom:audio-decoder-ogg-vorbis: bf7c407c2cedff20999df2af8eb42d56 -> 
  custom:scripting/monoscript/fileName/SpriteEditorWindowSettings.cs: 8e59c26ada2085b3ebaa83fd01af70e3 -> 
  custom:scripting/monoscript/fileName/SpriteFrameModuleBaseView.cs: 72abaa53c3c1184e23d4d9a45f62d8c2 -> 
  custom:scripting/monoscript/fileName/IAssetDatabase.cs: c40b958675a6cd5b519fa6ca497fede4 -> 
  custom:scripting/monoscript/fileName/SpriteFrameModule.cs: f07011b3ec3622062bef733dc29fedf0 -> 
  custom:scripting/monoscript/fileName/ShapeEditorRectSelection.cs: 1696d724b33ef6168949bbdce78d19c6 -> 
  custom:scripting/monoscript/fileName/TextureImporterDataProviderImplementation.cs: ffb9fda6ca225aa106e9fa84455f4e60 -> 
  custom:audio-encoder-webm-vorbis: bf7c407c2cedff20999df2af8eb42d56 -> 
  custom:scripting/monoscript/fileName/SpriteUtilityWindow.cs: 4827aafd0c4d893166845eac1266c4ed -> 
  custom:scripting/monoscript/fileName/SpriteFrameModuleBase.cs: 82472910b376b3c28a6f5b31b28f5f51 -> 
  custom:scripting/precompiled-assembly-types:Assembly-CSharp: e93f0709247239a203fe75050d1d2fbf -> 17fd4233e2971542c9b4d9c5fc8a1fc5
  custom:scripting/monoscript/fileName/SpriteFrameModuleView.cs: f07011b3ec3622062bef733dc29fedf0 -> 
========================================================================
Received Prepare
Caller must complete domain reload
Begin MonoManager ReloadAssembly
- Loaded All Assemblies, in  0.435 seconds
Native extension for WindowsStandalone target not found
Mono: successfully reloaded assembly
- Finished resetting the current domain, in  0.996 seconds
Domain Reload Profiling: 1431ms
	BeginReloadAssembly (155ms)
		ExecutionOrderSort (0ms)
		DisableScriptedObjects (5ms)
		BackupInstance (0ms)
		ReleaseScriptingObjects (0ms)
		CreateAndSetChildDomain (30ms)
	RebuildCommonClasses (29ms)
	RebuildNativeTypeToScriptingClass (10ms)
	initialDomainReloadingComplete (23ms)
	LoadAllAssembliesAndSetupDomain (216ms)
		LoadAssemblies (294ms)
		RebuildTransferFunctionScriptingTraits (0ms)
		AnalyzeDomain (15ms)
			TypeCache.Refresh (8ms)
				TypeCache.ScanAssembly (0ms)
			ScanForSourceGeneratedMonoScriptInfo (0ms)
			ResolveRequiredComponents (6ms)
	FinalizeReload (996ms)
		ReleaseScriptCaches (0ms)
		RebuildScriptCaches (0ms)
		SetupLoadedEditorAssemblies (548ms)
			LogAssemblyErrors (0ms)
			InitializePlatformSupportModulesInManaged (5ms)
			SetLoadedEditorAssemblies (5ms)
			RefreshPlugins (0ms)
			BeforeProcessingInitializeOnLoad (91ms)
			ProcessInitializeOnLoadAttributes (421ms)
			ProcessInitializeOnLoadMethodAttributes (22ms)
			AfterProcessingInitializeOnLoad (2ms)
			EditorAssembliesLoaded (0ms)
		ExecutionOrderSort2 (0ms)
		AwakeInstancesAfterBackupRestoration (6ms)
Refreshing native plugins compatible for Editor in 2.80 ms, found 3 plugins.
Preloading 0 native plugins for Editor in 0.00 ms.
Unloading 3578 Unused Serialized files (Serialized files now loaded: 0)
Unloading 14 unused Assets / (28.5 KB). Loaded Objects now: 4082.
Memory consumption went from 127.8 MB to 127.8 MB.
Total: 3.286900 ms (FindLiveObjects: 0.365800 ms CreateObjectMapping: 0.284800 ms MarkObjects: 2.598800 ms  DeleteObjects: 0.036700 ms)

Prepare: number of updated asset objects reloaded= 0
AssetImportParameters requested are different than current active one (requested -> active):
  custom:scripting/monoscript/fileName/RandomHitPlacer.cs: 0e520bb249608fd9a2ce5ff96c591009 -> 
  custom:container-demuxer-ogg: 62fdf1f143b41e24485cea50d1cbac27 -> 
  custom:scripting/monoscript/fileName/SpriteEditorWindow.cs: 1629bd700639d5abf7ee9c1a15128fda -> 
  custom:scripting/monoscript/fileName/SpriteRect.cs: 8da6d12a5fbd75a0eba31cfa62842428 -> 
  custom:scripting/monoscript/fileName/ISpriteEditorModule.cs: f35f8b8d39dcfd448fbbe9ea48566c2f -> 
  custom:video-decoder-ogg-theora: a1e56fd34408186e4bbccfd4996cb3dc -> 
  custom:scripting/monoscript/fileName/MenuItems.cs: 3ea3522373e3b4d2ef39113c39531efd -> 
  custom:scripting/monoscript/fileName/DefaultSpriteNameFileIdDataProvider.cs: cd965ed390b21ec0302c3211a9f903ff -> 
  custom:framework-win-MediaFoundation: 216162199b28c13a410421893ffa2e32 -> 
  custom:scripting/monoscript/fileName/ShapeEditor.cs: 7eba0c642af179a392c34e527393b30b -> 
  custom:scripting/monoscript/fileName/SpritePolygonModeModule.cs: 8b4aa126b968b0772b9e20476364e690 -> 
  custom:scripting/precompiled-assembly-types:Unity.2D.Sprite.Editor: c80415e041d636416599f4ac20098905 -> 
  custom:scripting/monoscript/fileName/ItemCreationUtility.cs: d1c4ddba747ed633116f555c0d69ace7 -> 
  custom:CustomObjectIndexerAttribute: 9a22284fe3817be447336de3de66b15e -> 
  custom:scripting/monoscript/fileName/SpriteEditorHandles.cs: 8b78502b9b56b3c556563a6e935b52ad -> 
  custom:container-demuxer-webm: 4f35f7cbe854078d1ac9338744f61a02 -> 
  custom:scripting/monoscript/fileName/SpriteNameFileIdPair.cs: 8dab74045e538d5698ea3c4caed3e48c -> 
  custom:scripting/monoscript/fileName/IGL.cs: 8903f8a1304142ec1aefe33b7a4db28c -> 
  custom:scripting/monoscript/fileName/SpritePhysicsShapeModule.cs: 35688b9e178698712b557d50761dc7c2 -> 
  custom:scripting/monoscript/fileName/ITexture.cs: dbb4c87e1c028ce779185d5d3d566460 -> 
  custom:container-muxer-webm: aa71ff27fc2769a1b78a27578f13a17b -> 
  custom:scripting/monoscript/fileName/IEvent.cs: c25d501578d8ebe48d7b30415b0df4c5 -> 
  custom:video-decoder-webm-vp8: 9c59270c3fd7afecdb556c50c9e8de78 -> 
  custom:scripting/monoscript/fileName/SpriteOutlineModule.cs: 249fecf584323de7d2fd0b14e9a4944c -> 
  custom:SearchIndexIgnoredProperties: e643bd26f0fe6173181afceb89e7c659 -> 
  custom:AudioImporter_EditorPlatform: d09bf68614088b80899f8185d706f6e7 -> 
  custom:scripting/monoscript/fileName/SpriteEditorUtility.cs: 7e2d1f2cb427fd67c5461f9431375c3a -> 
  custom:scripting/monoscript/fileName/SpriteSecondaryTexturesModule.cs: 8f361de5bdfd731e220c415240ad033f -> 
  custom:scripting/monoscript/fileName/IGUIUtility.cs: cad79017f17454feb4e1799b1c42f87c -> 
  custom:scripting/monoscript/fileName/IHandles.cs: d2780a18a3844e49d490d68d5cb3d26a -> 
  custom:scripting/monoscript/fileName/TextureImporterDataProvider.cs: d68f5d5325387f4e38fdcf2610c72ce3 -> 
  custom:scripting/monoscript/fileName/SpriteEditorMenu.cs: f9042f312a91c162ede0d5de48225240 -> 
  custom:scripting/monoscript/fileName/ISpriteEditorDataProvider.cs: 4c01add71bf03a3e1afff21bbd534ee9 -> 
  custom:scripting/monoscript/fileName/IUndoSystem.cs: 841a069a843e48d57d362ca08bca21d4 -> 
  custom:scripting/monoscript/fileName/SpritePolygonModeModuleView.cs: db8ddbee5a89c636987047f4602001ef -> 
  custom:scripting/monoscript/fileName/SpriteEditorData.cs: 79e0d970ecf11ef3020398e38672548f -> 
  custom:video-encoder-webm-vp8: eb34c28f22e8b96e1ab97ce403110664 -> 
  custom:audio-decoder-ogg-vorbis: bf7c407c2cedff20999df2af8eb42d56 -> 
  custom:scripting/monoscript/fileName/SpriteEditorWindowSettings.cs: 8e59c26ada2085b3ebaa83fd01af70e3 -> 
  custom:scripting/monoscript/fileName/SpriteFrameModuleBaseView.cs: 72abaa53c3c1184e23d4d9a45f62d8c2 -> 
  custom:scripting/monoscript/fileName/IAssetDatabase.cs: c40b958675a6cd5b519fa6ca497fede4 -> 
  custom:scripting/monoscript/fileName/SpriteFrameModule.cs: f07011b3ec3622062bef733dc29fedf0 -> 
  custom:scripting/monoscript/fileName/ShapeEditorRectSelection.cs: 1696d724b33ef6168949bbdce78d19c6 -> 
  custom:scripting/monoscript/fileName/TextureImporterDataProviderImplementation.cs: ffb9fda6ca225aa106e9fa84455f4e60 -> 
  custom:audio-encoder-webm-vorbis: bf7c407c2cedff20999df2af8eb42d56 -> 
  custom:scripting/monoscript/fileName/SpriteUtilityWindow.cs: 4827aafd0c4d893166845eac1266c4ed -> 
  custom:scripting/monoscript/fileName/SpriteFrameModuleBase.cs: 82472910b376b3c28a6f5b31b28f5f51 -> 
  custom:scripting/precompiled-assembly-types:Assembly-CSharp: e93f0709247239a203fe75050d1d2fbf -> 17fd4233e2971542c9b4d9c5fc8a1fc5
  custom:scripting/monoscript/fileName/SpriteFrameModuleView.cs: f07011b3ec3622062bef733dc29fedf0 -> 
========================================================================
Received Prepare
Caller must complete domain reload
Begin MonoManager ReloadAssembly
- Loaded All Assemblies, in  0.526 seconds
Native extension for WindowsStandalone target not found
Mono: successfully reloaded assembly
- Finished resetting the current domain, in  1.190 seconds
Domain Reload Profiling: 1716ms
	BeginReloadAssembly (205ms)
		ExecutionOrderSort (0ms)
		DisableScriptedObjects (6ms)
		BackupInstance (0ms)
		ReleaseScriptingObjects (0ms)
		CreateAndSetChildDomain (57ms)
	RebuildCommonClasses (32ms)
	RebuildNativeTypeToScriptingClass (11ms)
	initialDomainReloadingComplete (25ms)
	LoadAllAssembliesAndSetupDomain (252ms)
		LoadAssemblies (332ms)
		RebuildTransferFunctionScriptingTraits (0ms)
		AnalyzeDomain (33ms)
			TypeCache.Refresh (14ms)
				TypeCache.ScanAssembly (0ms)
			ScanForSourceGeneratedMonoScriptInfo (13ms)
			ResolveRequiredComponents (6ms)
	FinalizeReload (1190ms)
		ReleaseScriptCaches (0ms)
		RebuildScriptCaches (0ms)
		SetupLoadedEditorAssemblies (604ms)
			LogAssemblyErrors (0ms)
			InitializePlatformSupportModulesInManaged (33ms)
			SetLoadedEditorAssemblies (11ms)
			RefreshPlugins (0ms)
			BeforeProcessingInitializeOnLoad (90ms)
			ProcessInitializeOnLoadAttributes (443ms)
			ProcessInitializeOnLoadMethodAttributes (23ms)
			AfterProcessingInitializeOnLoad (2ms)
			EditorAssembliesLoaded (0ms)
		ExecutionOrderSort2 (0ms)
		AwakeInstancesAfterBackupRestoration (7ms)
Refreshing native plugins compatible for Editor in 2.58 ms, found 3 plugins.
Preloading 0 native plugins for Editor in 0.00 ms.
Unloading 3578 Unused Serialized files (Serialized files now loaded: 0)
Unloading 14 unused Assets / (28.5 KB). Loaded Objects now: 4085.
Memory consumption went from 127.8 MB to 127.8 MB.
Total: 2.728800 ms (FindLiveObjects: 0.286600 ms CreateObjectMapping: 0.224800 ms MarkObjects: 2.181300 ms  DeleteObjects: 0.035500 ms)

Prepare: number of updated asset objects reloaded= 0
AssetImportParameters requested are different than current active one (requested -> active):
  custom:scripting/monoscript/fileName/RandomHitPlacer.cs: 0e520bb249608fd9a2ce5ff96c591009 -> 
  custom:container-demuxer-ogg: 62fdf1f143b41e24485cea50d1cbac27 -> 
  custom:scripting/monoscript/fileName/SpriteEditorWindow.cs: 1629bd700639d5abf7ee9c1a15128fda -> 
  custom:scripting/monoscript/fileName/SpriteRect.cs: 8da6d12a5fbd75a0eba31cfa62842428 -> 
  custom:scripting/monoscript/fileName/ISpriteEditorModule.cs: f35f8b8d39dcfd448fbbe9ea48566c2f -> 
  custom:video-decoder-ogg-theora: a1e56fd34408186e4bbccfd4996cb3dc -> 
  custom:scripting/monoscript/fileName/MenuItems.cs: 3ea3522373e3b4d2ef39113c39531efd -> 
  custom:scripting/monoscript/fileName/DefaultSpriteNameFileIdDataProvider.cs: cd965ed390b21ec0302c3211a9f903ff -> 
  custom:framework-win-MediaFoundation: 216162199b28c13a410421893ffa2e32 -> 
  custom:scripting/monoscript/fileName/ShapeEditor.cs: 7eba0c642af179a392c34e527393b30b -> 
  custom:scripting/monoscript/fileName/SpritePolygonModeModule.cs: 8b4aa126b968b0772b9e20476364e690 -> 
  custom:scripting/precompiled-assembly-types:Unity.2D.Sprite.Editor: c80415e041d636416599f4ac20098905 -> 
  custom:scripting/monoscript/fileName/ItemCreationUtility.cs: d1c4ddba747ed633116f555c0d69ace7 -> 
  custom:CustomObjectIndexerAttribute: 9a22284fe3817be447336de3de66b15e -> 
  custom:scripting/monoscript/fileName/SpriteEditorHandles.cs: 8b78502b9b56b3c556563a6e935b52ad -> 
  custom:container-demuxer-webm: 4f35f7cbe854078d1ac9338744f61a02 -> 
  custom:scripting/monoscript/fileName/SpriteNameFileIdPair.cs: 8dab74045e538d5698ea3c4caed3e48c -> 
  custom:scripting/monoscript/fileName/IGL.cs: 8903f8a1304142ec1aefe33b7a4db28c -> 
  custom:scripting/monoscript/fileName/SpritePhysicsShapeModule.cs: 35688b9e178698712b557d50761dc7c2 -> 
  custom:scripting/monoscript/fileName/ITexture.cs: dbb4c87e1c028ce779185d5d3d566460 -> 
  custom:container-muxer-webm: aa71ff27fc2769a1b78a27578f13a17b -> 
  custom:scripting/monoscript/fileName/IEvent.cs: c25d501578d8ebe48d7b30415b0df4c5 -> 
  custom:video-decoder-webm-vp8: 9c59270c3fd7afecdb556c50c9e8de78 -> 
  custom:scripting/monoscript/fileName/SpriteOutlineModule.cs: 249fecf584323de7d2fd0b14e9a4944c -> 
  custom:SearchIndexIgnoredProperties: e643bd26f0fe6173181afceb89e7c659 -> 
  custom:AudioImporter_EditorPlatform: d09bf68614088b80899f8185d706f6e7 -> 
  custom:scripting/monoscript/fileName/SpriteEditorUtility.cs: 7e2d1f2cb427fd67c5461f9431375c3a -> 
  custom:scripting/monoscript/fileName/SpriteSecondaryTexturesModule.cs: 8f361de5bdfd731e220c415240ad033f -> 
  custom:scripting/monoscript/fileName/IGUIUtility.cs: cad79017f17454feb4e1799b1c42f87c -> 
  custom:scripting/monoscript/fileName/IHandles.cs: d2780a18a3844e49d490d68d5cb3d26a -> 
  custom:scripting/monoscript/fileName/TextureImporterDataProvider.cs: d68f5d5325387f4e38fdcf2610c72ce3 -> 
  custom:scripting/monoscript/fileName/SpriteEditorMenu.cs: f9042f312a91c162ede0d5de48225240 -> 
  custom:scripting/monoscript/fileName/ISpriteEditorDataProvider.cs: 4c01add71bf03a3e1afff21bbd534ee9 -> 
  custom:scripting/monoscript/fileName/IUndoSystem.cs: 841a069a843e48d57d362ca08bca21d4 -> 
  custom:scripting/monoscript/fileName/SpritePolygonModeModuleView.cs: db8ddbee5a89c636987047f4602001ef -> 
  custom:scripting/monoscript/fileName/SpriteEditorData.cs: 79e0d970ecf11ef3020398e38672548f -> 
  custom:video-encoder-webm-vp8: eb34c28f22e8b96e1ab97ce403110664 -> 
  custom:audio-decoder-ogg-vorbis: bf7c407c2cedff20999df2af8eb42d56 -> 
  custom:scripting/monoscript/fileName/SpriteEditorWindowSettings.cs: 8e59c26ada2085b3ebaa83fd01af70e3 -> 
  custom:scripting/monoscript/fileName/SpriteFrameModuleBaseView.cs: 72abaa53c3c1184e23d4d9a45f62d8c2 -> 
  custom:scripting/monoscript/fileName/IAssetDatabase.cs: c40b958675a6cd5b519fa6ca497fede4 -> 
  custom:scripting/monoscript/fileName/SpriteFrameModule.cs: f07011b3ec3622062bef733dc29fedf0 -> 
  custom:scripting/monoscript/fileName/ShapeEditorRectSelection.cs: 1696d724b33ef6168949bbdce78d19c6 -> 
  custom:scripting/monoscript/fileName/TextureImporterDataProviderImplementation.cs: ffb9fda6ca225aa106e9fa84455f4e60 -> 
  custom:audio-encoder-webm-vorbis: bf7c407c2cedff20999df2af8eb42d56 -> 
  custom:scripting/monoscript/fileName/SpriteUtilityWindow.cs: 4827aafd0c4d893166845eac1266c4ed -> 
  custom:scripting/monoscript/fileName/SpriteFrameModuleBase.cs: 82472910b376b3c28a6f5b31b28f5f51 -> 
  custom:scripting/precompiled-assembly-types:Assembly-CSharp: e93f0709247239a203fe75050d1d2fbf -> 17fd4233e2971542c9b4d9c5fc8a1fc5
  custom:scripting/monoscript/fileName/SpriteFrameModuleView.cs: f07011b3ec3622062bef733dc29fedf0 -> 
========================================================================
Received Prepare
Caller must complete domain reload
Begin MonoManager ReloadAssembly
- Loaded All Assemblies, in  0.538 seconds
Native extension for WindowsStandalone target not found
Mono: successfully reloaded assembly
- Finished resetting the current domain, in  1.118 seconds
Domain Reload Profiling: 1656ms
	BeginReloadAssembly (192ms)
		ExecutionOrderSort (0ms)
		DisableScriptedObjects (6ms)
		BackupInstance (0ms)
		ReleaseScriptingObjects (0ms)
		CreateAndSetChildDomain (37ms)
	RebuildCommonClasses (33ms)
	RebuildNativeTypeToScriptingClass (12ms)
	initialDomainReloadingComplete (26ms)
	LoadAllAssembliesAndSetupDomain (275ms)
		LoadAssemblies (359ms)
		RebuildTransferFunctionScriptingTraits (0ms)
		AnalyzeDomain (35ms)
			TypeCache.Refresh (12ms)
				TypeCache.ScanAssembly (0ms)
			ScanForSourceGeneratedMonoScriptInfo (14ms)
			ResolveRequiredComponents (6ms)
	FinalizeReload (1118ms)
		ReleaseScriptCaches (0ms)
		RebuildScriptCaches (0ms)
		SetupLoadedEditorAssemblies (560ms)
			LogAssemblyErrors (0ms)
			InitializePlatformSupportModulesInManaged (6ms)
			SetLoadedEditorAssemblies (5ms)
			RefreshPlugins (0ms)
			BeforeProcessingInitializeOnLoad (95ms)
			ProcessInitializeOnLoadAttributes (426ms)
			ProcessInitializeOnLoadMethodAttributes (25ms)
			AfterProcessingInitializeOnLoad (2ms)
			EditorAssembliesLoaded (0ms)
		ExecutionOrderSort2 (0ms)
		AwakeInstancesAfterBackupRestoration (9ms)
Refreshing native plugins compatible for Editor in 2.59 ms, found 3 plugins.
Preloading 0 native plugins for Editor in 0.00 ms.
Unloading 3577 Unused Serialized files (Serialized files now loaded: 0)
Unloading 15 unused Assets / (29.1 KB). Loaded Objects now: 4087.
Memory consumption went from 127.8 MB to 127.8 MB.
Total: 3.088200 ms (FindLiveObjects: 0.280800 ms CreateObjectMapping: 0.346800 ms MarkObjects: 2.419500 ms  DeleteObjects: 0.040200 ms)

Prepare: number of updated asset objects reloaded= 0
AssetImportParameters requested are different than current active one (requested -> active):
  custom:scripting/monoscript/fileName/RandomHitPlacer.cs: 0e520bb249608fd9a2ce5ff96c591009 -> 
  custom:container-demuxer-ogg: 62fdf1f143b41e24485cea50d1cbac27 -> 
  custom:scripting/monoscript/fileName/SpriteEditorWindow.cs: 1629bd700639d5abf7ee9c1a15128fda -> 
  custom:scripting/monoscript/fileName/SpriteRect.cs: 8da6d12a5fbd75a0eba31cfa62842428 -> 
  custom:scripting/monoscript/fileName/ISpriteEditorModule.cs: f35f8b8d39dcfd448fbbe9ea48566c2f -> 
  custom:video-decoder-ogg-theora: a1e56fd34408186e4bbccfd4996cb3dc -> 
  custom:scripting/monoscript/fileName/MenuItems.cs: 3ea3522373e3b4d2ef39113c39531efd -> 
  custom:scripting/monoscript/fileName/DefaultSpriteNameFileIdDataProvider.cs: cd965ed390b21ec0302c3211a9f903ff -> 
  custom:framework-win-MediaFoundation: 216162199b28c13a410421893ffa2e32 -> 
  custom:scripting/monoscript/fileName/ShapeEditor.cs: 7eba0c642af179a392c34e527393b30b -> 
  custom:scripting/monoscript/fileName/SpritePolygonModeModule.cs: 8b4aa126b968b0772b9e20476364e690 -> 
  custom:scripting/precompiled-assembly-types:Unity.2D.Sprite.Editor: c80415e041d636416599f4ac20098905 -> 
  custom:scripting/monoscript/fileName/ItemCreationUtility.cs: d1c4ddba747ed633116f555c0d69ace7 -> 
  custom:CustomObjectIndexerAttribute: 9a22284fe3817be447336de3de66b15e -> 
  custom:scripting/monoscript/fileName/SpriteEditorHandles.cs: 8b78502b9b56b3c556563a6e935b52ad -> 
  custom:container-demuxer-webm: 4f35f7cbe854078d1ac9338744f61a02 -> 
  custom:scripting/monoscript/fileName/SpriteNameFileIdPair.cs: 8dab74045e538d5698ea3c4caed3e48c -> 
  custom:scripting/monoscript/fileName/IGL.cs: 8903f8a1304142ec1aefe33b7a4db28c -> 
  custom:scripting/monoscript/fileName/SpritePhysicsShapeModule.cs: 35688b9e178698712b557d50761dc7c2 -> 
  custom:scripting/monoscript/fileName/ITexture.cs: dbb4c87e1c028ce779185d5d3d566460 -> 
  custom:container-muxer-webm: aa71ff27fc2769a1b78a27578f13a17b -> 
  custom:scripting/monoscript/fileName/IEvent.cs: c25d501578d8ebe48d7b30415b0df4c5 -> 
  custom:video-decoder-webm-vp8: 9c59270c3fd7afecdb556c50c9e8de78 -> 
  custom:scripting/monoscript/fileName/SpriteOutlineModule.cs: 249fecf584323de7d2fd0b14e9a4944c -> 
  custom:SearchIndexIgnoredProperties: e643bd26f0fe6173181afceb89e7c659 -> 
  custom:AudioImporter_EditorPlatform: d09bf68614088b80899f8185d706f6e7 -> 
  custom:scripting/monoscript/fileName/SpriteEditorUtility.cs: 7e2d1f2cb427fd67c5461f9431375c3a -> 
  custom:scripting/monoscript/fileName/SpriteSecondaryTexturesModule.cs: 8f361de5bdfd731e220c415240ad033f -> 
  custom:scripting/monoscript/fileName/IGUIUtility.cs: cad79017f17454feb4e1799b1c42f87c -> 
  custom:scripting/monoscript/fileName/IHandles.cs: d2780a18a3844e49d490d68d5cb3d26a -> 
  custom:scripting/monoscript/fileName/TextureImporterDataProvider.cs: d68f5d5325387f4e38fdcf2610c72ce3 -> 
  custom:scripting/monoscript/fileName/SpriteEditorMenu.cs: f9042f312a91c162ede0d5de48225240 -> 
  custom:scripting/monoscript/fileName/ISpriteEditorDataProvider.cs: 4c01add71bf03a3e1afff21bbd534ee9 -> 
  custom:scripting/monoscript/fileName/IUndoSystem.cs: 841a069a843e48d57d362ca08bca21d4 -> 
  custom:scripting/monoscript/fileName/SpritePolygonModeModuleView.cs: db8ddbee5a89c636987047f4602001ef -> 
  custom:scripting/monoscript/fileName/SpriteEditorData.cs: 79e0d970ecf11ef3020398e38672548f -> 
  custom:video-encoder-webm-vp8: eb34c28f22e8b96e1ab97ce403110664 -> 
  custom:audio-decoder-ogg-vorbis: bf7c407c2cedff20999df2af8eb42d56 -> 
  custom:scripting/monoscript/fileName/SpriteEditorWindowSettings.cs: 8e59c26ada2085b3ebaa83fd01af70e3 -> 
  custom:scripting/monoscript/fileName/SpriteFrameModuleBaseView.cs: 72abaa53c3c1184e23d4d9a45f62d8c2 -> 
  custom:scripting/monoscript/fileName/IAssetDatabase.cs: c40b958675a6cd5b519fa6ca497fede4 -> 
  custom:scripting/monoscript/fileName/SpriteFrameModule.cs: f07011b3ec3622062bef733dc29fedf0 -> 
  custom:scripting/monoscript/fileName/ShapeEditorRectSelection.cs: 1696d724b33ef6168949bbdce78d19c6 -> 
  custom:scripting/monoscript/fileName/TextureImporterDataProviderImplementation.cs: ffb9fda6ca225aa106e9fa84455f4e60 -> 
  custom:audio-encoder-webm-vorbis: bf7c407c2cedff20999df2af8eb42d56 -> 
  custom:scripting/monoscript/fileName/SpriteUtilityWindow.cs: 4827aafd0c4d893166845eac1266c4ed -> 
  custom:scripting/monoscript/fileName/SpriteFrameModuleBase.cs: 82472910b376b3c28a6f5b31b28f5f51 -> 
  custom:scripting/monoscript/fileName/SpriteFrameModuleView.cs: f07011b3ec3622062bef733dc29fedf0 -> 
========================================================================
Received Import Request.
  Time since last request: 741.771300 seconds.
  path: Assets/ECCreated/Scripts/ActionCircleRotate.cs
  artifactKey: Guid(261c82803a3a9844391129caa5a1c5ac) Importer(815301076,1909f56bfc062723c751e8b465ee728b)
Start importing Assets/ECCreated/Scripts/ActionCircleRotate.cs using Guid(261c82803a3a9844391129caa5a1c5ac) Importer(815301076,1909f56bfc062723c751e8b465ee728b) [PhysX] Initialized MultithreadedTaskDispatcher with 8 workers.
 -> (artifact id: '9a6f28786567bc452c047d43e0c3d354') in 0.002433 seconds
Number of updated asset objects reloaded before import = 0
Number of asset objects unloaded after import = 0
========================================================================
Received Import Request.
  Time since last request: 55.102565 seconds.
  path: Assets/ECCreated/Scripts/PlayerControl.cs
  artifactKey: Guid(1c2ce67864521fc4d93e7d676c288ef8) Importer(815301076,1909f56bfc062723c751e8b465ee728b)
Start importing Assets/ECCreated/Scripts/PlayerControl.cs using Guid(1c2ce67864521fc4d93e7d676c288ef8) Importer(815301076,1909f56bfc062723c751e8b465ee728b) [PhysX] Initialized MultithreadedTaskDispatcher with 8 workers.
 -> (artifact id: 'a249a7ade72526a6ca04db63c9febd21') in 0.000353 seconds
Number of updated asset objects reloaded before import = 0
Number of asset objects unloaded after import = 0
========================================================================
Received Prepare
Caller must complete domain reload
Begin MonoManager ReloadAssembly
- Loaded All Assemblies, in  0.553 seconds
Native extension for WindowsStandalone target not found
Mono: successfully reloaded assembly
- Finished resetting the current domain, in  1.066 seconds
Domain Reload Profiling: 1620ms
	BeginReloadAssembly (199ms)
		ExecutionOrderSort (0ms)
		DisableScriptedObjects (5ms)
		BackupInstance (0ms)
		ReleaseScriptingObjects (0ms)
		CreateAndSetChildDomain (36ms)
	RebuildCommonClasses (33ms)
	RebuildNativeTypeToScriptingClass (11ms)
	initialDomainReloadingComplete (27ms)
	LoadAllAssembliesAndSetupDomain (283ms)
		LoadAssemblies (373ms)
		RebuildTransferFunctionScriptingTraits (0ms)
		AnalyzeDomain (39ms)
			TypeCache.Refresh (16ms)
				TypeCache.ScanAssembly (0ms)
			ScanForSourceGeneratedMonoScriptInfo (15ms)
			ResolveRequiredComponents (6ms)
	FinalizeReload (1067ms)
		ReleaseScriptCaches (0ms)
		RebuildScriptCaches (0ms)
		SetupLoadedEditorAssemblies (587ms)
			LogAssemblyErrors (0ms)
			InitializePlatformSupportModulesInManaged (5ms)
			SetLoadedEditorAssemblies (5ms)
			RefreshPlugins (0ms)
			BeforeProcessingInitializeOnLoad (92ms)
			ProcessInitializeOnLoadAttributes (461ms)
			ProcessInitializeOnLoadMethodAttributes (20ms)
			AfterProcessingInitializeOnLoad (3ms)
			EditorAssembliesLoaded (0ms)
		ExecutionOrderSort2 (0ms)
		AwakeInstancesAfterBackupRestoration (5ms)
Refreshing native plugins compatible for Editor in 2.64 ms, found 3 plugins.
Preloading 0 native plugins for Editor in 0.00 ms.
Unloading 3576 Unused Serialized files (Serialized files now loaded: 0)
Unloading 14 unused Assets / (28.5 KB). Loaded Objects now: 4090.
Memory consumption went from 127.6 MB to 127.6 MB.
Total: 2.767400 ms (FindLiveObjects: 0.280700 ms CreateObjectMapping: 0.193500 ms MarkObjects: 2.252200 ms  DeleteObjects: 0.040200 ms)

Prepare: number of updated asset objects reloaded= 0
AssetImportParameters requested are different than current active one (requested -> active):
  custom:scripting/monoscript/fileName/RandomHitPlacer.cs: 0e520bb249608fd9a2ce5ff96c591009 -> 
  custom:container-demuxer-ogg: 62fdf1f143b41e24485cea50d1cbac27 -> 
  custom:scripting/monoscript/fileName/SpriteEditorWindow.cs: 1629bd700639d5abf7ee9c1a15128fda -> 
  custom:scripting/monoscript/fileName/SpriteRect.cs: 8da6d12a5fbd75a0eba31cfa62842428 -> 
  custom:scripting/monoscript/fileName/ISpriteEditorModule.cs: f35f8b8d39dcfd448fbbe9ea48566c2f -> 
  custom:video-decoder-ogg-theora: a1e56fd34408186e4bbccfd4996cb3dc -> 
  custom:scripting/monoscript/fileName/MenuItems.cs: 3ea3522373e3b4d2ef39113c39531efd -> 
  custom:scripting/monoscript/fileName/DefaultSpriteNameFileIdDataProvider.cs: cd965ed390b21ec0302c3211a9f903ff -> 
  custom:framework-win-MediaFoundation: 216162199b28c13a410421893ffa2e32 -> 
  custom:scripting/monoscript/fileName/ShapeEditor.cs: 7eba0c642af179a392c34e527393b30b -> 
  custom:scripting/monoscript/fileName/SpritePolygonModeModule.cs: 8b4aa126b968b0772b9e20476364e690 -> 
  custom:scripting/precompiled-assembly-types:Unity.2D.Sprite.Editor: c80415e041d636416599f4ac20098905 -> 
  custom:scripting/monoscript/fileName/ItemCreationUtility.cs: d1c4ddba747ed633116f555c0d69ace7 -> 
  custom:CustomObjectIndexerAttribute: 9a22284fe3817be447336de3de66b15e -> 
  custom:scripting/monoscript/fileName/SpriteEditorHandles.cs: 8b78502b9b56b3c556563a6e935b52ad -> 
  custom:container-demuxer-webm: 4f35f7cbe854078d1ac9338744f61a02 -> 
  custom:scripting/monoscript/fileName/SpriteNameFileIdPair.cs: 8dab74045e538d5698ea3c4caed3e48c -> 
  custom:scripting/monoscript/fileName/IGL.cs: 8903f8a1304142ec1aefe33b7a4db28c -> 
  custom:scripting/monoscript/fileName/SpritePhysicsShapeModule.cs: 35688b9e178698712b557d50761dc7c2 -> 
  custom:scripting/monoscript/fileName/ITexture.cs: dbb4c87e1c028ce779185d5d3d566460 -> 
  custom:container-muxer-webm: aa71ff27fc2769a1b78a27578f13a17b -> 
  custom:scripting/monoscript/fileName/IEvent.cs: c25d501578d8ebe48d7b30415b0df4c5 -> 
  custom:video-decoder-webm-vp8: 9c59270c3fd7afecdb556c50c9e8de78 -> 
  custom:scripting/monoscript/fileName/SpriteOutlineModule.cs: 249fecf584323de7d2fd0b14e9a4944c -> 
  custom:SearchIndexIgnoredProperties: e643bd26f0fe6173181afceb89e7c659 -> 
  custom:AudioImporter_EditorPlatform: d09bf68614088b80899f8185d706f6e7 -> 
  custom:scripting/monoscript/fileName/SpriteEditorUtility.cs: 7e2d1f2cb427fd67c5461f9431375c3a -> 
  custom:scripting/monoscript/fileName/SpriteSecondaryTexturesModule.cs: 8f361de5bdfd731e220c415240ad033f -> 
  custom:scripting/monoscript/fileName/IGUIUtility.cs: cad79017f17454feb4e1799b1c42f87c -> 
  custom:scripting/monoscript/fileName/IHandles.cs: d2780a18a3844e49d490d68d5cb3d26a -> 
  custom:scripting/monoscript/fileName/TextureImporterDataProvider.cs: d68f5d5325387f4e38fdcf2610c72ce3 -> 
  custom:scripting/monoscript/fileName/SpriteEditorMenu.cs: f9042f312a91c162ede0d5de48225240 -> 
  custom:scripting/monoscript/fileName/ISpriteEditorDataProvider.cs: 4c01add71bf03a3e1afff21bbd534ee9 -> 
  custom:scripting/monoscript/fileName/IUndoSystem.cs: 841a069a843e48d57d362ca08bca21d4 -> 
  custom:scripting/monoscript/fileName/SpritePolygonModeModuleView.cs: db8ddbee5a89c636987047f4602001ef -> 
  custom:scripting/monoscript/fileName/SpriteEditorData.cs: 79e0d970ecf11ef3020398e38672548f -> 
  custom:video-encoder-webm-vp8: eb34c28f22e8b96e1ab97ce403110664 -> 
  custom:audio-decoder-ogg-vorbis: bf7c407c2cedff20999df2af8eb42d56 -> 
  custom:scripting/monoscript/fileName/SpriteEditorWindowSettings.cs: 8e59c26ada2085b3ebaa83fd01af70e3 -> 
  custom:scripting/monoscript/fileName/SpriteFrameModuleBaseView.cs: 72abaa53c3c1184e23d4d9a45f62d8c2 -> 
  custom:scripting/monoscript/fileName/IAssetDatabase.cs: c40b958675a6cd5b519fa6ca497fede4 -> 
  custom:scripting/monoscript/fileName/SpriteFrameModule.cs: f07011b3ec3622062bef733dc29fedf0 -> 
  custom:scripting/monoscript/fileName/ShapeEditorRectSelection.cs: 1696d724b33ef6168949bbdce78d19c6 -> 
  custom:scripting/monoscript/fileName/TextureImporterDataProviderImplementation.cs: ffb9fda6ca225aa106e9fa84455f4e60 -> 
  custom:audio-encoder-webm-vorbis: bf7c407c2cedff20999df2af8eb42d56 -> 
  custom:scripting/monoscript/fileName/SpriteUtilityWindow.cs: 4827aafd0c4d893166845eac1266c4ed -> 
  custom:scripting/monoscript/fileName/SpriteFrameModuleBase.cs: 82472910b376b3c28a6f5b31b28f5f51 -> 
  custom:scripting/monoscript/fileName/SpriteFrameModuleView.cs: f07011b3ec3622062bef733dc29fedf0 -> 
========================================================================
Received Import Request.
  Time since last request: 56.575209 seconds.
  path: Assets/ECCreated/Scripts/ActionCircleRotate.cs
  artifactKey: Guid(261c82803a3a9844391129caa5a1c5ac) Importer(815301076,1909f56bfc062723c751e8b465ee728b)
Start importing Assets/ECCreated/Scripts/ActionCircleRotate.cs using Guid(261c82803a3a9844391129caa5a1c5ac) Importer(815301076,1909f56bfc062723c751e8b465ee728b) [PhysX] Initialized MultithreadedTaskDispatcher with 8 workers.
 -> (artifact id: 'c31bd0243804c7d419effe7a9efaf48e') in 0.001533 seconds
Number of updated asset objects reloaded before import = 0
Number of asset objects unloaded after import = 0
========================================================================
Received Prepare
Caller must complete domain reload
Begin MonoManager ReloadAssembly
- Loaded All Assemblies, in  0.531 seconds
Native extension for WindowsStandalone target not found
Mono: successfully reloaded assembly
- Finished resetting the current domain, in  1.140 seconds
Domain Reload Profiling: 1671ms
	BeginReloadAssembly (180ms)
		ExecutionOrderSort (0ms)
		DisableScriptedObjects (5ms)
		BackupInstance (0ms)
		ReleaseScriptingObjects (0ms)
		CreateAndSetChildDomain (39ms)
	RebuildCommonClasses (33ms)
	RebuildNativeTypeToScriptingClass (10ms)
	initialDomainReloadingComplete (26ms)
	LoadAllAssembliesAndSetupDomain (280ms)
		LoadAssemblies (335ms)
		RebuildTransferFunctionScriptingTraits (0ms)
		AnalyzeDomain (53ms)
			TypeCache.Refresh (16ms)
				TypeCache.ScanAssembly (0ms)
			ScanForSourceGeneratedMonoScriptInfo (18ms)
			ResolveRequiredComponents (13ms)
	FinalizeReload (1141ms)
		ReleaseScriptCaches (0ms)
		RebuildScriptCaches (0ms)
		SetupLoadedEditorAssemblies (578ms)
			LogAssemblyErrors (0ms)
			InitializePlatformSupportModulesInManaged (5ms)
			SetLoadedEditorAssemblies (5ms)
			RefreshPlugins (0ms)
			BeforeProcessingInitializeOnLoad (91ms)
			ProcessInitializeOnLoadAttributes (450ms)
			ProcessInitializeOnLoadMethodAttributes (24ms)
			AfterProcessingInitializeOnLoad (2ms)
			EditorAssembliesLoaded (0ms)
		ExecutionOrderSort2 (0ms)
		AwakeInstancesAfterBackupRestoration (7ms)
Refreshing native plugins compatible for Editor in 2.69 ms, found 3 plugins.
Preloading 0 native plugins for Editor in 0.00 ms.
Unloading 3576 Unused Serialized files (Serialized files now loaded: 0)
Unloading 14 unused Assets / (28.6 KB). Loaded Objects now: 4093.
Memory consumption went from 127.6 MB to 127.6 MB.
Total: 3.321600 ms (FindLiveObjects: 0.267800 ms CreateObjectMapping: 0.200900 ms MarkObjects: 2.815500 ms  DeleteObjects: 0.036800 ms)

Prepare: number of updated asset objects reloaded= 0
AssetImportParameters requested are different than current active one (requested -> active):
  custom:scripting/monoscript/fileName/RandomHitPlacer.cs: 0e520bb249608fd9a2ce5ff96c591009 -> 
  custom:container-demuxer-ogg: 62fdf1f143b41e24485cea50d1cbac27 -> 
  custom:scripting/monoscript/fileName/SpriteEditorWindow.cs: 1629bd700639d5abf7ee9c1a15128fda -> 
  custom:scripting/monoscript/fileName/SpriteRect.cs: 8da6d12a5fbd75a0eba31cfa62842428 -> 
  custom:scripting/monoscript/fileName/ISpriteEditorModule.cs: f35f8b8d39dcfd448fbbe9ea48566c2f -> 
  custom:video-decoder-ogg-theora: a1e56fd34408186e4bbccfd4996cb3dc -> 
  custom:scripting/monoscript/fileName/MenuItems.cs: 3ea3522373e3b4d2ef39113c39531efd -> 
  custom:scripting/monoscript/fileName/DefaultSpriteNameFileIdDataProvider.cs: cd965ed390b21ec0302c3211a9f903ff -> 
  custom:framework-win-MediaFoundation: 216162199b28c13a410421893ffa2e32 -> 
  custom:scripting/monoscript/fileName/ShapeEditor.cs: 7eba0c642af179a392c34e527393b30b -> 
  custom:scripting/monoscript/fileName/SpritePolygonModeModule.cs: 8b4aa126b968b0772b9e20476364e690 -> 
  custom:scripting/precompiled-assembly-types:Unity.2D.Sprite.Editor: c80415e041d636416599f4ac20098905 -> 
  custom:scripting/monoscript/fileName/ItemCreationUtility.cs: d1c4ddba747ed633116f555c0d69ace7 -> 
  custom:CustomObjectIndexerAttribute: 9a22284fe3817be447336de3de66b15e -> 
  custom:scripting/monoscript/fileName/SpriteEditorHandles.cs: 8b78502b9b56b3c556563a6e935b52ad -> 
  custom:container-demuxer-webm: 4f35f7cbe854078d1ac9338744f61a02 -> 
  custom:scripting/monoscript/fileName/SpriteNameFileIdPair.cs: 8dab74045e538d5698ea3c4caed3e48c -> 
  custom:scripting/monoscript/fileName/IGL.cs: 8903f8a1304142ec1aefe33b7a4db28c -> 
  custom:scripting/monoscript/fileName/SpritePhysicsShapeModule.cs: 35688b9e178698712b557d50761dc7c2 -> 
  custom:scripting/monoscript/fileName/ITexture.cs: dbb4c87e1c028ce779185d5d3d566460 -> 
  custom:container-muxer-webm: aa71ff27fc2769a1b78a27578f13a17b -> 
  custom:scripting/monoscript/fileName/IEvent.cs: c25d501578d8ebe48d7b30415b0df4c5 -> 
  custom:video-decoder-webm-vp8: 9c59270c3fd7afecdb556c50c9e8de78 -> 
  custom:scripting/monoscript/fileName/SpriteOutlineModule.cs: 249fecf584323de7d2fd0b14e9a4944c -> 
  custom:SearchIndexIgnoredProperties: e643bd26f0fe6173181afceb89e7c659 -> 
  custom:AudioImporter_EditorPlatform: d09bf68614088b80899f8185d706f6e7 -> 
  custom:scripting/monoscript/fileName/SpriteEditorUtility.cs: 7e2d1f2cb427fd67c5461f9431375c3a -> 
  custom:scripting/monoscript/fileName/SpriteSecondaryTexturesModule.cs: 8f361de5bdfd731e220c415240ad033f -> 
  custom:scripting/monoscript/fileName/IGUIUtility.cs: cad79017f17454feb4e1799b1c42f87c -> 
  custom:scripting/monoscript/fileName/IHandles.cs: d2780a18a3844e49d490d68d5cb3d26a -> 
  custom:scripting/monoscript/fileName/TextureImporterDataProvider.cs: d68f5d5325387f4e38fdcf2610c72ce3 -> 
  custom:scripting/monoscript/fileName/SpriteEditorMenu.cs: f9042f312a91c162ede0d5de48225240 -> 
  custom:scripting/monoscript/fileName/ISpriteEditorDataProvider.cs: 4c01add71bf03a3e1afff21bbd534ee9 -> 
  custom:scripting/monoscript/fileName/IUndoSystem.cs: 841a069a843e48d57d362ca08bca21d4 -> 
  custom:scripting/monoscript/fileName/SpritePolygonModeModuleView.cs: db8ddbee5a89c636987047f4602001ef -> 
  custom:scripting/monoscript/fileName/SpriteEditorData.cs: 79e0d970ecf11ef3020398e38672548f -> 
  custom:video-encoder-webm-vp8: eb34c28f22e8b96e1ab97ce403110664 -> 
  custom:audio-decoder-ogg-vorbis: bf7c407c2cedff20999df2af8eb42d56 -> 
  custom:scripting/monoscript/fileName/SpriteEditorWindowSettings.cs: 8e59c26ada2085b3ebaa83fd01af70e3 -> 
  custom:scripting/monoscript/fileName/SpriteFrameModuleBaseView.cs: 72abaa53c3c1184e23d4d9a45f62d8c2 -> 
  custom:scripting/monoscript/fileName/IAssetDatabase.cs: c40b958675a6cd5b519fa6ca497fede4 -> 
  custom:scripting/monoscript/fileName/SpriteFrameModule.cs: f07011b3ec3622062bef733dc29fedf0 -> 
  custom:scripting/monoscript/fileName/ShapeEditorRectSelection.cs: 1696d724b33ef6168949bbdce78d19c6 -> 
  custom:scripting/monoscript/fileName/TextureImporterDataProviderImplementation.cs: ffb9fda6ca225aa106e9fa84455f4e60 -> 
  custom:audio-encoder-webm-vorbis: bf7c407c2cedff20999df2af8eb42d56 -> 
  custom:scripting/monoscript/fileName/SpriteUtilityWindow.cs: 4827aafd0c4d893166845eac1266c4ed -> 
  custom:scripting/monoscript/fileName/SpriteFrameModuleBase.cs: 82472910b376b3c28a6f5b31b28f5f51 -> 
  custom:scripting/monoscript/fileName/SpriteFrameModuleView.cs: f07011b3ec3622062bef733dc29fedf0 -> 
========================================================================
Received Prepare
Caller must complete domain reload
Begin MonoManager ReloadAssembly
- Loaded All Assemblies, in  0.482 seconds
Native extension for WindowsStandalone target not found
Mono: successfully reloaded assembly
- Finished resetting the current domain, in  1.137 seconds
Domain Reload Profiling: 1619ms
	BeginReloadAssembly (169ms)
		ExecutionOrderSort (0ms)
		DisableScriptedObjects (7ms)
		BackupInstance (0ms)
		ReleaseScriptingObjects (0ms)
		CreateAndSetChildDomain (34ms)
	RebuildCommonClasses (32ms)
	RebuildNativeTypeToScriptingClass (11ms)
	initialDomainReloadingComplete (24ms)
	LoadAllAssembliesAndSetupDomain (246ms)
		LoadAssemblies (331ms)
		RebuildTransferFunctionScriptingTraits (0ms)
		AnalyzeDomain (16ms)
			TypeCache.Refresh (9ms)
				TypeCache.ScanAssembly (0ms)
			ScanForSourceGeneratedMonoScriptInfo (0ms)
			ResolveRequiredComponents (6ms)
	FinalizeReload (1138ms)
		ReleaseScriptCaches (0ms)
		RebuildScriptCaches (0ms)
		SetupLoadedEditorAssemblies (614ms)
			LogAssemblyErrors (0ms)
			InitializePlatformSupportModulesInManaged (10ms)
			SetLoadedEditorAssemblies (6ms)
			RefreshPlugins (0ms)
			BeforeProcessingInitializeOnLoad (103ms)
			ProcessInitializeOnLoadAttributes (467ms)
			ProcessInitializeOnLoadMethodAttributes (26ms)
			AfterProcessingInitializeOnLoad (2ms)
			EditorAssembliesLoaded (0ms)
		ExecutionOrderSort2 (0ms)
		AwakeInstancesAfterBackupRestoration (7ms)
Refreshing native plugins compatible for Editor in 2.80 ms, found 3 plugins.
Preloading 0 native plugins for Editor in 0.00 ms.
Unloading 3577 Unused Serialized files (Serialized files now loaded: 0)
Unloading 14 unused Assets / (28.5 KB). Loaded Objects now: 4096.
Memory consumption went from 127.8 MB to 127.8 MB.
Total: 3.503400 ms (FindLiveObjects: 0.408800 ms CreateObjectMapping: 0.412700 ms MarkObjects: 2.628100 ms  DeleteObjects: 0.052800 ms)

Prepare: number of updated asset objects reloaded= 0
AssetImportParameters requested are different than current active one (requested -> active):
  custom:scripting/monoscript/fileName/RandomHitPlacer.cs: 0e520bb249608fd9a2ce5ff96c591009 -> 
  custom:container-demuxer-ogg: 62fdf1f143b41e24485cea50d1cbac27 -> 
  custom:scripting/monoscript/fileName/SpriteEditorWindow.cs: 1629bd700639d5abf7ee9c1a15128fda -> 
  custom:scripting/monoscript/fileName/SpriteRect.cs: 8da6d12a5fbd75a0eba31cfa62842428 -> 
  custom:scripting/monoscript/fileName/ISpriteEditorModule.cs: f35f8b8d39dcfd448fbbe9ea48566c2f -> 
  custom:video-decoder-ogg-theora: a1e56fd34408186e4bbccfd4996cb3dc -> 
  custom:scripting/monoscript/fileName/MenuItems.cs: 3ea3522373e3b4d2ef39113c39531efd -> 
  custom:scripting/monoscript/fileName/DefaultSpriteNameFileIdDataProvider.cs: cd965ed390b21ec0302c3211a9f903ff -> 
  custom:framework-win-MediaFoundation: 216162199b28c13a410421893ffa2e32 -> 
  custom:scripting/monoscript/fileName/ShapeEditor.cs: 7eba0c642af179a392c34e527393b30b -> 
  custom:scripting/monoscript/fileName/SpritePolygonModeModule.cs: 8b4aa126b968b0772b9e20476364e690 -> 
  custom:scripting/precompiled-assembly-types:Unity.2D.Sprite.Editor: c80415e041d636416599f4ac20098905 -> 
  custom:scripting/monoscript/fileName/ItemCreationUtility.cs: d1c4ddba747ed633116f555c0d69ace7 -> 
  custom:CustomObjectIndexerAttribute: 9a22284fe3817be447336de3de66b15e -> 
  custom:scripting/monoscript/fileName/SpriteEditorHandles.cs: 8b78502b9b56b3c556563a6e935b52ad -> 
  custom:container-demuxer-webm: 4f35f7cbe854078d1ac9338744f61a02 -> 
  custom:scripting/monoscript/fileName/SpriteNameFileIdPair.cs: 8dab74045e538d5698ea3c4caed3e48c -> 
  custom:scripting/monoscript/fileName/IGL.cs: 8903f8a1304142ec1aefe33b7a4db28c -> 
  custom:scripting/monoscript/fileName/SpritePhysicsShapeModule.cs: 35688b9e178698712b557d50761dc7c2 -> 
  custom:scripting/monoscript/fileName/ITexture.cs: dbb4c87e1c028ce779185d5d3d566460 -> 
  custom:container-muxer-webm: aa71ff27fc2769a1b78a27578f13a17b -> 
  custom:scripting/monoscript/fileName/IEvent.cs: c25d501578d8ebe48d7b30415b0df4c5 -> 
  custom:video-decoder-webm-vp8: 9c59270c3fd7afecdb556c50c9e8de78 -> 
  custom:scripting/monoscript/fileName/SpriteOutlineModule.cs: 249fecf584323de7d2fd0b14e9a4944c -> 
  custom:SearchIndexIgnoredProperties: e643bd26f0fe6173181afceb89e7c659 -> 
  custom:AudioImporter_EditorPlatform: d09bf68614088b80899f8185d706f6e7 -> 
  custom:scripting/monoscript/fileName/SpriteEditorUtility.cs: 7e2d1f2cb427fd67c5461f9431375c3a -> 
  custom:scripting/monoscript/fileName/SpriteSecondaryTexturesModule.cs: 8f361de5bdfd731e220c415240ad033f -> 
  custom:scripting/monoscript/fileName/IGUIUtility.cs: cad79017f17454feb4e1799b1c42f87c -> 
  custom:scripting/monoscript/fileName/IHandles.cs: d2780a18a3844e49d490d68d5cb3d26a -> 
  custom:scripting/monoscript/fileName/TextureImporterDataProvider.cs: d68f5d5325387f4e38fdcf2610c72ce3 -> 
  custom:scripting/monoscript/fileName/SpriteEditorMenu.cs: f9042f312a91c162ede0d5de48225240 -> 
  custom:scripting/monoscript/fileName/ISpriteEditorDataProvider.cs: 4c01add71bf03a3e1afff21bbd534ee9 -> 
  custom:scripting/monoscript/fileName/IUndoSystem.cs: 841a069a843e48d57d362ca08bca21d4 -> 
  custom:scripting/monoscript/fileName/SpritePolygonModeModuleView.cs: db8ddbee5a89c636987047f4602001ef -> 
  custom:scripting/monoscript/fileName/SpriteEditorData.cs: 79e0d970ecf11ef3020398e38672548f -> 
  custom:video-encoder-webm-vp8: eb34c28f22e8b96e1ab97ce403110664 -> 
  custom:audio-decoder-ogg-vorbis: bf7c407c2cedff20999df2af8eb42d56 -> 
  custom:scripting/monoscript/fileName/SpriteEditorWindowSettings.cs: 8e59c26ada2085b3ebaa83fd01af70e3 -> 
  custom:scripting/monoscript/fileName/SpriteFrameModuleBaseView.cs: 72abaa53c3c1184e23d4d9a45f62d8c2 -> 
  custom:scripting/monoscript/fileName/IAssetDatabase.cs: c40b958675a6cd5b519fa6ca497fede4 -> 
  custom:scripting/monoscript/fileName/SpriteFrameModule.cs: f07011b3ec3622062bef733dc29fedf0 -> 
  custom:scripting/monoscript/fileName/ShapeEditorRectSelection.cs: 1696d724b33ef6168949bbdce78d19c6 -> 
  custom:scripting/monoscript/fileName/TextureImporterDataProviderImplementation.cs: ffb9fda6ca225aa106e9fa84455f4e60 -> 
  custom:audio-encoder-webm-vorbis: bf7c407c2cedff20999df2af8eb42d56 -> 
  custom:scripting/monoscript/fileName/SpriteUtilityWindow.cs: 4827aafd0c4d893166845eac1266c4ed -> 
  custom:scripting/monoscript/fileName/SpriteFrameModuleBase.cs: 82472910b376b3c28a6f5b31b28f5f51 -> 
  custom:scripting/monoscript/fileName/SpriteFrameModuleView.cs: f07011b3ec3622062bef733dc29fedf0 -> 
========================================================================
Received Prepare
Caller must complete domain reload
Begin MonoManager ReloadAssembly
- Loaded All Assemblies, in  0.588 seconds
Native extension for WindowsStandalone target not found
Mono: successfully reloaded assembly
- Finished resetting the current domain, in  1.058 seconds
Domain Reload Profiling: 1646ms
	BeginReloadAssembly (204ms)
		ExecutionOrderSort (0ms)
		DisableScriptedObjects (5ms)
		BackupInstance (0ms)
		ReleaseScriptingObjects (0ms)
		CreateAndSetChildDomain (39ms)
	RebuildCommonClasses (39ms)
	RebuildNativeTypeToScriptingClass (11ms)
	initialDomainReloadingComplete (26ms)
	LoadAllAssembliesAndSetupDomain (307ms)
		LoadAssemblies (392ms)
		RebuildTransferFunctionScriptingTraits (0ms)
		AnalyzeDomain (41ms)
			TypeCache.Refresh (15ms)
				TypeCache.ScanAssembly (0ms)
			ScanForSourceGeneratedMonoScriptInfo (18ms)
			ResolveRequiredComponents (6ms)
	FinalizeReload (1058ms)
		ReleaseScriptCaches (0ms)
		RebuildScriptCaches (0ms)
		SetupLoadedEditorAssemblies (559ms)
			LogAssemblyErrors (0ms)
			InitializePlatformSupportModulesInManaged (9ms)
			SetLoadedEditorAssemblies (6ms)
			RefreshPlugins (0ms)
			BeforeProcessingInitializeOnLoad (98ms)
			ProcessInitializeOnLoadAttributes (419ms)
			ProcessInitializeOnLoadMethodAttributes (23ms)
			AfterProcessingInitializeOnLoad (2ms)
			EditorAssembliesLoaded (2ms)
		ExecutionOrderSort2 (0ms)
		AwakeInstancesAfterBackupRestoration (7ms)
Refreshing native plugins compatible for Editor in 2.47 ms, found 3 plugins.
Preloading 0 native plugins for Editor in 0.00 ms.
Unloading 3577 Unused Serialized files (Serialized files now loaded: 0)
Unloading 14 unused Assets / (28.5 KB). Loaded Objects now: 4099.
Memory consumption went from 127.8 MB to 127.8 MB.
Total: 3.069900 ms (FindLiveObjects: 0.289400 ms CreateObjectMapping: 0.201400 ms MarkObjects: 2.541600 ms  DeleteObjects: 0.036700 ms)

Prepare: number of updated asset objects reloaded= 0
AssetImportParameters requested are different than current active one (requested -> active):
  custom:scripting/monoscript/fileName/RandomHitPlacer.cs: 0e520bb249608fd9a2ce5ff96c591009 -> 
  custom:container-demuxer-ogg: 62fdf1f143b41e24485cea50d1cbac27 -> 
  custom:scripting/monoscript/fileName/SpriteEditorWindow.cs: 1629bd700639d5abf7ee9c1a15128fda -> 
  custom:scripting/monoscript/fileName/SpriteRect.cs: 8da6d12a5fbd75a0eba31cfa62842428 -> 
  custom:scripting/monoscript/fileName/ISpriteEditorModule.cs: f35f8b8d39dcfd448fbbe9ea48566c2f -> 
  custom:video-decoder-ogg-theora: a1e56fd34408186e4bbccfd4996cb3dc -> 
  custom:scripting/monoscript/fileName/MenuItems.cs: 3ea3522373e3b4d2ef39113c39531efd -> 
  custom:scripting/monoscript/fileName/DefaultSpriteNameFileIdDataProvider.cs: cd965ed390b21ec0302c3211a9f903ff -> 
  custom:framework-win-MediaFoundation: 216162199b28c13a410421893ffa2e32 -> 
  custom:scripting/monoscript/fileName/ShapeEditor.cs: 7eba0c642af179a392c34e527393b30b -> 
  custom:scripting/monoscript/fileName/SpritePolygonModeModule.cs: 8b4aa126b968b0772b9e20476364e690 -> 
  custom:scripting/precompiled-assembly-types:Unity.2D.Sprite.Editor: c80415e041d636416599f4ac20098905 -> 
  custom:scripting/monoscript/fileName/ItemCreationUtility.cs: d1c4ddba747ed633116f555c0d69ace7 -> 
  custom:CustomObjectIndexerAttribute: 9a22284fe3817be447336de3de66b15e -> 
  custom:scripting/monoscript/fileName/SpriteEditorHandles.cs: 8b78502b9b56b3c556563a6e935b52ad -> 
  custom:container-demuxer-webm: 4f35f7cbe854078d1ac9338744f61a02 -> 
  custom:scripting/monoscript/fileName/SpriteNameFileIdPair.cs: 8dab74045e538d5698ea3c4caed3e48c -> 
  custom:scripting/monoscript/fileName/IGL.cs: 8903f8a1304142ec1aefe33b7a4db28c -> 
  custom:scripting/monoscript/fileName/SpritePhysicsShapeModule.cs: 35688b9e178698712b557d50761dc7c2 -> 
  custom:scripting/monoscript/fileName/ITexture.cs: dbb4c87e1c028ce779185d5d3d566460 -> 
  custom:container-muxer-webm: aa71ff27fc2769a1b78a27578f13a17b -> 
  custom:scripting/monoscript/fileName/IEvent.cs: c25d501578d8ebe48d7b30415b0df4c5 -> 
  custom:video-decoder-webm-vp8: 9c59270c3fd7afecdb556c50c9e8de78 -> 
  custom:scripting/monoscript/fileName/SpriteOutlineModule.cs: 249fecf584323de7d2fd0b14e9a4944c -> 
  custom:SearchIndexIgnoredProperties: e643bd26f0fe6173181afceb89e7c659 -> 
  custom:AudioImporter_EditorPlatform: d09bf68614088b80899f8185d706f6e7 -> 
  custom:scripting/monoscript/fileName/SpriteEditorUtility.cs: 7e2d1f2cb427fd67c5461f9431375c3a -> 
  custom:scripting/monoscript/fileName/SpriteSecondaryTexturesModule.cs: 8f361de5bdfd731e220c415240ad033f -> 
  custom:scripting/monoscript/fileName/IGUIUtility.cs: cad79017f17454feb4e1799b1c42f87c -> 
  custom:scripting/monoscript/fileName/IHandles.cs: d2780a18a3844e49d490d68d5cb3d26a -> 
  custom:scripting/monoscript/fileName/TextureImporterDataProvider.cs: d68f5d5325387f4e38fdcf2610c72ce3 -> 
  custom:scripting/monoscript/fileName/SpriteEditorMenu.cs: f9042f312a91c162ede0d5de48225240 -> 
  custom:scripting/monoscript/fileName/ISpriteEditorDataProvider.cs: 4c01add71bf03a3e1afff21bbd534ee9 -> 
  custom:scripting/monoscript/fileName/IUndoSystem.cs: 841a069a843e48d57d362ca08bca21d4 -> 
  custom:scripting/monoscript/fileName/SpritePolygonModeModuleView.cs: db8ddbee5a89c636987047f4602001ef -> 
  custom:scripting/monoscript/fileName/SpriteEditorData.cs: 79e0d970ecf11ef3020398e38672548f -> 
  custom:video-encoder-webm-vp8: eb34c28f22e8b96e1ab97ce403110664 -> 
  custom:audio-decoder-ogg-vorbis: bf7c407c2cedff20999df2af8eb42d56 -> 
  custom:scripting/monoscript/fileName/SpriteEditorWindowSettings.cs: 8e59c26ada2085b3ebaa83fd01af70e3 -> 
  custom:scripting/monoscript/fileName/SpriteFrameModuleBaseView.cs: 72abaa53c3c1184e23d4d9a45f62d8c2 -> 
  custom:scripting/monoscript/fileName/IAssetDatabase.cs: c40b958675a6cd5b519fa6ca497fede4 -> 
  custom:scripting/monoscript/fileName/SpriteFrameModule.cs: f07011b3ec3622062bef733dc29fedf0 -> 
  custom:scripting/monoscript/fileName/ShapeEditorRectSelection.cs: 1696d724b33ef6168949bbdce78d19c6 -> 
  custom:scripting/monoscript/fileName/TextureImporterDataProviderImplementation.cs: ffb9fda6ca225aa106e9fa84455f4e60 -> 
  custom:audio-encoder-webm-vorbis: bf7c407c2cedff20999df2af8eb42d56 -> 
  custom:scripting/monoscript/fileName/SpriteUtilityWindow.cs: 4827aafd0c4d893166845eac1266c4ed -> 
  custom:scripting/monoscript/fileName/SpriteFrameModuleBase.cs: 82472910b376b3c28a6f5b31b28f5f51 -> 
  custom:scripting/monoscript/fileName/SpriteFrameModuleView.cs: f07011b3ec3622062bef733dc29fedf0 -> 
========================================================================
Received Prepare
Caller must complete domain reload
Begin MonoManager ReloadAssembly
- Loaded All Assemblies, in  0.474 seconds
Native extension for WindowsStandalone target not found
Mono: successfully reloaded assembly
- Finished resetting the current domain, in  1.006 seconds
Domain Reload Profiling: 1480ms
	BeginReloadAssembly (171ms)
		ExecutionOrderSort (0ms)
		DisableScriptedObjects (5ms)
		BackupInstance (0ms)
		ReleaseScriptingObjects (0ms)
		CreateAndSetChildDomain (34ms)
	RebuildCommonClasses (30ms)
	RebuildNativeTypeToScriptingClass (10ms)
	initialDomainReloadingComplete (23ms)
	LoadAllAssembliesAndSetupDomain (240ms)
		LoadAssemblies (308ms)
		RebuildTransferFunctionScriptingTraits (0ms)
		AnalyzeDomain (30ms)
			TypeCache.Refresh (10ms)
				TypeCache.ScanAssembly (0ms)
			ScanForSourceGeneratedMonoScriptInfo (12ms)
			ResolveRequiredComponents (6ms)
	FinalizeReload (1006ms)
		ReleaseScriptCaches (0ms)
		RebuildScriptCaches (0ms)
		SetupLoadedEditorAssemblies (503ms)
			LogAssemblyErrors (0ms)
			InitializePlatformSupportModulesInManaged (5ms)
			SetLoadedEditorAssemblies (5ms)
			RefreshPlugins (0ms)
			BeforeProcessingInitializeOnLoad (88ms)
			ProcessInitializeOnLoadAttributes (381ms)
			ProcessInitializeOnLoadMethodAttributes (21ms)
			AfterProcessingInitializeOnLoad (2ms)
			EditorAssembliesLoaded (0ms)
		ExecutionOrderSort2 (0ms)
		AwakeInstancesAfterBackupRestoration (5ms)
Refreshing native plugins compatible for Editor in 2.59 ms, found 3 plugins.
Preloading 0 native plugins for Editor in 0.00 ms.
Unloading 3577 Unused Serialized files (Serialized files now loaded: 0)
Unloading 14 unused Assets / (28.6 KB). Loaded Objects now: 4102.
Memory consumption went from 127.8 MB to 127.8 MB.
Total: 3.222800 ms (FindLiveObjects: 0.273600 ms CreateObjectMapping: 0.176100 ms MarkObjects: 2.722200 ms  DeleteObjects: 0.050100 ms)

Prepare: number of updated asset objects reloaded= 0
AssetImportParameters requested are different than current active one (requested -> active):
  custom:scripting/monoscript/fileName/RandomHitPlacer.cs: 0e520bb249608fd9a2ce5ff96c591009 -> 
  custom:container-demuxer-ogg: 62fdf1f143b41e24485cea50d1cbac27 -> 
  custom:scripting/monoscript/fileName/SpriteEditorWindow.cs: 1629bd700639d5abf7ee9c1a15128fda -> 
  custom:scripting/monoscript/fileName/SpriteRect.cs: 8da6d12a5fbd75a0eba31cfa62842428 -> 
  custom:scripting/monoscript/fileName/ISpriteEditorModule.cs: f35f8b8d39dcfd448fbbe9ea48566c2f -> 
  custom:video-decoder-ogg-theora: a1e56fd34408186e4bbccfd4996cb3dc -> 
  custom:scripting/monoscript/fileName/MenuItems.cs: 3ea3522373e3b4d2ef39113c39531efd -> 
  custom:scripting/monoscript/fileName/DefaultSpriteNameFileIdDataProvider.cs: cd965ed390b21ec0302c3211a9f903ff -> 
  custom:framework-win-MediaFoundation: 216162199b28c13a410421893ffa2e32 -> 
  custom:scripting/monoscript/fileName/ShapeEditor.cs: 7eba0c642af179a392c34e527393b30b -> 
  custom:scripting/monoscript/fileName/SpritePolygonModeModule.cs: 8b4aa126b968b0772b9e20476364e690 -> 
  custom:scripting/precompiled-assembly-types:Unity.2D.Sprite.Editor: c80415e041d636416599f4ac20098905 -> 
  custom:scripting/monoscript/fileName/ItemCreationUtility.cs: d1c4ddba747ed633116f555c0d69ace7 -> 
  custom:CustomObjectIndexerAttribute: 9a22284fe3817be447336de3de66b15e -> 
  custom:scripting/monoscript/fileName/SpriteEditorHandles.cs: 8b78502b9b56b3c556563a6e935b52ad -> 
  custom:container-demuxer-webm: 4f35f7cbe854078d1ac9338744f61a02 -> 
  custom:scripting/monoscript/fileName/SpriteNameFileIdPair.cs: 8dab74045e538d5698ea3c4caed3e48c -> 
  custom:scripting/monoscript/fileName/IGL.cs: 8903f8a1304142ec1aefe33b7a4db28c -> 
  custom:scripting/monoscript/fileName/SpritePhysicsShapeModule.cs: 35688b9e178698712b557d50761dc7c2 -> 
  custom:scripting/monoscript/fileName/ITexture.cs: dbb4c87e1c028ce779185d5d3d566460 -> 
  custom:container-muxer-webm: aa71ff27fc2769a1b78a27578f13a17b -> 
  custom:scripting/monoscript/fileName/IEvent.cs: c25d501578d8ebe48d7b30415b0df4c5 -> 
  custom:video-decoder-webm-vp8: 9c59270c3fd7afecdb556c50c9e8de78 -> 
  custom:scripting/monoscript/fileName/SpriteOutlineModule.cs: 249fecf584323de7d2fd0b14e9a4944c -> 
  custom:SearchIndexIgnoredProperties: e643bd26f0fe6173181afceb89e7c659 -> 
  custom:AudioImporter_EditorPlatform: d09bf68614088b80899f8185d706f6e7 -> 
  custom:scripting/monoscript/fileName/SpriteEditorUtility.cs: 7e2d1f2cb427fd67c5461f9431375c3a -> 
  custom:scripting/monoscript/fileName/SpriteSecondaryTexturesModule.cs: 8f361de5bdfd731e220c415240ad033f -> 
  custom:scripting/monoscript/fileName/IGUIUtility.cs: cad79017f17454feb4e1799b1c42f87c -> 
  custom:scripting/monoscript/fileName/IHandles.cs: d2780a18a3844e49d490d68d5cb3d26a -> 
  custom:scripting/monoscript/fileName/TextureImporterDataProvider.cs: d68f5d5325387f4e38fdcf2610c72ce3 -> 
  custom:scripting/monoscript/fileName/SpriteEditorMenu.cs: f9042f312a91c162ede0d5de48225240 -> 
  custom:scripting/monoscript/fileName/ISpriteEditorDataProvider.cs: 4c01add71bf03a3e1afff21bbd534ee9 -> 
  custom:scripting/monoscript/fileName/IUndoSystem.cs: 841a069a843e48d57d362ca08bca21d4 -> 
  custom:scripting/monoscript/fileName/SpritePolygonModeModuleView.cs: db8ddbee5a89c636987047f4602001ef -> 
  custom:scripting/monoscript/fileName/SpriteEditorData.cs: 79e0d970ecf11ef3020398e38672548f -> 
  custom:video-encoder-webm-vp8: eb34c28f22e8b96e1ab97ce403110664 -> 
  custom:audio-decoder-ogg-vorbis: bf7c407c2cedff20999df2af8eb42d56 -> 
  custom:scripting/monoscript/fileName/SpriteEditorWindowSettings.cs: 8e59c26ada2085b3ebaa83fd01af70e3 -> 
  custom:scripting/monoscript/fileName/SpriteFrameModuleBaseView.cs: 72abaa53c3c1184e23d4d9a45f62d8c2 -> 
  custom:scripting/monoscript/fileName/IAssetDatabase.cs: c40b958675a6cd5b519fa6ca497fede4 -> 
  custom:scripting/monoscript/fileName/SpriteFrameModule.cs: f07011b3ec3622062bef733dc29fedf0 -> 
  custom:scripting/monoscript/fileName/ShapeEditorRectSelection.cs: 1696d724b33ef6168949bbdce78d19c6 -> 
  custom:scripting/monoscript/fileName/TextureImporterDataProviderImplementation.cs: ffb9fda6ca225aa106e9fa84455f4e60 -> 
  custom:audio-encoder-webm-vorbis: bf7c407c2cedff20999df2af8eb42d56 -> 
  custom:scripting/monoscript/fileName/SpriteUtilityWindow.cs: 4827aafd0c4d893166845eac1266c4ed -> 
  custom:scripting/monoscript/fileName/SpriteFrameModuleBase.cs: 82472910b376b3c28a6f5b31b28f5f51 -> 
  custom:scripting/monoscript/fileName/SpriteFrameModuleView.cs: f07011b3ec3622062bef733dc29fedf0 -> 
========================================================================
Received Prepare
Caller must complete domain reload
Begin MonoManager ReloadAssembly
- Loaded All Assemblies, in  0.441 seconds
Native extension for WindowsStandalone target not found
Mono: successfully reloaded assembly
- Finished resetting the current domain, in  0.997 seconds
Domain Reload Profiling: 1438ms
	BeginReloadAssembly (162ms)
		ExecutionOrderSort (0ms)
		DisableScriptedObjects (5ms)
		BackupInstance (0ms)
		ReleaseScriptingObjects (0ms)
		CreateAndSetChildDomain (33ms)
	RebuildCommonClasses (30ms)
	RebuildNativeTypeToScriptingClass (10ms)
	initialDomainReloadingComplete (24ms)
	LoadAllAssembliesAndSetupDomain (214ms)
		LoadAssemblies (294ms)
		RebuildTransferFunctionScriptingTraits (0ms)
		AnalyzeDomain (15ms)
			TypeCache.Refresh (7ms)
				TypeCache.ScanAssembly (0ms)
			ScanForSourceGeneratedMonoScriptInfo (0ms)
			ResolveRequiredComponents (6ms)
	FinalizeReload (997ms)
		ReleaseScriptCaches (0ms)
		RebuildScriptCaches (0ms)
		SetupLoadedEditorAssemblies (553ms)
			LogAssemblyErrors (0ms)
			InitializePlatformSupportModulesInManaged (5ms)
			SetLoadedEditorAssemblies (6ms)
			RefreshPlugins (0ms)
			BeforeProcessingInitializeOnLoad (92ms)
			ProcessInitializeOnLoadAttributes (423ms)
			ProcessInitializeOnLoadMethodAttributes (24ms)
			AfterProcessingInitializeOnLoad (2ms)
			EditorAssembliesLoaded (0ms)
		ExecutionOrderSort2 (0ms)
		AwakeInstancesAfterBackupRestoration (6ms)
Refreshing native plugins compatible for Editor in 3.20 ms, found 3 plugins.
Preloading 0 native plugins for Editor in 0.00 ms.
Unloading 3577 Unused Serialized files (Serialized files now loaded: 0)
Unloading 14 unused Assets / (28.5 KB). Loaded Objects now: 4105.
Memory consumption went from 127.8 MB to 127.8 MB.
Total: 3.620600 ms (FindLiveObjects: 0.595400 ms CreateObjectMapping: 0.370100 ms MarkObjects: 2.614900 ms  DeleteObjects: 0.039500 ms)

Prepare: number of updated asset objects reloaded= 0
AssetImportParameters requested are different than current active one (requested -> active):
  custom:scripting/monoscript/fileName/RandomHitPlacer.cs: 0e520bb249608fd9a2ce5ff96c591009 -> 
  custom:container-demuxer-ogg: 62fdf1f143b41e24485cea50d1cbac27 -> 
  custom:scripting/monoscript/fileName/SpriteEditorWindow.cs: 1629bd700639d5abf7ee9c1a15128fda -> 
  custom:scripting/monoscript/fileName/SpriteRect.cs: 8da6d12a5fbd75a0eba31cfa62842428 -> 
  custom:scripting/monoscript/fileName/ISpriteEditorModule.cs: f35f8b8d39dcfd448fbbe9ea48566c2f -> 
  custom:video-decoder-ogg-theora: a1e56fd34408186e4bbccfd4996cb3dc -> 
  custom:scripting/monoscript/fileName/MenuItems.cs: 3ea3522373e3b4d2ef39113c39531efd -> 
  custom:scripting/monoscript/fileName/DefaultSpriteNameFileIdDataProvider.cs: cd965ed390b21ec0302c3211a9f903ff -> 
  custom:framework-win-MediaFoundation: 216162199b28c13a410421893ffa2e32 -> 
  custom:scripting/monoscript/fileName/ShapeEditor.cs: 7eba0c642af179a392c34e527393b30b -> 
  custom:scripting/monoscript/fileName/SpritePolygonModeModule.cs: 8b4aa126b968b0772b9e20476364e690 -> 
  custom:scripting/precompiled-assembly-types:Unity.2D.Sprite.Editor: c80415e041d636416599f4ac20098905 -> 
  custom:scripting/monoscript/fileName/ItemCreationUtility.cs: d1c4ddba747ed633116f555c0d69ace7 -> 
  custom:CustomObjectIndexerAttribute: 9a22284fe3817be447336de3de66b15e -> 
  custom:scripting/monoscript/fileName/SpriteEditorHandles.cs: 8b78502b9b56b3c556563a6e935b52ad -> 
  custom:container-demuxer-webm: 4f35f7cbe854078d1ac9338744f61a02 -> 
  custom:scripting/monoscript/fileName/SpriteNameFileIdPair.cs: 8dab74045e538d5698ea3c4caed3e48c -> 
  custom:scripting/monoscript/fileName/IGL.cs: 8903f8a1304142ec1aefe33b7a4db28c -> 
  custom:scripting/monoscript/fileName/SpritePhysicsShapeModule.cs: 35688b9e178698712b557d50761dc7c2 -> 
  custom:scripting/monoscript/fileName/ITexture.cs: dbb4c87e1c028ce779185d5d3d566460 -> 
  custom:container-muxer-webm: aa71ff27fc2769a1b78a27578f13a17b -> 
  custom:scripting/monoscript/fileName/IEvent.cs: c25d501578d8ebe48d7b30415b0df4c5 -> 
  custom:video-decoder-webm-vp8: 9c59270c3fd7afecdb556c50c9e8de78 -> 
  custom:scripting/monoscript/fileName/SpriteOutlineModule.cs: 249fecf584323de7d2fd0b14e9a4944c -> 
  custom:SearchIndexIgnoredProperties: e643bd26f0fe6173181afceb89e7c659 -> 
  custom:AudioImporter_EditorPlatform: d09bf68614088b80899f8185d706f6e7 -> 
  custom:scripting/monoscript/fileName/SpriteEditorUtility.cs: 7e2d1f2cb427fd67c5461f9431375c3a -> 
  custom:scripting/monoscript/fileName/SpriteSecondaryTexturesModule.cs: 8f361de5bdfd731e220c415240ad033f -> 
  custom:scripting/monoscript/fileName/IGUIUtility.cs: cad79017f17454feb4e1799b1c42f87c -> 
  custom:scripting/monoscript/fileName/IHandles.cs: d2780a18a3844e49d490d68d5cb3d26a -> 
  custom:scripting/monoscript/fileName/TextureImporterDataProvider.cs: d68f5d5325387f4e38fdcf2610c72ce3 -> 
  custom:scripting/monoscript/fileName/SpriteEditorMenu.cs: f9042f312a91c162ede0d5de48225240 -> 
  custom:scripting/monoscript/fileName/ISpriteEditorDataProvider.cs: 4c01add71bf03a3e1afff21bbd534ee9 -> 
  custom:scripting/monoscript/fileName/IUndoSystem.cs: 841a069a843e48d57d362ca08bca21d4 -> 
  custom:scripting/monoscript/fileName/SpritePolygonModeModuleView.cs: db8ddbee5a89c636987047f4602001ef -> 
  custom:scripting/monoscript/fileName/SpriteEditorData.cs: 79e0d970ecf11ef3020398e38672548f -> 
  custom:video-encoder-webm-vp8: eb34c28f22e8b96e1ab97ce403110664 -> 
  custom:audio-decoder-ogg-vorbis: bf7c407c2cedff20999df2af8eb42d56 -> 
  custom:scripting/monoscript/fileName/SpriteEditorWindowSettings.cs: 8e59c26ada2085b3ebaa83fd01af70e3 -> 
  custom:scripting/monoscript/fileName/SpriteFrameModuleBaseView.cs: 72abaa53c3c1184e23d4d9a45f62d8c2 -> 
  custom:scripting/monoscript/fileName/IAssetDatabase.cs: c40b958675a6cd5b519fa6ca497fede4 -> 
  custom:scripting/monoscript/fileName/SpriteFrameModule.cs: f07011b3ec3622062bef733dc29fedf0 -> 
  custom:scripting/monoscript/fileName/ShapeEditorRectSelection.cs: 1696d724b33ef6168949bbdce78d19c6 -> 
  custom:scripting/monoscript/fileName/TextureImporterDataProviderImplementation.cs: ffb9fda6ca225aa106e9fa84455f4e60 -> 
  custom:audio-encoder-webm-vorbis: bf7c407c2cedff20999df2af8eb42d56 -> 
  custom:scripting/monoscript/fileName/SpriteUtilityWindow.cs: 4827aafd0c4d893166845eac1266c4ed -> 
  custom:scripting/monoscript/fileName/SpriteFrameModuleBase.cs: 82472910b376b3c28a6f5b31b28f5f51 -> 
  custom:scripting/monoscript/fileName/SpriteFrameModuleView.cs: f07011b3ec3622062bef733dc29fedf0 -> 
========================================================================
Received Prepare
Caller must complete domain reload
Begin MonoManager ReloadAssembly
- Loaded All Assemblies, in  0.501 seconds
Native extension for WindowsStandalone target not found
Mono: successfully reloaded assembly
- Finished resetting the current domain, in  0.932 seconds
Domain Reload Profiling: 1433ms
	BeginReloadAssembly (165ms)
		ExecutionOrderSort (0ms)
		DisableScriptedObjects (5ms)
		BackupInstance (0ms)
		ReleaseScriptingObjects (0ms)
		CreateAndSetChildDomain (30ms)
	RebuildCommonClasses (30ms)
	RebuildNativeTypeToScriptingClass (10ms)
	initialDomainReloadingComplete (24ms)
	LoadAllAssembliesAndSetupDomain (272ms)
		LoadAssemblies (338ms)
		RebuildTransferFunctionScriptingTraits (0ms)
		AnalyzeDomain (33ms)
			TypeCache.Refresh (12ms)
				TypeCache.ScanAssembly (0ms)
			ScanForSourceGeneratedMonoScriptInfo (13ms)
			ResolveRequiredComponents (6ms)
	FinalizeReload (932ms)
		ReleaseScriptCaches (0ms)
		RebuildScriptCaches (0ms)
		SetupLoadedEditorAssemblies (486ms)
			LogAssemblyErrors (0ms)
			InitializePlatformSupportModulesInManaged (5ms)
			SetLoadedEditorAssemblies (5ms)
			RefreshPlugins (0ms)
			BeforeProcessingInitializeOnLoad (83ms)
			ProcessInitializeOnLoadAttributes (371ms)
			ProcessInitializeOnLoadMethodAttributes (20ms)
			AfterProcessingInitializeOnLoad (2ms)
			EditorAssembliesLoaded (0ms)
		ExecutionOrderSort2 (0ms)
		AwakeInstancesAfterBackupRestoration (5ms)
Refreshing native plugins compatible for Editor in 2.40 ms, found 3 plugins.
Preloading 0 native plugins for Editor in 0.00 ms.
Unloading 3577 Unused Serialized files (Serialized files now loaded: 0)
Unloading 14 unused Assets / (28.5 KB). Loaded Objects now: 4108.
Memory consumption went from 127.8 MB to 127.8 MB.
Total: 3.284300 ms (FindLiveObjects: 0.320000 ms CreateObjectMapping: 0.250000 ms MarkObjects: 2.678000 ms  DeleteObjects: 0.035400 ms)

Prepare: number of updated asset objects reloaded= 0
AssetImportParameters requested are different than current active one (requested -> active):
  custom:scripting/monoscript/fileName/RandomHitPlacer.cs: 0e520bb249608fd9a2ce5ff96c591009 -> 
  custom:container-demuxer-ogg: 62fdf1f143b41e24485cea50d1cbac27 -> 
  custom:scripting/monoscript/fileName/SpriteEditorWindow.cs: 1629bd700639d5abf7ee9c1a15128fda -> 
  custom:scripting/monoscript/fileName/SpriteRect.cs: 8da6d12a5fbd75a0eba31cfa62842428 -> 
  custom:scripting/monoscript/fileName/ISpriteEditorModule.cs: f35f8b8d39dcfd448fbbe9ea48566c2f -> 
  custom:video-decoder-ogg-theora: a1e56fd34408186e4bbccfd4996cb3dc -> 
  custom:scripting/monoscript/fileName/MenuItems.cs: 3ea3522373e3b4d2ef39113c39531efd -> 
  custom:scripting/monoscript/fileName/DefaultSpriteNameFileIdDataProvider.cs: cd965ed390b21ec0302c3211a9f903ff -> 
  custom:framework-win-MediaFoundation: 216162199b28c13a410421893ffa2e32 -> 
  custom:scripting/monoscript/fileName/ShapeEditor.cs: 7eba0c642af179a392c34e527393b30b -> 
  custom:scripting/monoscript/fileName/SpritePolygonModeModule.cs: 8b4aa126b968b0772b9e20476364e690 -> 
  custom:scripting/precompiled-assembly-types:Unity.2D.Sprite.Editor: c80415e041d636416599f4ac20098905 -> 
  custom:scripting/monoscript/fileName/ItemCreationUtility.cs: d1c4ddba747ed633116f555c0d69ace7 -> 
  custom:CustomObjectIndexerAttribute: 9a22284fe3817be447336de3de66b15e -> 
  custom:scripting/monoscript/fileName/SpriteEditorHandles.cs: 8b78502b9b56b3c556563a6e935b52ad -> 
  custom:container-demuxer-webm: 4f35f7cbe854078d1ac9338744f61a02 -> 
  custom:scripting/monoscript/fileName/SpriteNameFileIdPair.cs: 8dab74045e538d5698ea3c4caed3e48c -> 
  custom:scripting/monoscript/fileName/IGL.cs: 8903f8a1304142ec1aefe33b7a4db28c -> 
  custom:scripting/monoscript/fileName/SpritePhysicsShapeModule.cs: 35688b9e178698712b557d50761dc7c2 -> 
  custom:scripting/monoscript/fileName/ITexture.cs: dbb4c87e1c028ce779185d5d3d566460 -> 
  custom:container-muxer-webm: aa71ff27fc2769a1b78a27578f13a17b -> 
  custom:scripting/monoscript/fileName/IEvent.cs: c25d501578d8ebe48d7b30415b0df4c5 -> 
  custom:video-decoder-webm-vp8: 9c59270c3fd7afecdb556c50c9e8de78 -> 
  custom:scripting/monoscript/fileName/SpriteOutlineModule.cs: 249fecf584323de7d2fd0b14e9a4944c -> 
  custom:SearchIndexIgnoredProperties: e643bd26f0fe6173181afceb89e7c659 -> 
  custom:AudioImporter_EditorPlatform: d09bf68614088b80899f8185d706f6e7 -> 
  custom:scripting/monoscript/fileName/SpriteEditorUtility.cs: 7e2d1f2cb427fd67c5461f9431375c3a -> 
  custom:scripting/monoscript/fileName/SpriteSecondaryTexturesModule.cs: 8f361de5bdfd731e220c415240ad033f -> 
  custom:scripting/monoscript/fileName/IGUIUtility.cs: cad79017f17454feb4e1799b1c42f87c -> 
  custom:scripting/monoscript/fileName/IHandles.cs: d2780a18a3844e49d490d68d5cb3d26a -> 
  custom:scripting/monoscript/fileName/TextureImporterDataProvider.cs: d68f5d5325387f4e38fdcf2610c72ce3 -> 
  custom:scripting/monoscript/fileName/SpriteEditorMenu.cs: f9042f312a91c162ede0d5de48225240 -> 
  custom:scripting/monoscript/fileName/ISpriteEditorDataProvider.cs: 4c01add71bf03a3e1afff21bbd534ee9 -> 
  custom:scripting/monoscript/fileName/IUndoSystem.cs: 841a069a843e48d57d362ca08bca21d4 -> 
  custom:scripting/monoscript/fileName/SpritePolygonModeModuleView.cs: db8ddbee5a89c636987047f4602001ef -> 
  custom:scripting/monoscript/fileName/SpriteEditorData.cs: 79e0d970ecf11ef3020398e38672548f -> 
  custom:video-encoder-webm-vp8: eb34c28f22e8b96e1ab97ce403110664 -> 
  custom:audio-decoder-ogg-vorbis: bf7c407c2cedff20999df2af8eb42d56 -> 
  custom:scripting/monoscript/fileName/SpriteEditorWindowSettings.cs: 8e59c26ada2085b3ebaa83fd01af70e3 -> 
  custom:scripting/monoscript/fileName/SpriteFrameModuleBaseView.cs: 72abaa53c3c1184e23d4d9a45f62d8c2 -> 
  custom:scripting/monoscript/fileName/IAssetDatabase.cs: c40b958675a6cd5b519fa6ca497fede4 -> 
  custom:scripting/monoscript/fileName/SpriteFrameModule.cs: f07011b3ec3622062bef733dc29fedf0 -> 
  custom:scripting/monoscript/fileName/ShapeEditorRectSelection.cs: 1696d724b33ef6168949bbdce78d19c6 -> 
  custom:scripting/monoscript/fileName/TextureImporterDataProviderImplementation.cs: ffb9fda6ca225aa106e9fa84455f4e60 -> 
  custom:audio-encoder-webm-vorbis: bf7c407c2cedff20999df2af8eb42d56 -> 
  custom:scripting/monoscript/fileName/SpriteUtilityWindow.cs: 4827aafd0c4d893166845eac1266c4ed -> 
  custom:scripting/monoscript/fileName/SpriteFrameModuleBase.cs: 82472910b376b3c28a6f5b31b28f5f51 -> 
  custom:scripting/monoscript/fileName/SpriteFrameModuleView.cs: f07011b3ec3622062bef733dc29fedf0 -> 
========================================================================
Received Prepare
Caller must complete domain reload
Begin MonoManager ReloadAssembly
- Loaded All Assemblies, in  0.446 seconds
Native extension for WindowsStandalone target not found
Mono: successfully reloaded assembly
- Finished resetting the current domain, in  1.004 seconds
Domain Reload Profiling: 1449ms
	BeginReloadAssembly (161ms)
		ExecutionOrderSort (0ms)
		DisableScriptedObjects (5ms)
		BackupInstance (0ms)
		ReleaseScriptingObjects (0ms)
		CreateAndSetChildDomain (32ms)
	RebuildCommonClasses (30ms)
	RebuildNativeTypeToScriptingClass (10ms)
	initialDomainReloadingComplete (24ms)
	LoadAllAssembliesAndSetupDomain (220ms)
		LoadAssemblies (303ms)
		RebuildTransferFunctionScriptingTraits (0ms)
		AnalyzeDomain (15ms)
			TypeCache.Refresh (7ms)
				TypeCache.ScanAssembly (0ms)
			ScanForSourceGeneratedMonoScriptInfo (0ms)
			ResolveRequiredComponents (6ms)
	FinalizeReload (1004ms)
		ReleaseScriptCaches (0ms)
		RebuildScriptCaches (0ms)
		SetupLoadedEditorAssemblies (552ms)
			LogAssemblyErrors (0ms)
			InitializePlatformSupportModulesInManaged (6ms)
			SetLoadedEditorAssemblies (6ms)
			RefreshPlugins (0ms)
			BeforeProcessingInitializeOnLoad (92ms)
			ProcessInitializeOnLoadAttributes (421ms)
			ProcessInitializeOnLoadMethodAttributes (24ms)
			AfterProcessingInitializeOnLoad (4ms)
			EditorAssembliesLoaded (0ms)
		ExecutionOrderSort2 (0ms)
		AwakeInstancesAfterBackupRestoration (6ms)
Refreshing native plugins compatible for Editor in 2.75 ms, found 3 plugins.
Preloading 0 native plugins for Editor in 0.00 ms.
Unloading 3577 Unused Serialized files (Serialized files now loaded: 0)
Unloading 14 unused Assets / (28.5 KB). Loaded Objects now: 4111.
Memory consumption went from 127.8 MB to 127.8 MB.
Total: 3.178800 ms (FindLiveObjects: 0.327500 ms CreateObjectMapping: 0.231200 ms MarkObjects: 2.563100 ms  DeleteObjects: 0.055400 ms)

Prepare: number of updated asset objects reloaded= 0
AssetImportParameters requested are different than current active one (requested -> active):
  custom:scripting/monoscript/fileName/RandomHitPlacer.cs: 0e520bb249608fd9a2ce5ff96c591009 -> 
  custom:container-demuxer-ogg: 62fdf1f143b41e24485cea50d1cbac27 -> 
  custom:scripting/monoscript/fileName/SpriteEditorWindow.cs: 1629bd700639d5abf7ee9c1a15128fda -> 
  custom:scripting/monoscript/fileName/SpriteRect.cs: 8da6d12a5fbd75a0eba31cfa62842428 -> 
  custom:scripting/monoscript/fileName/ISpriteEditorModule.cs: f35f8b8d39dcfd448fbbe9ea48566c2f -> 
  custom:video-decoder-ogg-theora: a1e56fd34408186e4bbccfd4996cb3dc -> 
  custom:scripting/monoscript/fileName/MenuItems.cs: 3ea3522373e3b4d2ef39113c39531efd -> 
  custom:scripting/monoscript/fileName/DefaultSpriteNameFileIdDataProvider.cs: cd965ed390b21ec0302c3211a9f903ff -> 
  custom:framework-win-MediaFoundation: 216162199b28c13a410421893ffa2e32 -> 
  custom:scripting/monoscript/fileName/ShapeEditor.cs: 7eba0c642af179a392c34e527393b30b -> 
  custom:scripting/monoscript/fileName/SpritePolygonModeModule.cs: 8b4aa126b968b0772b9e20476364e690 -> 
  custom:scripting/precompiled-assembly-types:Unity.2D.Sprite.Editor: c80415e041d636416599f4ac20098905 -> 
  custom:scripting/monoscript/fileName/ItemCreationUtility.cs: d1c4ddba747ed633116f555c0d69ace7 -> 
  custom:CustomObjectIndexerAttribute: 9a22284fe3817be447336de3de66b15e -> 
  custom:scripting/monoscript/fileName/SpriteEditorHandles.cs: 8b78502b9b56b3c556563a6e935b52ad -> 
  custom:container-demuxer-webm: 4f35f7cbe854078d1ac9338744f61a02 -> 
  custom:scripting/monoscript/fileName/SpriteNameFileIdPair.cs: 8dab74045e538d5698ea3c4caed3e48c -> 
  custom:scripting/monoscript/fileName/IGL.cs: 8903f8a1304142ec1aefe33b7a4db28c -> 
  custom:scripting/monoscript/fileName/SpritePhysicsShapeModule.cs: 35688b9e178698712b557d50761dc7c2 -> 
  custom:scripting/monoscript/fileName/ITexture.cs: dbb4c87e1c028ce779185d5d3d566460 -> 
  custom:container-muxer-webm: aa71ff27fc2769a1b78a27578f13a17b -> 
  custom:scripting/monoscript/fileName/IEvent.cs: c25d501578d8ebe48d7b30415b0df4c5 -> 
  custom:video-decoder-webm-vp8: 9c59270c3fd7afecdb556c50c9e8de78 -> 
  custom:scripting/monoscript/fileName/SpriteOutlineModule.cs: 249fecf584323de7d2fd0b14e9a4944c -> 
  custom:SearchIndexIgnoredProperties: e643bd26f0fe6173181afceb89e7c659 -> 
  custom:AudioImporter_EditorPlatform: d09bf68614088b80899f8185d706f6e7 -> 
  custom:scripting/monoscript/fileName/SpriteEditorUtility.cs: 7e2d1f2cb427fd67c5461f9431375c3a -> 
  custom:scripting/monoscript/fileName/SpriteSecondaryTexturesModule.cs: 8f361de5bdfd731e220c415240ad033f -> 
  custom:scripting/monoscript/fileName/IGUIUtility.cs: cad79017f17454feb4e1799b1c42f87c -> 
  custom:scripting/monoscript/fileName/IHandles.cs: d2780a18a3844e49d490d68d5cb3d26a -> 
  custom:scripting/monoscript/fileName/TextureImporterDataProvider.cs: d68f5d5325387f4e38fdcf2610c72ce3 -> 
  custom:scripting/monoscript/fileName/SpriteEditorMenu.cs: f9042f312a91c162ede0d5de48225240 -> 
  custom:scripting/monoscript/fileName/ISpriteEditorDataProvider.cs: 4c01add71bf03a3e1afff21bbd534ee9 -> 
  custom:scripting/monoscript/fileName/IUndoSystem.cs: 841a069a843e48d57d362ca08bca21d4 -> 
  custom:scripting/monoscript/fileName/SpritePolygonModeModuleView.cs: db8ddbee5a89c636987047f4602001ef -> 
  custom:scripting/monoscript/fileName/SpriteEditorData.cs: 79e0d970ecf11ef3020398e38672548f -> 
  custom:video-encoder-webm-vp8: eb34c28f22e8b96e1ab97ce403110664 -> 
  custom:audio-decoder-ogg-vorbis: bf7c407c2cedff20999df2af8eb42d56 -> 
  custom:scripting/monoscript/fileName/SpriteEditorWindowSettings.cs: 8e59c26ada2085b3ebaa83fd01af70e3 -> 
  custom:scripting/monoscript/fileName/SpriteFrameModuleBaseView.cs: 72abaa53c3c1184e23d4d9a45f62d8c2 -> 
  custom:scripting/monoscript/fileName/IAssetDatabase.cs: c40b958675a6cd5b519fa6ca497fede4 -> 
  custom:scripting/monoscript/fileName/SpriteFrameModule.cs: f07011b3ec3622062bef733dc29fedf0 -> 
  custom:scripting/monoscript/fileName/ShapeEditorRectSelection.cs: 1696d724b33ef6168949bbdce78d19c6 -> 
  custom:scripting/monoscript/fileName/TextureImporterDataProviderImplementation.cs: ffb9fda6ca225aa106e9fa84455f4e60 -> 
  custom:audio-encoder-webm-vorbis: bf7c407c2cedff20999df2af8eb42d56 -> 
  custom:scripting/monoscript/fileName/SpriteUtilityWindow.cs: 4827aafd0c4d893166845eac1266c4ed -> 
  custom:scripting/monoscript/fileName/SpriteFrameModuleBase.cs: 82472910b376b3c28a6f5b31b28f5f51 -> 
  custom:scripting/monoscript/fileName/SpriteFrameModuleView.cs: f07011b3ec3622062bef733dc29fedf0 -> 
========================================================================
Received Prepare
Caller must complete domain reload
Begin MonoManager ReloadAssembly
- Loaded All Assemblies, in  0.477 seconds
Native extension for WindowsStandalone target not found
Mono: successfully reloaded assembly
- Finished resetting the current domain, in  0.960 seconds
Domain Reload Profiling: 1437ms
	BeginReloadAssembly (165ms)
		ExecutionOrderSort (0ms)
		DisableScriptedObjects (5ms)
		BackupInstance (0ms)
		ReleaseScriptingObjects (0ms)
		CreateAndSetChildDomain (32ms)
	RebuildCommonClasses (30ms)
	RebuildNativeTypeToScriptingClass (10ms)
	initialDomainReloadingComplete (24ms)
	LoadAllAssembliesAndSetupDomain (247ms)
		LoadAssemblies (315ms)
		RebuildTransferFunctionScriptingTraits (0ms)
		AnalyzeDomain (31ms)
			TypeCache.Refresh (11ms)
				TypeCache.ScanAssembly (0ms)
			ScanForSourceGeneratedMonoScriptInfo (12ms)
			ResolveRequiredComponents (6ms)
	FinalizeReload (961ms)
		ReleaseScriptCaches (0ms)
		RebuildScriptCaches (0ms)
		SetupLoadedEditorAssemblies (515ms)
			LogAssemblyErrors (0ms)
			InitializePlatformSupportModulesInManaged (5ms)
			SetLoadedEditorAssemblies (5ms)
			RefreshPlugins (0ms)
			BeforeProcessingInitializeOnLoad (90ms)
			ProcessInitializeOnLoadAttributes (391ms)
			ProcessInitializeOnLoadMethodAttributes (22ms)
			AfterProcessingInitializeOnLoad (2ms)
			EditorAssembliesLoaded (0ms)
		ExecutionOrderSort2 (0ms)
		AwakeInstancesAfterBackupRestoration (5ms)
Refreshing native plugins compatible for Editor in 2.52 ms, found 3 plugins.
Preloading 0 native plugins for Editor in 0.00 ms.
Unloading 3577 Unused Serialized files (Serialized files now loaded: 0)
Unloading 14 unused Assets / (28.5 KB). Loaded Objects now: 4114.
Memory consumption went from 127.9 MB to 127.8 MB.
Total: 2.993400 ms (FindLiveObjects: 0.298300 ms CreateObjectMapping: 0.215400 ms MarkObjects: 2.442200 ms  DeleteObjects: 0.036500 ms)

Prepare: number of updated asset objects reloaded= 0
AssetImportParameters requested are different than current active one (requested -> active):
  custom:scripting/monoscript/fileName/RandomHitPlacer.cs: 0e520bb249608fd9a2ce5ff96c591009 -> 
  custom:container-demuxer-ogg: 62fdf1f143b41e24485cea50d1cbac27 -> 
  custom:scripting/monoscript/fileName/SpriteEditorWindow.cs: 1629bd700639d5abf7ee9c1a15128fda -> 
  custom:scripting/monoscript/fileName/SpriteRect.cs: 8da6d12a5fbd75a0eba31cfa62842428 -> 
  custom:scripting/monoscript/fileName/ISpriteEditorModule.cs: f35f8b8d39dcfd448fbbe9ea48566c2f -> 
  custom:video-decoder-ogg-theora: a1e56fd34408186e4bbccfd4996cb3dc -> 
  custom:scripting/monoscript/fileName/MenuItems.cs: 3ea3522373e3b4d2ef39113c39531efd -> 
  custom:scripting/monoscript/fileName/DefaultSpriteNameFileIdDataProvider.cs: cd965ed390b21ec0302c3211a9f903ff -> 
  custom:framework-win-MediaFoundation: 216162199b28c13a410421893ffa2e32 -> 
  custom:scripting/monoscript/fileName/ShapeEditor.cs: 7eba0c642af179a392c34e527393b30b -> 
  custom:scripting/monoscript/fileName/SpritePolygonModeModule.cs: 8b4aa126b968b0772b9e20476364e690 -> 
  custom:scripting/precompiled-assembly-types:Unity.2D.Sprite.Editor: c80415e041d636416599f4ac20098905 -> 
  custom:scripting/monoscript/fileName/ItemCreationUtility.cs: d1c4ddba747ed633116f555c0d69ace7 -> 
  custom:CustomObjectIndexerAttribute: 9a22284fe3817be447336de3de66b15e -> 
  custom:scripting/monoscript/fileName/SpriteEditorHandles.cs: 8b78502b9b56b3c556563a6e935b52ad -> 
  custom:container-demuxer-webm: 4f35f7cbe854078d1ac9338744f61a02 -> 
  custom:scripting/monoscript/fileName/SpriteNameFileIdPair.cs: 8dab74045e538d5698ea3c4caed3e48c -> 
  custom:scripting/monoscript/fileName/IGL.cs: 8903f8a1304142ec1aefe33b7a4db28c -> 
  custom:scripting/monoscript/fileName/SpritePhysicsShapeModule.cs: 35688b9e178698712b557d50761dc7c2 -> 
  custom:scripting/monoscript/fileName/ITexture.cs: dbb4c87e1c028ce779185d5d3d566460 -> 
  custom:container-muxer-webm: aa71ff27fc2769a1b78a27578f13a17b -> 
  custom:scripting/monoscript/fileName/IEvent.cs: c25d501578d8ebe48d7b30415b0df4c5 -> 
  custom:video-decoder-webm-vp8: 9c59270c3fd7afecdb556c50c9e8de78 -> 
  custom:scripting/monoscript/fileName/SpriteOutlineModule.cs: 249fecf584323de7d2fd0b14e9a4944c -> 
  custom:SearchIndexIgnoredProperties: e643bd26f0fe6173181afceb89e7c659 -> 
  custom:AudioImporter_EditorPlatform: d09bf68614088b80899f8185d706f6e7 -> 
  custom:scripting/monoscript/fileName/SpriteEditorUtility.cs: 7e2d1f2cb427fd67c5461f9431375c3a -> 
  custom:scripting/monoscript/fileName/SpriteSecondaryTexturesModule.cs: 8f361de5bdfd731e220c415240ad033f -> 
  custom:scripting/monoscript/fileName/IGUIUtility.cs: cad79017f17454feb4e1799b1c42f87c -> 
  custom:scripting/monoscript/fileName/IHandles.cs: d2780a18a3844e49d490d68d5cb3d26a -> 
  custom:scripting/monoscript/fileName/TextureImporterDataProvider.cs: d68f5d5325387f4e38fdcf2610c72ce3 -> 
  custom:scripting/monoscript/fileName/SpriteEditorMenu.cs: f9042f312a91c162ede0d5de48225240 -> 
  custom:scripting/monoscript/fileName/ISpriteEditorDataProvider.cs: 4c01add71bf03a3e1afff21bbd534ee9 -> 
  custom:scripting/monoscript/fileName/IUndoSystem.cs: 841a069a843e48d57d362ca08bca21d4 -> 
  custom:scripting/monoscript/fileName/SpritePolygonModeModuleView.cs: db8ddbee5a89c636987047f4602001ef -> 
  custom:scripting/monoscript/fileName/SpriteEditorData.cs: 79e0d970ecf11ef3020398e38672548f -> 
  custom:video-encoder-webm-vp8: eb34c28f22e8b96e1ab97ce403110664 -> 
  custom:audio-decoder-ogg-vorbis: bf7c407c2cedff20999df2af8eb42d56 -> 
  custom:scripting/monoscript/fileName/SpriteEditorWindowSettings.cs: 8e59c26ada2085b3ebaa83fd01af70e3 -> 
  custom:scripting/monoscript/fileName/SpriteFrameModuleBaseView.cs: 72abaa53c3c1184e23d4d9a45f62d8c2 -> 
  custom:scripting/monoscript/fileName/IAssetDatabase.cs: c40b958675a6cd5b519fa6ca497fede4 -> 
  custom:scripting/monoscript/fileName/SpriteFrameModule.cs: f07011b3ec3622062bef733dc29fedf0 -> 
  custom:scripting/monoscript/fileName/ShapeEditorRectSelection.cs: 1696d724b33ef6168949bbdce78d19c6 -> 
  custom:scripting/monoscript/fileName/TextureImporterDataProviderImplementation.cs: ffb9fda6ca225aa106e9fa84455f4e60 -> 
  custom:audio-encoder-webm-vorbis: bf7c407c2cedff20999df2af8eb42d56 -> 
  custom:scripting/monoscript/fileName/SpriteUtilityWindow.cs: 4827aafd0c4d893166845eac1266c4ed -> 
  custom:scripting/monoscript/fileName/SpriteFrameModuleBase.cs: 82472910b376b3c28a6f5b31b28f5f51 -> 
  custom:scripting/monoscript/fileName/SpriteFrameModuleView.cs: f07011b3ec3622062bef733dc29fedf0 -> 
========================================================================
Received Prepare
Caller must complete domain reload
Begin MonoManager ReloadAssembly
- Loaded All Assemblies, in  0.432 seconds
Native extension for WindowsStandalone target not found
Mono: successfully reloaded assembly
- Finished resetting the current domain, in  0.995 seconds
Domain Reload Profiling: 1427ms
	BeginReloadAssembly (159ms)
		ExecutionOrderSort (0ms)
		DisableScriptedObjects (5ms)
		BackupInstance (0ms)
		ReleaseScriptingObjects (0ms)
		CreateAndSetChildDomain (32ms)
	RebuildCommonClasses (30ms)
	RebuildNativeTypeToScriptingClass (10ms)
	initialDomainReloadingComplete (24ms)
	LoadAllAssembliesAndSetupDomain (209ms)
		LoadAssemblies (289ms)
		RebuildTransferFunctionScriptingTraits (0ms)
		AnalyzeDomain (14ms)
			TypeCache.Refresh (7ms)
				TypeCache.ScanAssembly (0ms)
			ScanForSourceGeneratedMonoScriptInfo (0ms)
			ResolveRequiredComponents (6ms)
	FinalizeReload (996ms)
		ReleaseScriptCaches (0ms)
		RebuildScriptCaches (0ms)
		SetupLoadedEditorAssemblies (546ms)
			LogAssemblyErrors (0ms)
			InitializePlatformSupportModulesInManaged (6ms)
			SetLoadedEditorAssemblies (6ms)
			RefreshPlugins (0ms)
			BeforeProcessingInitializeOnLoad (91ms)
			ProcessInitializeOnLoadAttributes (418ms)
			ProcessInitializeOnLoadMethodAttributes (22ms)
			AfterProcessingInitializeOnLoad (4ms)
			EditorAssembliesLoaded (0ms)
		ExecutionOrderSort2 (0ms)
		AwakeInstancesAfterBackupRestoration (6ms)
Refreshing native plugins compatible for Editor in 2.83 ms, found 3 plugins.
Preloading 0 native plugins for Editor in 0.00 ms.
Unloading 3577 Unused Serialized files (Serialized files now loaded: 0)
Unloading 14 unused Assets / (28.5 KB). Loaded Objects now: 4117.
Memory consumption went from 127.9 MB to 127.8 MB.
Total: 5.140100 ms (FindLiveObjects: 0.627400 ms CreateObjectMapping: 0.599400 ms MarkObjects: 3.849800 ms  DeleteObjects: 0.062100 ms)

Prepare: number of updated asset objects reloaded= 0
AssetImportParameters requested are different than current active one (requested -> active):
  custom:scripting/monoscript/fileName/RandomHitPlacer.cs: 0e520bb249608fd9a2ce5ff96c591009 -> 
  custom:container-demuxer-ogg: 62fdf1f143b41e24485cea50d1cbac27 -> 
  custom:scripting/monoscript/fileName/SpriteEditorWindow.cs: 1629bd700639d5abf7ee9c1a15128fda -> 
  custom:scripting/monoscript/fileName/SpriteRect.cs: 8da6d12a5fbd75a0eba31cfa62842428 -> 
  custom:scripting/monoscript/fileName/ISpriteEditorModule.cs: f35f8b8d39dcfd448fbbe9ea48566c2f -> 
  custom:video-decoder-ogg-theora: a1e56fd34408186e4bbccfd4996cb3dc -> 
  custom:scripting/monoscript/fileName/MenuItems.cs: 3ea3522373e3b4d2ef39113c39531efd -> 
  custom:scripting/monoscript/fileName/DefaultSpriteNameFileIdDataProvider.cs: cd965ed390b21ec0302c3211a9f903ff -> 
  custom:framework-win-MediaFoundation: 216162199b28c13a410421893ffa2e32 -> 
  custom:scripting/monoscript/fileName/ShapeEditor.cs: 7eba0c642af179a392c34e527393b30b -> 
  custom:scripting/monoscript/fileName/SpritePolygonModeModule.cs: 8b4aa126b968b0772b9e20476364e690 -> 
  custom:scripting/precompiled-assembly-types:Unity.2D.Sprite.Editor: c80415e041d636416599f4ac20098905 -> 
  custom:scripting/monoscript/fileName/ItemCreationUtility.cs: d1c4ddba747ed633116f555c0d69ace7 -> 
  custom:CustomObjectIndexerAttribute: 9a22284fe3817be447336de3de66b15e -> 
  custom:scripting/monoscript/fileName/SpriteEditorHandles.cs: 8b78502b9b56b3c556563a6e935b52ad -> 
  custom:container-demuxer-webm: 4f35f7cbe854078d1ac9338744f61a02 -> 
  custom:scripting/monoscript/fileName/SpriteNameFileIdPair.cs: 8dab74045e538d5698ea3c4caed3e48c -> 
  custom:scripting/monoscript/fileName/IGL.cs: 8903f8a1304142ec1aefe33b7a4db28c -> 
  custom:scripting/monoscript/fileName/SpritePhysicsShapeModule.cs: 35688b9e178698712b557d50761dc7c2 -> 
  custom:scripting/monoscript/fileName/ITexture.cs: dbb4c87e1c028ce779185d5d3d566460 -> 
  custom:container-muxer-webm: aa71ff27fc2769a1b78a27578f13a17b -> 
  custom:scripting/monoscript/fileName/IEvent.cs: c25d501578d8ebe48d7b30415b0df4c5 -> 
  custom:video-decoder-webm-vp8: 9c59270c3fd7afecdb556c50c9e8de78 -> 
  custom:scripting/monoscript/fileName/SpriteOutlineModule.cs: 249fecf584323de7d2fd0b14e9a4944c -> 
  custom:SearchIndexIgnoredProperties: e643bd26f0fe6173181afceb89e7c659 -> 
  custom:AudioImporter_EditorPlatform: d09bf68614088b80899f8185d706f6e7 -> 
  custom:scripting/monoscript/fileName/SpriteEditorUtility.cs: 7e2d1f2cb427fd67c5461f9431375c3a -> 
  custom:scripting/monoscript/fileName/SpriteSecondaryTexturesModule.cs: 8f361de5bdfd731e220c415240ad033f -> 
  custom:scripting/monoscript/fileName/IGUIUtility.cs: cad79017f17454feb4e1799b1c42f87c -> 
  custom:scripting/monoscript/fileName/IHandles.cs: d2780a18a3844e49d490d68d5cb3d26a -> 
  custom:scripting/monoscript/fileName/TextureImporterDataProvider.cs: d68f5d5325387f4e38fdcf2610c72ce3 -> 
  custom:scripting/monoscript/fileName/SpriteEditorMenu.cs: f9042f312a91c162ede0d5de48225240 -> 
  custom:scripting/monoscript/fileName/ISpriteEditorDataProvider.cs: 4c01add71bf03a3e1afff21bbd534ee9 -> 
  custom:scripting/monoscript/fileName/IUndoSystem.cs: 841a069a843e48d57d362ca08bca21d4 -> 
  custom:scripting/monoscript/fileName/SpritePolygonModeModuleView.cs: db8ddbee5a89c636987047f4602001ef -> 
  custom:scripting/monoscript/fileName/SpriteEditorData.cs: 79e0d970ecf11ef3020398e38672548f -> 
  custom:video-encoder-webm-vp8: eb34c28f22e8b96e1ab97ce403110664 -> 
  custom:audio-decoder-ogg-vorbis: bf7c407c2cedff20999df2af8eb42d56 -> 
  custom:scripting/monoscript/fileName/SpriteEditorWindowSettings.cs: 8e59c26ada2085b3ebaa83fd01af70e3 -> 
  custom:scripting/monoscript/fileName/SpriteFrameModuleBaseView.cs: 72abaa53c3c1184e23d4d9a45f62d8c2 -> 
  custom:scripting/monoscript/fileName/IAssetDatabase.cs: c40b958675a6cd5b519fa6ca497fede4 -> 
  custom:scripting/monoscript/fileName/SpriteFrameModule.cs: f07011b3ec3622062bef733dc29fedf0 -> 
  custom:scripting/monoscript/fileName/ShapeEditorRectSelection.cs: 1696d724b33ef6168949bbdce78d19c6 -> 
  custom:scripting/monoscript/fileName/TextureImporterDataProviderImplementation.cs: ffb9fda6ca225aa106e9fa84455f4e60 -> 
  custom:audio-encoder-webm-vorbis: bf7c407c2cedff20999df2af8eb42d56 -> 
  custom:scripting/monoscript/fileName/SpriteUtilityWindow.cs: 4827aafd0c4d893166845eac1266c4ed -> 
  custom:scripting/monoscript/fileName/SpriteFrameModuleBase.cs: 82472910b376b3c28a6f5b31b28f5f51 -> 
  custom:scripting/monoscript/fileName/SpriteFrameModuleView.cs: f07011b3ec3622062bef733dc29fedf0 -> 
========================================================================
Received Prepare
Caller must complete domain reload
Begin MonoManager ReloadAssembly
- Loaded All Assemblies, in  0.489 seconds
Native extension for WindowsStandalone target not found
Mono: successfully reloaded assembly
- Finished resetting the current domain, in  0.955 seconds
Domain Reload Profiling: 1444ms
	BeginReloadAssembly (163ms)
		ExecutionOrderSort (0ms)
		DisableScriptedObjects (5ms)
		BackupInstance (0ms)
		ReleaseScriptingObjects (0ms)
		CreateAndSetChildDomain (32ms)
	RebuildCommonClasses (29ms)
	RebuildNativeTypeToScriptingClass (10ms)
	initialDomainReloadingComplete (23ms)
	LoadAllAssembliesAndSetupDomain (263ms)
		LoadAssemblies (327ms)
		RebuildTransferFunctionScriptingTraits (0ms)
		AnalyzeDomain (34ms)
			TypeCache.Refresh (13ms)
				TypeCache.ScanAssembly (0ms)
			ScanForSourceGeneratedMonoScriptInfo (13ms)
			ResolveRequiredComponents (6ms)
	FinalizeReload (955ms)
		ReleaseScriptCaches (0ms)
		RebuildScriptCaches (0ms)
		SetupLoadedEditorAssemblies (504ms)
			LogAssemblyErrors (0ms)
			InitializePlatformSupportModulesInManaged (5ms)
			SetLoadedEditorAssemblies (5ms)
			RefreshPlugins (0ms)
			BeforeProcessingInitializeOnLoad (84ms)
			ProcessInitializeOnLoadAttributes (386ms)
			ProcessInitializeOnLoadMethodAttributes (21ms)
			AfterProcessingInitializeOnLoad (3ms)
			EditorAssembliesLoaded (0ms)
		ExecutionOrderSort2 (0ms)
		AwakeInstancesAfterBackupRestoration (6ms)
Refreshing native plugins compatible for Editor in 2.58 ms, found 3 plugins.
Preloading 0 native plugins for Editor in 0.00 ms.
Unloading 3577 Unused Serialized files (Serialized files now loaded: 0)
Unloading 14 unused Assets / (28.5 KB). Loaded Objects now: 4120.
Memory consumption went from 127.9 MB to 127.8 MB.
Total: 3.186600 ms (FindLiveObjects: 0.288100 ms CreateObjectMapping: 0.197700 ms MarkObjects: 2.657200 ms  DeleteObjects: 0.042800 ms)

Prepare: number of updated asset objects reloaded= 0
AssetImportParameters requested are different than current active one (requested -> active):
  custom:scripting/monoscript/fileName/RandomHitPlacer.cs: 0e520bb249608fd9a2ce5ff96c591009 -> 
  custom:container-demuxer-ogg: 62fdf1f143b41e24485cea50d1cbac27 -> 
  custom:scripting/monoscript/fileName/SpriteEditorWindow.cs: 1629bd700639d5abf7ee9c1a15128fda -> 
  custom:scripting/monoscript/fileName/SpriteRect.cs: 8da6d12a5fbd75a0eba31cfa62842428 -> 
  custom:scripting/monoscript/fileName/ISpriteEditorModule.cs: f35f8b8d39dcfd448fbbe9ea48566c2f -> 
  custom:video-decoder-ogg-theora: a1e56fd34408186e4bbccfd4996cb3dc -> 
  custom:scripting/monoscript/fileName/MenuItems.cs: 3ea3522373e3b4d2ef39113c39531efd -> 
  custom:scripting/monoscript/fileName/DefaultSpriteNameFileIdDataProvider.cs: cd965ed390b21ec0302c3211a9f903ff -> 
  custom:framework-win-MediaFoundation: 216162199b28c13a410421893ffa2e32 -> 
  custom:scripting/monoscript/fileName/ShapeEditor.cs: 7eba0c642af179a392c34e527393b30b -> 
  custom:scripting/monoscript/fileName/SpritePolygonModeModule.cs: 8b4aa126b968b0772b9e20476364e690 -> 
  custom:scripting/precompiled-assembly-types:Unity.2D.Sprite.Editor: c80415e041d636416599f4ac20098905 -> 
  custom:scripting/monoscript/fileName/ItemCreationUtility.cs: d1c4ddba747ed633116f555c0d69ace7 -> 
  custom:CustomObjectIndexerAttribute: 9a22284fe3817be447336de3de66b15e -> 
  custom:scripting/monoscript/fileName/SpriteEditorHandles.cs: 8b78502b9b56b3c556563a6e935b52ad -> 
  custom:container-demuxer-webm: 4f35f7cbe854078d1ac9338744f61a02 -> 
  custom:scripting/monoscript/fileName/SpriteNameFileIdPair.cs: 8dab74045e538d5698ea3c4caed3e48c -> 
  custom:scripting/monoscript/fileName/IGL.cs: 8903f8a1304142ec1aefe33b7a4db28c -> 
  custom:scripting/monoscript/fileName/SpritePhysicsShapeModule.cs: 35688b9e178698712b557d50761dc7c2 -> 
  custom:scripting/monoscript/fileName/ITexture.cs: dbb4c87e1c028ce779185d5d3d566460 -> 
  custom:container-muxer-webm: aa71ff27fc2769a1b78a27578f13a17b -> 
  custom:scripting/monoscript/fileName/IEvent.cs: c25d501578d8ebe48d7b30415b0df4c5 -> 
  custom:video-decoder-webm-vp8: 9c59270c3fd7afecdb556c50c9e8de78 -> 
  custom:scripting/monoscript/fileName/SpriteOutlineModule.cs: 249fecf584323de7d2fd0b14e9a4944c -> 
  custom:SearchIndexIgnoredProperties: e643bd26f0fe6173181afceb89e7c659 -> 
  custom:AudioImporter_EditorPlatform: d09bf68614088b80899f8185d706f6e7 -> 
  custom:scripting/monoscript/fileName/SpriteEditorUtility.cs: 7e2d1f2cb427fd67c5461f9431375c3a -> 
  custom:scripting/monoscript/fileName/SpriteSecondaryTexturesModule.cs: 8f361de5bdfd731e220c415240ad033f -> 
  custom:scripting/monoscript/fileName/IGUIUtility.cs: cad79017f17454feb4e1799b1c42f87c -> 
  custom:scripting/monoscript/fileName/IHandles.cs: d2780a18a3844e49d490d68d5cb3d26a -> 
  custom:scripting/monoscript/fileName/TextureImporterDataProvider.cs: d68f5d5325387f4e38fdcf2610c72ce3 -> 
  custom:scripting/monoscript/fileName/SpriteEditorMenu.cs: f9042f312a91c162ede0d5de48225240 -> 
  custom:scripting/monoscript/fileName/ISpriteEditorDataProvider.cs: 4c01add71bf03a3e1afff21bbd534ee9 -> 
  custom:scripting/monoscript/fileName/IUndoSystem.cs: 841a069a843e48d57d362ca08bca21d4 -> 
  custom:scripting/monoscript/fileName/SpritePolygonModeModuleView.cs: db8ddbee5a89c636987047f4602001ef -> 
  custom:scripting/monoscript/fileName/SpriteEditorData.cs: 79e0d970ecf11ef3020398e38672548f -> 
  custom:video-encoder-webm-vp8: eb34c28f22e8b96e1ab97ce403110664 -> 
  custom:audio-decoder-ogg-vorbis: bf7c407c2cedff20999df2af8eb42d56 -> 
  custom:scripting/monoscript/fileName/SpriteEditorWindowSettings.cs: 8e59c26ada2085b3ebaa83fd01af70e3 -> 
  custom:scripting/monoscript/fileName/SpriteFrameModuleBaseView.cs: 72abaa53c3c1184e23d4d9a45f62d8c2 -> 
  custom:scripting/monoscript/fileName/IAssetDatabase.cs: c40b958675a6cd5b519fa6ca497fede4 -> 
  custom:scripting/monoscript/fileName/SpriteFrameModule.cs: f07011b3ec3622062bef733dc29fedf0 -> 
  custom:scripting/monoscript/fileName/ShapeEditorRectSelection.cs: 1696d724b33ef6168949bbdce78d19c6 -> 
  custom:scripting/monoscript/fileName/TextureImporterDataProviderImplementation.cs: ffb9fda6ca225aa106e9fa84455f4e60 -> 
  custom:audio-encoder-webm-vorbis: bf7c407c2cedff20999df2af8eb42d56 -> 
  custom:scripting/monoscript/fileName/SpriteUtilityWindow.cs: 4827aafd0c4d893166845eac1266c4ed -> 
  custom:scripting/monoscript/fileName/SpriteFrameModuleBase.cs: 82472910b376b3c28a6f5b31b28f5f51 -> 
  custom:scripting/monoscript/fileName/SpriteFrameModuleView.cs: f07011b3ec3622062bef733dc29fedf0 -> 
========================================================================
Received Prepare
Caller must complete domain reload
Begin MonoManager ReloadAssembly
- Loaded All Assemblies, in  0.445 seconds
Native extension for WindowsStandalone target not found
Mono: successfully reloaded assembly
- Finished resetting the current domain, in  0.987 seconds
Domain Reload Profiling: 1432ms
	BeginReloadAssembly (163ms)
		ExecutionOrderSort (0ms)
		DisableScriptedObjects (5ms)
		BackupInstance (0ms)
		ReleaseScriptingObjects (0ms)
		CreateAndSetChildDomain (31ms)
	RebuildCommonClasses (29ms)
	RebuildNativeTypeToScriptingClass (10ms)
	initialDomainReloadingComplete (23ms)
	LoadAllAssembliesAndSetupDomain (220ms)
		LoadAssemblies (304ms)
		RebuildTransferFunctionScriptingTraits (0ms)
		AnalyzeDomain (15ms)
			TypeCache.Refresh (8ms)
				TypeCache.ScanAssembly (0ms)
			ScanForSourceGeneratedMonoScriptInfo (0ms)
			ResolveRequiredComponents (6ms)
	FinalizeReload (987ms)
		ReleaseScriptCaches (0ms)
		RebuildScriptCaches (0ms)
		SetupLoadedEditorAssemblies (541ms)
			LogAssemblyErrors (0ms)
			InitializePlatformSupportModulesInManaged (5ms)
			SetLoadedEditorAssemblies (5ms)
			RefreshPlugins (0ms)
			BeforeProcessingInitializeOnLoad (93ms)
			ProcessInitializeOnLoadAttributes (413ms)
			ProcessInitializeOnLoadMethodAttributes (22ms)
			AfterProcessingInitializeOnLoad (2ms)
			EditorAssembliesLoaded (0ms)
		ExecutionOrderSort2 (0ms)
		AwakeInstancesAfterBackupRestoration (6ms)
Refreshing native plugins compatible for Editor in 4.19 ms, found 3 plugins.
Preloading 0 native plugins for Editor in 0.00 ms.
Unloading 3577 Unused Serialized files (Serialized files now loaded: 0)
Unloading 14 unused Assets / (28.6 KB). Loaded Objects now: 4123.
Memory consumption went from 127.9 MB to 127.8 MB.
Total: 3.389200 ms (FindLiveObjects: 0.426100 ms CreateObjectMapping: 0.416100 ms MarkObjects: 2.503200 ms  DeleteObjects: 0.043100 ms)

Prepare: number of updated asset objects reloaded= 0
AssetImportParameters requested are different than current active one (requested -> active):
  custom:scripting/monoscript/fileName/RandomHitPlacer.cs: 0e520bb249608fd9a2ce5ff96c591009 -> 
  custom:container-demuxer-ogg: 62fdf1f143b41e24485cea50d1cbac27 -> 
  custom:scripting/monoscript/fileName/SpriteEditorWindow.cs: 1629bd700639d5abf7ee9c1a15128fda -> 
  custom:scripting/monoscript/fileName/SpriteRect.cs: 8da6d12a5fbd75a0eba31cfa62842428 -> 
  custom:scripting/monoscript/fileName/ISpriteEditorModule.cs: f35f8b8d39dcfd448fbbe9ea48566c2f -> 
  custom:video-decoder-ogg-theora: a1e56fd34408186e4bbccfd4996cb3dc -> 
  custom:scripting/monoscript/fileName/MenuItems.cs: 3ea3522373e3b4d2ef39113c39531efd -> 
  custom:scripting/monoscript/fileName/DefaultSpriteNameFileIdDataProvider.cs: cd965ed390b21ec0302c3211a9f903ff -> 
  custom:framework-win-MediaFoundation: 216162199b28c13a410421893ffa2e32 -> 
  custom:scripting/monoscript/fileName/ShapeEditor.cs: 7eba0c642af179a392c34e527393b30b -> 
  custom:scripting/monoscript/fileName/SpritePolygonModeModule.cs: 8b4aa126b968b0772b9e20476364e690 -> 
  custom:scripting/precompiled-assembly-types:Unity.2D.Sprite.Editor: c80415e041d636416599f4ac20098905 -> 
  custom:scripting/monoscript/fileName/ItemCreationUtility.cs: d1c4ddba747ed633116f555c0d69ace7 -> 
  custom:CustomObjectIndexerAttribute: 9a22284fe3817be447336de3de66b15e -> 
  custom:scripting/monoscript/fileName/SpriteEditorHandles.cs: 8b78502b9b56b3c556563a6e935b52ad -> 
  custom:container-demuxer-webm: 4f35f7cbe854078d1ac9338744f61a02 -> 
  custom:scripting/monoscript/fileName/SpriteNameFileIdPair.cs: 8dab74045e538d5698ea3c4caed3e48c -> 
  custom:scripting/monoscript/fileName/IGL.cs: 8903f8a1304142ec1aefe33b7a4db28c -> 
  custom:scripting/monoscript/fileName/SpritePhysicsShapeModule.cs: 35688b9e178698712b557d50761dc7c2 -> 
  custom:scripting/monoscript/fileName/ITexture.cs: dbb4c87e1c028ce779185d5d3d566460 -> 
  custom:container-muxer-webm: aa71ff27fc2769a1b78a27578f13a17b -> 
  custom:scripting/monoscript/fileName/IEvent.cs: c25d501578d8ebe48d7b30415b0df4c5 -> 
  custom:video-decoder-webm-vp8: 9c59270c3fd7afecdb556c50c9e8de78 -> 
  custom:scripting/monoscript/fileName/SpriteOutlineModule.cs: 249fecf584323de7d2fd0b14e9a4944c -> 
  custom:SearchIndexIgnoredProperties: e643bd26f0fe6173181afceb89e7c659 -> 
  custom:AudioImporter_EditorPlatform: d09bf68614088b80899f8185d706f6e7 -> 
  custom:scripting/monoscript/fileName/SpriteEditorUtility.cs: 7e2d1f2cb427fd67c5461f9431375c3a -> 
  custom:scripting/monoscript/fileName/SpriteSecondaryTexturesModule.cs: 8f361de5bdfd731e220c415240ad033f -> 
  custom:scripting/monoscript/fileName/IGUIUtility.cs: cad79017f17454feb4e1799b1c42f87c -> 
  custom:scripting/monoscript/fileName/IHandles.cs: d2780a18a3844e49d490d68d5cb3d26a -> 
  custom:scripting/monoscript/fileName/TextureImporterDataProvider.cs: d68f5d5325387f4e38fdcf2610c72ce3 -> 
  custom:scripting/monoscript/fileName/SpriteEditorMenu.cs: f9042f312a91c162ede0d5de48225240 -> 
  custom:scripting/monoscript/fileName/ISpriteEditorDataProvider.cs: 4c01add71bf03a3e1afff21bbd534ee9 -> 
  custom:scripting/monoscript/fileName/IUndoSystem.cs: 841a069a843e48d57d362ca08bca21d4 -> 
  custom:scripting/monoscript/fileName/SpritePolygonModeModuleView.cs: db8ddbee5a89c636987047f4602001ef -> 
  custom:scripting/monoscript/fileName/SpriteEditorData.cs: 79e0d970ecf11ef3020398e38672548f -> 
  custom:video-encoder-webm-vp8: eb34c28f22e8b96e1ab97ce403110664 -> 
  custom:audio-decoder-ogg-vorbis: bf7c407c2cedff20999df2af8eb42d56 -> 
  custom:scripting/monoscript/fileName/SpriteEditorWindowSettings.cs: 8e59c26ada2085b3ebaa83fd01af70e3 -> 
  custom:scripting/monoscript/fileName/SpriteFrameModuleBaseView.cs: 72abaa53c3c1184e23d4d9a45f62d8c2 -> 
  custom:scripting/monoscript/fileName/IAssetDatabase.cs: c40b958675a6cd5b519fa6ca497fede4 -> 
  custom:scripting/monoscript/fileName/SpriteFrameModule.cs: f07011b3ec3622062bef733dc29fedf0 -> 
  custom:scripting/monoscript/fileName/ShapeEditorRectSelection.cs: 1696d724b33ef6168949bbdce78d19c6 -> 
  custom:scripting/monoscript/fileName/TextureImporterDataProviderImplementation.cs: ffb9fda6ca225aa106e9fa84455f4e60 -> 
  custom:audio-encoder-webm-vorbis: bf7c407c2cedff20999df2af8eb42d56 -> 
  custom:scripting/monoscript/fileName/SpriteUtilityWindow.cs: 4827aafd0c4d893166845eac1266c4ed -> 
  custom:scripting/monoscript/fileName/SpriteFrameModuleBase.cs: 82472910b376b3c28a6f5b31b28f5f51 -> 
  custom:scripting/monoscript/fileName/SpriteFrameModuleView.cs: f07011b3ec3622062bef733dc29fedf0 -> 
========================================================================
Received Prepare
Caller must complete domain reload
Begin MonoManager ReloadAssembly
- Loaded All Assemblies, in  0.708 seconds
Native extension for WindowsStandalone target not found
Mono: successfully reloaded assembly
- Finished resetting the current domain, in  1.026 seconds
Domain Reload Profiling: 1735ms
	BeginReloadAssembly (247ms)
		ExecutionOrderSort (0ms)
		DisableScriptedObjects (5ms)
		BackupInstance (0ms)
		ReleaseScriptingObjects (0ms)
		CreateAndSetChildDomain (35ms)
	RebuildCommonClasses (53ms)
	RebuildNativeTypeToScriptingClass (15ms)
	initialDomainReloadingComplete (55ms)
	LoadAllAssembliesAndSetupDomain (337ms)
		LoadAssemblies (471ms)
		RebuildTransferFunctionScriptingTraits (0ms)
		AnalyzeDomain (41ms)
			TypeCache.Refresh (19ms)
				TypeCache.ScanAssembly (1ms)
			ScanForSourceGeneratedMonoScriptInfo (14ms)
			ResolveRequiredComponents (6ms)
	FinalizeReload (1027ms)
		ReleaseScriptCaches (0ms)
		RebuildScriptCaches (0ms)
		SetupLoadedEditorAssemblies (539ms)
			LogAssemblyErrors (0ms)
			InitializePlatformSupportModulesInManaged (5ms)
			SetLoadedEditorAssemblies (5ms)
			RefreshPlugins (0ms)
			BeforeProcessingInitializeOnLoad (91ms)
			ProcessInitializeOnLoadAttributes (416ms)
			ProcessInitializeOnLoadMethodAttributes (20ms)
			AfterProcessingInitializeOnLoad (2ms)
			EditorAssembliesLoaded (0ms)
		ExecutionOrderSort2 (0ms)
		AwakeInstancesAfterBackupRestoration (5ms)
Refreshing native plugins compatible for Editor in 2.44 ms, found 3 plugins.
Preloading 0 native plugins for Editor in 0.00 ms.
Unloading 3577 Unused Serialized files (Serialized files now loaded: 0)
Unloading 14 unused Assets / (28.5 KB). Loaded Objects now: 4126.
Memory consumption went from 127.9 MB to 127.8 MB.
Total: 2.863200 ms (FindLiveObjects: 0.309000 ms CreateObjectMapping: 0.201600 ms MarkObjects: 2.316800 ms  DeleteObjects: 0.035100 ms)

Prepare: number of updated asset objects reloaded= 0
AssetImportParameters requested are different than current active one (requested -> active):
  custom:scripting/monoscript/fileName/RandomHitPlacer.cs: 0e520bb249608fd9a2ce5ff96c591009 -> 
  custom:container-demuxer-ogg: 62fdf1f143b41e24485cea50d1cbac27 -> 
  custom:scripting/monoscript/fileName/SpriteEditorWindow.cs: 1629bd700639d5abf7ee9c1a15128fda -> 
  custom:scripting/monoscript/fileName/SpriteRect.cs: 8da6d12a5fbd75a0eba31cfa62842428 -> 
  custom:scripting/monoscript/fileName/ISpriteEditorModule.cs: f35f8b8d39dcfd448fbbe9ea48566c2f -> 
  custom:video-decoder-ogg-theora: a1e56fd34408186e4bbccfd4996cb3dc -> 
  custom:scripting/monoscript/fileName/MenuItems.cs: 3ea3522373e3b4d2ef39113c39531efd -> 
  custom:scripting/monoscript/fileName/DefaultSpriteNameFileIdDataProvider.cs: cd965ed390b21ec0302c3211a9f903ff -> 
  custom:framework-win-MediaFoundation: 216162199b28c13a410421893ffa2e32 -> 
  custom:scripting/monoscript/fileName/ShapeEditor.cs: 7eba0c642af179a392c34e527393b30b -> 
  custom:scripting/monoscript/fileName/SpritePolygonModeModule.cs: 8b4aa126b968b0772b9e20476364e690 -> 
  custom:scripting/precompiled-assembly-types:Unity.2D.Sprite.Editor: c80415e041d636416599f4ac20098905 -> 
  custom:scripting/monoscript/fileName/ItemCreationUtility.cs: d1c4ddba747ed633116f555c0d69ace7 -> 
  custom:CustomObjectIndexerAttribute: 9a22284fe3817be447336de3de66b15e -> 
  custom:scripting/monoscript/fileName/SpriteEditorHandles.cs: 8b78502b9b56b3c556563a6e935b52ad -> 
  custom:container-demuxer-webm: 4f35f7cbe854078d1ac9338744f61a02 -> 
  custom:scripting/monoscript/fileName/SpriteNameFileIdPair.cs: 8dab74045e538d5698ea3c4caed3e48c -> 
  custom:scripting/monoscript/fileName/IGL.cs: 8903f8a1304142ec1aefe33b7a4db28c -> 
  custom:scripting/monoscript/fileName/SpritePhysicsShapeModule.cs: 35688b9e178698712b557d50761dc7c2 -> 
  custom:scripting/monoscript/fileName/ITexture.cs: dbb4c87e1c028ce779185d5d3d566460 -> 
  custom:container-muxer-webm: aa71ff27fc2769a1b78a27578f13a17b -> 
  custom:scripting/monoscript/fileName/IEvent.cs: c25d501578d8ebe48d7b30415b0df4c5 -> 
  custom:video-decoder-webm-vp8: 9c59270c3fd7afecdb556c50c9e8de78 -> 
  custom:scripting/monoscript/fileName/SpriteOutlineModule.cs: 249fecf584323de7d2fd0b14e9a4944c -> 
  custom:SearchIndexIgnoredProperties: e643bd26f0fe6173181afceb89e7c659 -> 
  custom:AudioImporter_EditorPlatform: d09bf68614088b80899f8185d706f6e7 -> 
  custom:scripting/monoscript/fileName/SpriteEditorUtility.cs: 7e2d1f2cb427fd67c5461f9431375c3a -> 
  custom:scripting/monoscript/fileName/SpriteSecondaryTexturesModule.cs: 8f361de5bdfd731e220c415240ad033f -> 
  custom:scripting/monoscript/fileName/IGUIUtility.cs: cad79017f17454feb4e1799b1c42f87c -> 
  custom:scripting/monoscript/fileName/IHandles.cs: d2780a18a3844e49d490d68d5cb3d26a -> 
  custom:scripting/monoscript/fileName/TextureImporterDataProvider.cs: d68f5d5325387f4e38fdcf2610c72ce3 -> 
  custom:scripting/monoscript/fileName/SpriteEditorMenu.cs: f9042f312a91c162ede0d5de48225240 -> 
  custom:scripting/monoscript/fileName/ISpriteEditorDataProvider.cs: 4c01add71bf03a3e1afff21bbd534ee9 -> 
  custom:scripting/monoscript/fileName/IUndoSystem.cs: 841a069a843e48d57d362ca08bca21d4 -> 
  custom:scripting/monoscript/fileName/SpritePolygonModeModuleView.cs: db8ddbee5a89c636987047f4602001ef -> 
  custom:scripting/monoscript/fileName/SpriteEditorData.cs: 79e0d970ecf11ef3020398e38672548f -> 
  custom:video-encoder-webm-vp8: eb34c28f22e8b96e1ab97ce403110664 -> 
  custom:audio-decoder-ogg-vorbis: bf7c407c2cedff20999df2af8eb42d56 -> 
  custom:scripting/monoscript/fileName/SpriteEditorWindowSettings.cs: 8e59c26ada2085b3ebaa83fd01af70e3 -> 
  custom:scripting/monoscript/fileName/SpriteFrameModuleBaseView.cs: 72abaa53c3c1184e23d4d9a45f62d8c2 -> 
  custom:scripting/monoscript/fileName/IAssetDatabase.cs: c40b958675a6cd5b519fa6ca497fede4 -> 
  custom:scripting/monoscript/fileName/SpriteFrameModule.cs: f07011b3ec3622062bef733dc29fedf0 -> 
  custom:scripting/monoscript/fileName/ShapeEditorRectSelection.cs: 1696d724b33ef6168949bbdce78d19c6 -> 
  custom:scripting/monoscript/fileName/TextureImporterDataProviderImplementation.cs: ffb9fda6ca225aa106e9fa84455f4e60 -> 
  custom:audio-encoder-webm-vorbis: bf7c407c2cedff20999df2af8eb42d56 -> 
  custom:scripting/monoscript/fileName/SpriteUtilityWindow.cs: 4827aafd0c4d893166845eac1266c4ed -> 
  custom:scripting/monoscript/fileName/SpriteFrameModuleBase.cs: 82472910b376b3c28a6f5b31b28f5f51 -> 
  custom:scripting/monoscript/fileName/SpriteFrameModuleView.cs: f07011b3ec3622062bef733dc29fedf0 -> 
========================================================================
Received Prepare
Caller must complete domain reload
Begin MonoManager ReloadAssembly
- Loaded All Assemblies, in  0.505 seconds
Native extension for WindowsStandalone target not found
Mono: successfully reloaded assembly
- Finished resetting the current domain, in  1.130 seconds
Domain Reload Profiling: 1636ms
	BeginReloadAssembly (184ms)
		ExecutionOrderSort (0ms)
		DisableScriptedObjects (5ms)
		BackupInstance (0ms)
		ReleaseScriptingObjects (0ms)
		CreateAndSetChildDomain (33ms)
	RebuildCommonClasses (32ms)
	RebuildNativeTypeToScriptingClass (10ms)
	initialDomainReloadingComplete (27ms)
	LoadAllAssembliesAndSetupDomain (252ms)
		LoadAssemblies (346ms)
		RebuildTransferFunctionScriptingTraits (0ms)
		AnalyzeDomain (17ms)
			TypeCache.Refresh (9ms)
				TypeCache.ScanAssembly (0ms)
			ScanForSourceGeneratedMonoScriptInfo (0ms)
			ResolveRequiredComponents (6ms)
	FinalizeReload (1131ms)
		ReleaseScriptCaches (0ms)
		RebuildScriptCaches (0ms)
		SetupLoadedEditorAssemblies (610ms)
			LogAssemblyErrors (0ms)
			InitializePlatformSupportModulesInManaged (6ms)
			SetLoadedEditorAssemblies (6ms)
			RefreshPlugins (0ms)
			BeforeProcessingInitializeOnLoad (103ms)
			ProcessInitializeOnLoadAttributes (467ms)
			ProcessInitializeOnLoadMethodAttributes (24ms)
			AfterProcessingInitializeOnLoad (2ms)
			EditorAssembliesLoaded (0ms)
		ExecutionOrderSort2 (0ms)
		AwakeInstancesAfterBackupRestoration (6ms)
Refreshing native plugins compatible for Editor in 2.91 ms, found 3 plugins.
Preloading 0 native plugins for Editor in 0.00 ms.
Unloading 3577 Unused Serialized files (Serialized files now loaded: 0)
Unloading 14 unused Assets / (28.5 KB). Loaded Objects now: 4129.
Memory consumption went from 127.9 MB to 127.8 MB.
Total: 2.975100 ms (FindLiveObjects: 0.280700 ms CreateObjectMapping: 0.242100 ms MarkObjects: 2.416000 ms  DeleteObjects: 0.035400 ms)

Prepare: number of updated asset objects reloaded= 0
AssetImportParameters requested are different than current active one (requested -> active):
  custom:scripting/monoscript/fileName/RandomHitPlacer.cs: 0e520bb249608fd9a2ce5ff96c591009 -> 
  custom:container-demuxer-ogg: 62fdf1f143b41e24485cea50d1cbac27 -> 
  custom:scripting/monoscript/fileName/SpriteEditorWindow.cs: 1629bd700639d5abf7ee9c1a15128fda -> 
  custom:scripting/monoscript/fileName/SpriteRect.cs: 8da6d12a5fbd75a0eba31cfa62842428 -> 
  custom:scripting/monoscript/fileName/ISpriteEditorModule.cs: f35f8b8d39dcfd448fbbe9ea48566c2f -> 
  custom:video-decoder-ogg-theora: a1e56fd34408186e4bbccfd4996cb3dc -> 
  custom:scripting/monoscript/fileName/MenuItems.cs: 3ea3522373e3b4d2ef39113c39531efd -> 
  custom:scripting/monoscript/fileName/DefaultSpriteNameFileIdDataProvider.cs: cd965ed390b21ec0302c3211a9f903ff -> 
  custom:framework-win-MediaFoundation: 216162199b28c13a410421893ffa2e32 -> 
  custom:scripting/monoscript/fileName/ShapeEditor.cs: 7eba0c642af179a392c34e527393b30b -> 
  custom:scripting/monoscript/fileName/SpritePolygonModeModule.cs: 8b4aa126b968b0772b9e20476364e690 -> 
  custom:scripting/precompiled-assembly-types:Unity.2D.Sprite.Editor: c80415e041d636416599f4ac20098905 -> 
  custom:scripting/monoscript/fileName/ItemCreationUtility.cs: d1c4ddba747ed633116f555c0d69ace7 -> 
  custom:CustomObjectIndexerAttribute: 9a22284fe3817be447336de3de66b15e -> 
  custom:scripting/monoscript/fileName/SpriteEditorHandles.cs: 8b78502b9b56b3c556563a6e935b52ad -> 
  custom:container-demuxer-webm: 4f35f7cbe854078d1ac9338744f61a02 -> 
  custom:scripting/monoscript/fileName/SpriteNameFileIdPair.cs: 8dab74045e538d5698ea3c4caed3e48c -> 
  custom:scripting/monoscript/fileName/IGL.cs: 8903f8a1304142ec1aefe33b7a4db28c -> 
  custom:scripting/monoscript/fileName/SpritePhysicsShapeModule.cs: 35688b9e178698712b557d50761dc7c2 -> 
  custom:scripting/monoscript/fileName/ITexture.cs: dbb4c87e1c028ce779185d5d3d566460 -> 
  custom:container-muxer-webm: aa71ff27fc2769a1b78a27578f13a17b -> 
  custom:scripting/monoscript/fileName/IEvent.cs: c25d501578d8ebe48d7b30415b0df4c5 -> 
  custom:video-decoder-webm-vp8: 9c59270c3fd7afecdb556c50c9e8de78 -> 
  custom:scripting/monoscript/fileName/SpriteOutlineModule.cs: 249fecf584323de7d2fd0b14e9a4944c -> 
  custom:SearchIndexIgnoredProperties: e643bd26f0fe6173181afceb89e7c659 -> 
  custom:AudioImporter_EditorPlatform: d09bf68614088b80899f8185d706f6e7 -> 
  custom:scripting/monoscript/fileName/SpriteEditorUtility.cs: 7e2d1f2cb427fd67c5461f9431375c3a -> 
  custom:scripting/monoscript/fileName/SpriteSecondaryTexturesModule.cs: 8f361de5bdfd731e220c415240ad033f -> 
  custom:scripting/monoscript/fileName/IGUIUtility.cs: cad79017f17454feb4e1799b1c42f87c -> 
  custom:scripting/monoscript/fileName/IHandles.cs: d2780a18a3844e49d490d68d5cb3d26a -> 
  custom:scripting/monoscript/fileName/TextureImporterDataProvider.cs: d68f5d5325387f4e38fdcf2610c72ce3 -> 
  custom:scripting/monoscript/fileName/SpriteEditorMenu.cs: f9042f312a91c162ede0d5de48225240 -> 
  custom:scripting/monoscript/fileName/ISpriteEditorDataProvider.cs: 4c01add71bf03a3e1afff21bbd534ee9 -> 
  custom:scripting/monoscript/fileName/IUndoSystem.cs: 841a069a843e48d57d362ca08bca21d4 -> 
  custom:scripting/monoscript/fileName/SpritePolygonModeModuleView.cs: db8ddbee5a89c636987047f4602001ef -> 
  custom:scripting/monoscript/fileName/SpriteEditorData.cs: 79e0d970ecf11ef3020398e38672548f -> 
  custom:video-encoder-webm-vp8: eb34c28f22e8b96e1ab97ce403110664 -> 
  custom:audio-decoder-ogg-vorbis: bf7c407c2cedff20999df2af8eb42d56 -> 
  custom:scripting/monoscript/fileName/SpriteEditorWindowSettings.cs: 8e59c26ada2085b3ebaa83fd01af70e3 -> 
  custom:scripting/monoscript/fileName/SpriteFrameModuleBaseView.cs: 72abaa53c3c1184e23d4d9a45f62d8c2 -> 
  custom:scripting/monoscript/fileName/IAssetDatabase.cs: c40b958675a6cd5b519fa6ca497fede4 -> 
  custom:scripting/monoscript/fileName/SpriteFrameModule.cs: f07011b3ec3622062bef733dc29fedf0 -> 
  custom:scripting/monoscript/fileName/ShapeEditorRectSelection.cs: 1696d724b33ef6168949bbdce78d19c6 -> 
  custom:scripting/monoscript/fileName/TextureImporterDataProviderImplementation.cs: ffb9fda6ca225aa106e9fa84455f4e60 -> 
  custom:audio-encoder-webm-vorbis: bf7c407c2cedff20999df2af8eb42d56 -> 
  custom:scripting/monoscript/fileName/SpriteUtilityWindow.cs: 4827aafd0c4d893166845eac1266c4ed -> 
  custom:scripting/monoscript/fileName/SpriteFrameModuleBase.cs: 82472910b376b3c28a6f5b31b28f5f51 -> 
  custom:scripting/monoscript/fileName/SpriteFrameModuleView.cs: f07011b3ec3622062bef733dc29fedf0 -> 
========================================================================
Received Prepare
Caller must complete domain reload
Begin MonoManager ReloadAssembly
- Loaded All Assemblies, in  0.487 seconds
Native extension for WindowsStandalone target not found
Mono: successfully reloaded assembly
- Finished resetting the current domain, in  1.125 seconds
Domain Reload Profiling: 1612ms
	BeginReloadAssembly (173ms)
		ExecutionOrderSort (0ms)
		DisableScriptedObjects (5ms)
		BackupInstance (0ms)
		ReleaseScriptingObjects (0ms)
		CreateAndSetChildDomain (35ms)
	RebuildCommonClasses (31ms)
	RebuildNativeTypeToScriptingClass (10ms)
	initialDomainReloadingComplete (25ms)
	LoadAllAssembliesAndSetupDomain (246ms)
		LoadAssemblies (334ms)
		RebuildTransferFunctionScriptingTraits (0ms)
		AnalyzeDomain (16ms)
			TypeCache.Refresh (8ms)
				TypeCache.ScanAssembly (0ms)
			ScanForSourceGeneratedMonoScriptInfo (0ms)
			ResolveRequiredComponents (6ms)
	FinalizeReload (1126ms)
		ReleaseScriptCaches (0ms)
		RebuildScriptCaches (0ms)
		SetupLoadedEditorAssemblies (610ms)
			LogAssemblyErrors (0ms)
			InitializePlatformSupportModulesInManaged (6ms)
			SetLoadedEditorAssemblies (8ms)
			RefreshPlugins (0ms)
			BeforeProcessingInitializeOnLoad (104ms)
			ProcessInitializeOnLoadAttributes (462ms)
			ProcessInitializeOnLoadMethodAttributes (26ms)
			AfterProcessingInitializeOnLoad (3ms)
			EditorAssembliesLoaded (0ms)
		ExecutionOrderSort2 (0ms)
		AwakeInstancesAfterBackupRestoration (7ms)
Refreshing native plugins compatible for Editor in 2.93 ms, found 3 plugins.
Preloading 0 native plugins for Editor in 0.00 ms.
Unloading 3577 Unused Serialized files (Serialized files now loaded: 0)
Unloading 14 unused Assets / (28.5 KB). Loaded Objects now: 4132.
Memory consumption went from 127.9 MB to 127.8 MB.
Total: 3.177600 ms (FindLiveObjects: 0.437600 ms CreateObjectMapping: 0.269500 ms MarkObjects: 2.430900 ms  DeleteObjects: 0.038400 ms)

Prepare: number of updated asset objects reloaded= 0
AssetImportParameters requested are different than current active one (requested -> active):
  custom:scripting/monoscript/fileName/RandomHitPlacer.cs: 0e520bb249608fd9a2ce5ff96c591009 -> 
  custom:container-demuxer-ogg: 62fdf1f143b41e24485cea50d1cbac27 -> 
  custom:scripting/monoscript/fileName/SpriteEditorWindow.cs: 1629bd700639d5abf7ee9c1a15128fda -> 
  custom:scripting/monoscript/fileName/SpriteRect.cs: 8da6d12a5fbd75a0eba31cfa62842428 -> 
  custom:scripting/monoscript/fileName/ISpriteEditorModule.cs: f35f8b8d39dcfd448fbbe9ea48566c2f -> 
  custom:video-decoder-ogg-theora: a1e56fd34408186e4bbccfd4996cb3dc -> 
  custom:scripting/monoscript/fileName/MenuItems.cs: 3ea3522373e3b4d2ef39113c39531efd -> 
  custom:scripting/monoscript/fileName/DefaultSpriteNameFileIdDataProvider.cs: cd965ed390b21ec0302c3211a9f903ff -> 
  custom:framework-win-MediaFoundation: 216162199b28c13a410421893ffa2e32 -> 
  custom:scripting/monoscript/fileName/ShapeEditor.cs: 7eba0c642af179a392c34e527393b30b -> 
  custom:scripting/monoscript/fileName/SpritePolygonModeModule.cs: 8b4aa126b968b0772b9e20476364e690 -> 
  custom:scripting/precompiled-assembly-types:Unity.2D.Sprite.Editor: c80415e041d636416599f4ac20098905 -> 
  custom:scripting/monoscript/fileName/ItemCreationUtility.cs: d1c4ddba747ed633116f555c0d69ace7 -> 
  custom:CustomObjectIndexerAttribute: 9a22284fe3817be447336de3de66b15e -> 
  custom:scripting/monoscript/fileName/SpriteEditorHandles.cs: 8b78502b9b56b3c556563a6e935b52ad -> 
  custom:container-demuxer-webm: 4f35f7cbe854078d1ac9338744f61a02 -> 
  custom:scripting/monoscript/fileName/SpriteNameFileIdPair.cs: 8dab74045e538d5698ea3c4caed3e48c -> 
  custom:scripting/monoscript/fileName/IGL.cs: 8903f8a1304142ec1aefe33b7a4db28c -> 
  custom:scripting/monoscript/fileName/SpritePhysicsShapeModule.cs: 35688b9e178698712b557d50761dc7c2 -> 
  custom:scripting/monoscript/fileName/ITexture.cs: dbb4c87e1c028ce779185d5d3d566460 -> 
  custom:container-muxer-webm: aa71ff27fc2769a1b78a27578f13a17b -> 
  custom:scripting/monoscript/fileName/IEvent.cs: c25d501578d8ebe48d7b30415b0df4c5 -> 
  custom:video-decoder-webm-vp8: 9c59270c3fd7afecdb556c50c9e8de78 -> 
  custom:scripting/monoscript/fileName/SpriteOutlineModule.cs: 249fecf584323de7d2fd0b14e9a4944c -> 
  custom:SearchIndexIgnoredProperties: e643bd26f0fe6173181afceb89e7c659 -> 
  custom:AudioImporter_EditorPlatform: d09bf68614088b80899f8185d706f6e7 -> 
  custom:scripting/monoscript/fileName/SpriteEditorUtility.cs: 7e2d1f2cb427fd67c5461f9431375c3a -> 
  custom:scripting/monoscript/fileName/SpriteSecondaryTexturesModule.cs: 8f361de5bdfd731e220c415240ad033f -> 
  custom:scripting/monoscript/fileName/IGUIUtility.cs: cad79017f17454feb4e1799b1c42f87c -> 
  custom:scripting/monoscript/fileName/IHandles.cs: d2780a18a3844e49d490d68d5cb3d26a -> 
  custom:scripting/monoscript/fileName/TextureImporterDataProvider.cs: d68f5d5325387f4e38fdcf2610c72ce3 -> 
  custom:scripting/monoscript/fileName/SpriteEditorMenu.cs: f9042f312a91c162ede0d5de48225240 -> 
  custom:scripting/monoscript/fileName/ISpriteEditorDataProvider.cs: 4c01add71bf03a3e1afff21bbd534ee9 -> 
  custom:scripting/monoscript/fileName/IUndoSystem.cs: 841a069a843e48d57d362ca08bca21d4 -> 
  custom:scripting/monoscript/fileName/SpritePolygonModeModuleView.cs: db8ddbee5a89c636987047f4602001ef -> 
  custom:scripting/monoscript/fileName/SpriteEditorData.cs: 79e0d970ecf11ef3020398e38672548f -> 
  custom:video-encoder-webm-vp8: eb34c28f22e8b96e1ab97ce403110664 -> 
  custom:audio-decoder-ogg-vorbis: bf7c407c2cedff20999df2af8eb42d56 -> 
  custom:scripting/monoscript/fileName/SpriteEditorWindowSettings.cs: 8e59c26ada2085b3ebaa83fd01af70e3 -> 
  custom:scripting/monoscript/fileName/SpriteFrameModuleBaseView.cs: 72abaa53c3c1184e23d4d9a45f62d8c2 -> 
  custom:scripting/monoscript/fileName/IAssetDatabase.cs: c40b958675a6cd5b519fa6ca497fede4 -> 
  custom:scripting/monoscript/fileName/SpriteFrameModule.cs: f07011b3ec3622062bef733dc29fedf0 -> 
  custom:scripting/monoscript/fileName/ShapeEditorRectSelection.cs: 1696d724b33ef6168949bbdce78d19c6 -> 
  custom:scripting/monoscript/fileName/TextureImporterDataProviderImplementation.cs: ffb9fda6ca225aa106e9fa84455f4e60 -> 
  custom:audio-encoder-webm-vorbis: bf7c407c2cedff20999df2af8eb42d56 -> 
  custom:scripting/monoscript/fileName/SpriteUtilityWindow.cs: 4827aafd0c4d893166845eac1266c4ed -> 
  custom:scripting/monoscript/fileName/SpriteFrameModuleBase.cs: 82472910b376b3c28a6f5b31b28f5f51 -> 
  custom:scripting/monoscript/fileName/SpriteFrameModuleView.cs: f07011b3ec3622062bef733dc29fedf0 -> 
========================================================================
Received Prepare
Caller must complete domain reload
Begin MonoManager ReloadAssembly
- Loaded All Assemblies, in  0.568 seconds
Native extension for WindowsStandalone target not found
Mono: successfully reloaded assembly
- Finished resetting the current domain, in  1.067 seconds
Domain Reload Profiling: 1634ms
	BeginReloadAssembly (202ms)
		ExecutionOrderSort (0ms)
		DisableScriptedObjects (5ms)
		BackupInstance (0ms)
		ReleaseScriptingObjects (0ms)
		CreateAndSetChildDomain (39ms)
	RebuildCommonClasses (32ms)
	RebuildNativeTypeToScriptingClass (12ms)
	initialDomainReloadingComplete (25ms)
	LoadAllAssembliesAndSetupDomain (296ms)
		LoadAssemblies (388ms)
		RebuildTransferFunctionScriptingTraits (0ms)
		AnalyzeDomain (36ms)
			TypeCache.Refresh (13ms)
				TypeCache.ScanAssembly (0ms)
			ScanForSourceGeneratedMonoScriptInfo (13ms)
			ResolveRequiredComponents (8ms)
	FinalizeReload (1067ms)
		ReleaseScriptCaches (0ms)
		RebuildScriptCaches (0ms)
		SetupLoadedEditorAssemblies (569ms)
			LogAssemblyErrors (0ms)
			InitializePlatformSupportModulesInManaged (6ms)
			SetLoadedEditorAssemblies (5ms)
			RefreshPlugins (0ms)
			BeforeProcessingInitializeOnLoad (91ms)
			ProcessInitializeOnLoadAttributes (441ms)
			ProcessInitializeOnLoadMethodAttributes (23ms)
			AfterProcessingInitializeOnLoad (2ms)
			EditorAssembliesLoaded (0ms)
		ExecutionOrderSort2 (0ms)
		AwakeInstancesAfterBackupRestoration (5ms)
Refreshing native plugins compatible for Editor in 2.67 ms, found 3 plugins.
Preloading 0 native plugins for Editor in 0.00 ms.
Unloading 3577 Unused Serialized files (Serialized files now loaded: 0)
Unloading 14 unused Assets / (28.6 KB). Loaded Objects now: 4135.
Memory consumption went from 127.9 MB to 127.8 MB.
Total: 3.420500 ms (FindLiveObjects: 0.311700 ms CreateObjectMapping: 0.250300 ms MarkObjects: 2.819300 ms  DeleteObjects: 0.038200 ms)

Prepare: number of updated asset objects reloaded= 0
AssetImportParameters requested are different than current active one (requested -> active):
  custom:scripting/monoscript/fileName/RandomHitPlacer.cs: 0e520bb249608fd9a2ce5ff96c591009 -> 
  custom:container-demuxer-ogg: 62fdf1f143b41e24485cea50d1cbac27 -> 
  custom:scripting/monoscript/fileName/SpriteEditorWindow.cs: 1629bd700639d5abf7ee9c1a15128fda -> 
  custom:scripting/monoscript/fileName/SpriteRect.cs: 8da6d12a5fbd75a0eba31cfa62842428 -> 
  custom:scripting/monoscript/fileName/ISpriteEditorModule.cs: f35f8b8d39dcfd448fbbe9ea48566c2f -> 
  custom:video-decoder-ogg-theora: a1e56fd34408186e4bbccfd4996cb3dc -> 
  custom:scripting/monoscript/fileName/MenuItems.cs: 3ea3522373e3b4d2ef39113c39531efd -> 
  custom:scripting/monoscript/fileName/DefaultSpriteNameFileIdDataProvider.cs: cd965ed390b21ec0302c3211a9f903ff -> 
  custom:framework-win-MediaFoundation: 216162199b28c13a410421893ffa2e32 -> 
  custom:scripting/monoscript/fileName/ShapeEditor.cs: 7eba0c642af179a392c34e527393b30b -> 
  custom:scripting/monoscript/fileName/SpritePolygonModeModule.cs: 8b4aa126b968b0772b9e20476364e690 -> 
  custom:scripting/precompiled-assembly-types:Unity.2D.Sprite.Editor: c80415e041d636416599f4ac20098905 -> 
  custom:scripting/monoscript/fileName/ItemCreationUtility.cs: d1c4ddba747ed633116f555c0d69ace7 -> 
  custom:CustomObjectIndexerAttribute: 9a22284fe3817be447336de3de66b15e -> 
  custom:scripting/monoscript/fileName/SpriteEditorHandles.cs: 8b78502b9b56b3c556563a6e935b52ad -> 
  custom:container-demuxer-webm: 4f35f7cbe854078d1ac9338744f61a02 -> 
  custom:scripting/monoscript/fileName/SpriteNameFileIdPair.cs: 8dab74045e538d5698ea3c4caed3e48c -> 
  custom:scripting/monoscript/fileName/IGL.cs: 8903f8a1304142ec1aefe33b7a4db28c -> 
  custom:scripting/monoscript/fileName/SpritePhysicsShapeModule.cs: 35688b9e178698712b557d50761dc7c2 -> 
  custom:scripting/monoscript/fileName/ITexture.cs: dbb4c87e1c028ce779185d5d3d566460 -> 
  custom:container-muxer-webm: aa71ff27fc2769a1b78a27578f13a17b -> 
  custom:scripting/monoscript/fileName/IEvent.cs: c25d501578d8ebe48d7b30415b0df4c5 -> 
  custom:video-decoder-webm-vp8: 9c59270c3fd7afecdb556c50c9e8de78 -> 
  custom:scripting/monoscript/fileName/SpriteOutlineModule.cs: 249fecf584323de7d2fd0b14e9a4944c -> 
  custom:SearchIndexIgnoredProperties: e643bd26f0fe6173181afceb89e7c659 -> 
  custom:AudioImporter_EditorPlatform: d09bf68614088b80899f8185d706f6e7 -> 
  custom:scripting/monoscript/fileName/SpriteEditorUtility.cs: 7e2d1f2cb427fd67c5461f9431375c3a -> 
  custom:scripting/monoscript/fileName/SpriteSecondaryTexturesModule.cs: 8f361de5bdfd731e220c415240ad033f -> 
  custom:scripting/monoscript/fileName/IGUIUtility.cs: cad79017f17454feb4e1799b1c42f87c -> 
  custom:scripting/monoscript/fileName/IHandles.cs: d2780a18a3844e49d490d68d5cb3d26a -> 
  custom:scripting/monoscript/fileName/TextureImporterDataProvider.cs: d68f5d5325387f4e38fdcf2610c72ce3 -> 
  custom:scripting/monoscript/fileName/SpriteEditorMenu.cs: f9042f312a91c162ede0d5de48225240 -> 
  custom:scripting/monoscript/fileName/ISpriteEditorDataProvider.cs: 4c01add71bf03a3e1afff21bbd534ee9 -> 
  custom:scripting/monoscript/fileName/IUndoSystem.cs: 841a069a843e48d57d362ca08bca21d4 -> 
  custom:scripting/monoscript/fileName/SpritePolygonModeModuleView.cs: db8ddbee5a89c636987047f4602001ef -> 
  custom:scripting/monoscript/fileName/SpriteEditorData.cs: 79e0d970ecf11ef3020398e38672548f -> 
  custom:video-encoder-webm-vp8: eb34c28f22e8b96e1ab97ce403110664 -> 
  custom:audio-decoder-ogg-vorbis: bf7c407c2cedff20999df2af8eb42d56 -> 
  custom:scripting/monoscript/fileName/SpriteEditorWindowSettings.cs: 8e59c26ada2085b3ebaa83fd01af70e3 -> 
  custom:scripting/monoscript/fileName/SpriteFrameModuleBaseView.cs: 72abaa53c3c1184e23d4d9a45f62d8c2 -> 
  custom:scripting/monoscript/fileName/IAssetDatabase.cs: c40b958675a6cd5b519fa6ca497fede4 -> 
  custom:scripting/monoscript/fileName/SpriteFrameModule.cs: f07011b3ec3622062bef733dc29fedf0 -> 
  custom:scripting/monoscript/fileName/ShapeEditorRectSelection.cs: 1696d724b33ef6168949bbdce78d19c6 -> 
  custom:scripting/monoscript/fileName/TextureImporterDataProviderImplementation.cs: ffb9fda6ca225aa106e9fa84455f4e60 -> 
  custom:audio-encoder-webm-vorbis: bf7c407c2cedff20999df2af8eb42d56 -> 
  custom:scripting/monoscript/fileName/SpriteUtilityWindow.cs: 4827aafd0c4d893166845eac1266c4ed -> 
  custom:scripting/monoscript/fileName/SpriteFrameModuleBase.cs: 82472910b376b3c28a6f5b31b28f5f51 -> 
  custom:scripting/monoscript/fileName/SpriteFrameModuleView.cs: f07011b3ec3622062bef733dc29fedf0 -> 
========================================================================
Received Prepare
Caller must complete domain reload
Begin MonoManager ReloadAssembly
- Loaded All Assemblies, in  0.483 seconds
Native extension for WindowsStandalone target not found
Mono: successfully reloaded assembly
- Finished resetting the current domain, in  1.082 seconds
Domain Reload Profiling: 1565ms
	BeginReloadAssembly (179ms)
		ExecutionOrderSort (0ms)
		DisableScriptedObjects (5ms)
		BackupInstance (0ms)
		ReleaseScriptingObjects (0ms)
		CreateAndSetChildDomain (40ms)
	RebuildCommonClasses (32ms)
	RebuildNativeTypeToScriptingClass (10ms)
	initialDomainReloadingComplete (26ms)
	LoadAllAssembliesAndSetupDomain (235ms)
		LoadAssemblies (325ms)
		RebuildTransferFunctionScriptingTraits (0ms)
		AnalyzeDomain (15ms)
			TypeCache.Refresh (8ms)
				TypeCache.ScanAssembly (0ms)
			ScanForSourceGeneratedMonoScriptInfo (0ms)
			ResolveRequiredComponents (6ms)
	FinalizeReload (1083ms)
		ReleaseScriptCaches (0ms)
		RebuildScriptCaches (0ms)
		SetupLoadedEditorAssemblies (595ms)
			LogAssemblyErrors (0ms)
			InitializePlatformSupportModulesInManaged (6ms)
			SetLoadedEditorAssemblies (6ms)
			RefreshPlugins (0ms)
			BeforeProcessingInitializeOnLoad (97ms)
			ProcessInitializeOnLoadAttributes (460ms)
			ProcessInitializeOnLoadMethodAttributes (24ms)
			AfterProcessingInitializeOnLoad (3ms)
			EditorAssembliesLoaded (0ms)
		ExecutionOrderSort2 (0ms)
		AwakeInstancesAfterBackupRestoration (6ms)
Refreshing native plugins compatible for Editor in 3.26 ms, found 3 plugins.
Preloading 0 native plugins for Editor in 0.00 ms.
Unloading 3577 Unused Serialized files (Serialized files now loaded: 0)
Unloading 14 unused Assets / (28.5 KB). Loaded Objects now: 4138.
Memory consumption went from 127.9 MB to 127.8 MB.
Total: 3.147300 ms (FindLiveObjects: 0.325200 ms CreateObjectMapping: 0.321000 ms MarkObjects: 2.462700 ms  DeleteObjects: 0.037500 ms)

Prepare: number of updated asset objects reloaded= 0
AssetImportParameters requested are different than current active one (requested -> active):
  custom:scripting/monoscript/fileName/RandomHitPlacer.cs: 0e520bb249608fd9a2ce5ff96c591009 -> 
  custom:container-demuxer-ogg: 62fdf1f143b41e24485cea50d1cbac27 -> 
  custom:scripting/monoscript/fileName/SpriteEditorWindow.cs: 1629bd700639d5abf7ee9c1a15128fda -> 
  custom:scripting/monoscript/fileName/SpriteRect.cs: 8da6d12a5fbd75a0eba31cfa62842428 -> 
  custom:scripting/monoscript/fileName/ISpriteEditorModule.cs: f35f8b8d39dcfd448fbbe9ea48566c2f -> 
  custom:video-decoder-ogg-theora: a1e56fd34408186e4bbccfd4996cb3dc -> 
  custom:scripting/monoscript/fileName/MenuItems.cs: 3ea3522373e3b4d2ef39113c39531efd -> 
  custom:scripting/monoscript/fileName/DefaultSpriteNameFileIdDataProvider.cs: cd965ed390b21ec0302c3211a9f903ff -> 
  custom:framework-win-MediaFoundation: 216162199b28c13a410421893ffa2e32 -> 
  custom:scripting/monoscript/fileName/ShapeEditor.cs: 7eba0c642af179a392c34e527393b30b -> 
  custom:scripting/monoscript/fileName/SpritePolygonModeModule.cs: 8b4aa126b968b0772b9e20476364e690 -> 
  custom:scripting/precompiled-assembly-types:Unity.2D.Sprite.Editor: c80415e041d636416599f4ac20098905 -> 
  custom:scripting/monoscript/fileName/ItemCreationUtility.cs: d1c4ddba747ed633116f555c0d69ace7 -> 
  custom:CustomObjectIndexerAttribute: 9a22284fe3817be447336de3de66b15e -> 
  custom:scripting/monoscript/fileName/SpriteEditorHandles.cs: 8b78502b9b56b3c556563a6e935b52ad -> 
  custom:container-demuxer-webm: 4f35f7cbe854078d1ac9338744f61a02 -> 
  custom:scripting/monoscript/fileName/SpriteNameFileIdPair.cs: 8dab74045e538d5698ea3c4caed3e48c -> 
  custom:scripting/monoscript/fileName/IGL.cs: 8903f8a1304142ec1aefe33b7a4db28c -> 
  custom:scripting/monoscript/fileName/SpritePhysicsShapeModule.cs: 35688b9e178698712b557d50761dc7c2 -> 
  custom:scripting/monoscript/fileName/ITexture.cs: dbb4c87e1c028ce779185d5d3d566460 -> 
  custom:container-muxer-webm: aa71ff27fc2769a1b78a27578f13a17b -> 
  custom:scripting/monoscript/fileName/IEvent.cs: c25d501578d8ebe48d7b30415b0df4c5 -> 
  custom:video-decoder-webm-vp8: 9c59270c3fd7afecdb556c50c9e8de78 -> 
  custom:scripting/monoscript/fileName/SpriteOutlineModule.cs: 249fecf584323de7d2fd0b14e9a4944c -> 
  custom:SearchIndexIgnoredProperties: e643bd26f0fe6173181afceb89e7c659 -> 
  custom:AudioImporter_EditorPlatform: d09bf68614088b80899f8185d706f6e7 -> 
  custom:scripting/monoscript/fileName/SpriteEditorUtility.cs: 7e2d1f2cb427fd67c5461f9431375c3a -> 
  custom:scripting/monoscript/fileName/SpriteSecondaryTexturesModule.cs: 8f361de5bdfd731e220c415240ad033f -> 
  custom:scripting/monoscript/fileName/IGUIUtility.cs: cad79017f17454feb4e1799b1c42f87c -> 
  custom:scripting/monoscript/fileName/IHandles.cs: d2780a18a3844e49d490d68d5cb3d26a -> 
  custom:scripting/monoscript/fileName/TextureImporterDataProvider.cs: d68f5d5325387f4e38fdcf2610c72ce3 -> 
  custom:scripting/monoscript/fileName/SpriteEditorMenu.cs: f9042f312a91c162ede0d5de48225240 -> 
  custom:scripting/monoscript/fileName/ISpriteEditorDataProvider.cs: 4c01add71bf03a3e1afff21bbd534ee9 -> 
  custom:scripting/monoscript/fileName/IUndoSystem.cs: 841a069a843e48d57d362ca08bca21d4 -> 
  custom:scripting/monoscript/fileName/SpritePolygonModeModuleView.cs: db8ddbee5a89c636987047f4602001ef -> 
  custom:scripting/monoscript/fileName/SpriteEditorData.cs: 79e0d970ecf11ef3020398e38672548f -> 
  custom:video-encoder-webm-vp8: eb34c28f22e8b96e1ab97ce403110664 -> 
  custom:audio-decoder-ogg-vorbis: bf7c407c2cedff20999df2af8eb42d56 -> 
  custom:scripting/monoscript/fileName/SpriteEditorWindowSettings.cs: 8e59c26ada2085b3ebaa83fd01af70e3 -> 
  custom:scripting/monoscript/fileName/SpriteFrameModuleBaseView.cs: 72abaa53c3c1184e23d4d9a45f62d8c2 -> 
  custom:scripting/monoscript/fileName/IAssetDatabase.cs: c40b958675a6cd5b519fa6ca497fede4 -> 
  custom:scripting/monoscript/fileName/SpriteFrameModule.cs: f07011b3ec3622062bef733dc29fedf0 -> 
  custom:scripting/monoscript/fileName/ShapeEditorRectSelection.cs: 1696d724b33ef6168949bbdce78d19c6 -> 
  custom:scripting/monoscript/fileName/TextureImporterDataProviderImplementation.cs: ffb9fda6ca225aa106e9fa84455f4e60 -> 
  custom:audio-encoder-webm-vorbis: bf7c407c2cedff20999df2af8eb42d56 -> 
  custom:scripting/monoscript/fileName/SpriteUtilityWindow.cs: 4827aafd0c4d893166845eac1266c4ed -> 
  custom:scripting/monoscript/fileName/SpriteFrameModuleBase.cs: 82472910b376b3c28a6f5b31b28f5f51 -> 
  custom:scripting/monoscript/fileName/SpriteFrameModuleView.cs: f07011b3ec3622062bef733dc29fedf0 -> 
========================================================================
Received Prepare
Caller must complete domain reload
Begin MonoManager ReloadAssembly
- Loaded All Assemblies, in  0.486 seconds
Native extension for WindowsStandalone target not found
Mono: successfully reloaded assembly
- Finished resetting the current domain, in  1.085 seconds
Domain Reload Profiling: 1571ms
	BeginReloadAssembly (180ms)
		ExecutionOrderSort (0ms)
		DisableScriptedObjects (5ms)
		BackupInstance (0ms)
		ReleaseScriptingObjects (0ms)
		CreateAndSetChildDomain (39ms)
	RebuildCommonClasses (31ms)
	RebuildNativeTypeToScriptingClass (10ms)
	initialDomainReloadingComplete (26ms)
	LoadAllAssembliesAndSetupDomain (238ms)
		LoadAssemblies (326ms)
		RebuildTransferFunctionScriptingTraits (0ms)
		AnalyzeDomain (16ms)
			TypeCache.Refresh (8ms)
				TypeCache.ScanAssembly (0ms)
			ScanForSourceGeneratedMonoScriptInfo (0ms)
			ResolveRequiredComponents (6ms)
	FinalizeReload (1086ms)
		ReleaseScriptCaches (0ms)
		RebuildScriptCaches (0ms)
		SetupLoadedEditorAssemblies (591ms)
			LogAssemblyErrors (0ms)
			InitializePlatformSupportModulesInManaged (7ms)
			SetLoadedEditorAssemblies (5ms)
			RefreshPlugins (0ms)
			BeforeProcessingInitializeOnLoad (100ms)
			ProcessInitializeOnLoadAttributes (457ms)
			ProcessInitializeOnLoadMethodAttributes (21ms)
			AfterProcessingInitializeOnLoad (2ms)
			EditorAssembliesLoaded (0ms)
		ExecutionOrderSort2 (0ms)
		AwakeInstancesAfterBackupRestoration (5ms)
Refreshing native plugins compatible for Editor in 2.47 ms, found 3 plugins.
Preloading 0 native plugins for Editor in 0.00 ms.
Unloading 3577 Unused Serialized files (Serialized files now loaded: 0)
Unloading 14 unused Assets / (28.6 KB). Loaded Objects now: 4141.
Memory consumption went from 127.9 MB to 127.8 MB.
Total: 2.863700 ms (FindLiveObjects: 0.280600 ms CreateObjectMapping: 0.194700 ms MarkObjects: 2.358200 ms  DeleteObjects: 0.029700 ms)

Prepare: number of updated asset objects reloaded= 0
AssetImportParameters requested are different than current active one (requested -> active):
  custom:scripting/monoscript/fileName/RandomHitPlacer.cs: 0e520bb249608fd9a2ce5ff96c591009 -> 
  custom:container-demuxer-ogg: 62fdf1f143b41e24485cea50d1cbac27 -> 
  custom:scripting/monoscript/fileName/SpriteEditorWindow.cs: 1629bd700639d5abf7ee9c1a15128fda -> 
  custom:scripting/monoscript/fileName/SpriteRect.cs: 8da6d12a5fbd75a0eba31cfa62842428 -> 
  custom:scripting/monoscript/fileName/ISpriteEditorModule.cs: f35f8b8d39dcfd448fbbe9ea48566c2f -> 
  custom:video-decoder-ogg-theora: a1e56fd34408186e4bbccfd4996cb3dc -> 
  custom:scripting/monoscript/fileName/MenuItems.cs: 3ea3522373e3b4d2ef39113c39531efd -> 
  custom:scripting/monoscript/fileName/DefaultSpriteNameFileIdDataProvider.cs: cd965ed390b21ec0302c3211a9f903ff -> 
  custom:framework-win-MediaFoundation: 216162199b28c13a410421893ffa2e32 -> 
  custom:scripting/monoscript/fileName/ShapeEditor.cs: 7eba0c642af179a392c34e527393b30b -> 
  custom:scripting/monoscript/fileName/SpritePolygonModeModule.cs: 8b4aa126b968b0772b9e20476364e690 -> 
  custom:scripting/precompiled-assembly-types:Unity.2D.Sprite.Editor: c80415e041d636416599f4ac20098905 -> 
  custom:scripting/monoscript/fileName/ItemCreationUtility.cs: d1c4ddba747ed633116f555c0d69ace7 -> 
  custom:CustomObjectIndexerAttribute: 9a22284fe3817be447336de3de66b15e -> 
  custom:scripting/monoscript/fileName/SpriteEditorHandles.cs: 8b78502b9b56b3c556563a6e935b52ad -> 
  custom:container-demuxer-webm: 4f35f7cbe854078d1ac9338744f61a02 -> 
  custom:scripting/monoscript/fileName/SpriteNameFileIdPair.cs: 8dab74045e538d5698ea3c4caed3e48c -> 
  custom:scripting/monoscript/fileName/IGL.cs: 8903f8a1304142ec1aefe33b7a4db28c -> 
  custom:scripting/monoscript/fileName/SpritePhysicsShapeModule.cs: 35688b9e178698712b557d50761dc7c2 -> 
  custom:scripting/monoscript/fileName/ITexture.cs: dbb4c87e1c028ce779185d5d3d566460 -> 
  custom:container-muxer-webm: aa71ff27fc2769a1b78a27578f13a17b -> 
  custom:scripting/monoscript/fileName/IEvent.cs: c25d501578d8ebe48d7b30415b0df4c5 -> 
  custom:video-decoder-webm-vp8: 9c59270c3fd7afecdb556c50c9e8de78 -> 
  custom:scripting/monoscript/fileName/SpriteOutlineModule.cs: 249fecf584323de7d2fd0b14e9a4944c -> 
  custom:SearchIndexIgnoredProperties: e643bd26f0fe6173181afceb89e7c659 -> 
  custom:AudioImporter_EditorPlatform: d09bf68614088b80899f8185d706f6e7 -> 
  custom:scripting/monoscript/fileName/SpriteEditorUtility.cs: 7e2d1f2cb427fd67c5461f9431375c3a -> 
  custom:scripting/monoscript/fileName/SpriteSecondaryTexturesModule.cs: 8f361de5bdfd731e220c415240ad033f -> 
  custom:scripting/monoscript/fileName/IGUIUtility.cs: cad79017f17454feb4e1799b1c42f87c -> 
  custom:scripting/monoscript/fileName/IHandles.cs: d2780a18a3844e49d490d68d5cb3d26a -> 
  custom:scripting/monoscript/fileName/TextureImporterDataProvider.cs: d68f5d5325387f4e38fdcf2610c72ce3 -> 
  custom:scripting/monoscript/fileName/SpriteEditorMenu.cs: f9042f312a91c162ede0d5de48225240 -> 
  custom:scripting/monoscript/fileName/ISpriteEditorDataProvider.cs: 4c01add71bf03a3e1afff21bbd534ee9 -> 
  custom:scripting/monoscript/fileName/IUndoSystem.cs: 841a069a843e48d57d362ca08bca21d4 -> 
  custom:scripting/monoscript/fileName/SpritePolygonModeModuleView.cs: db8ddbee5a89c636987047f4602001ef -> 
  custom:scripting/monoscript/fileName/SpriteEditorData.cs: 79e0d970ecf11ef3020398e38672548f -> 
  custom:video-encoder-webm-vp8: eb34c28f22e8b96e1ab97ce403110664 -> 
  custom:audio-decoder-ogg-vorbis: bf7c407c2cedff20999df2af8eb42d56 -> 
  custom:scripting/monoscript/fileName/SpriteEditorWindowSettings.cs: 8e59c26ada2085b3ebaa83fd01af70e3 -> 
  custom:scripting/monoscript/fileName/SpriteFrameModuleBaseView.cs: 72abaa53c3c1184e23d4d9a45f62d8c2 -> 
  custom:scripting/monoscript/fileName/IAssetDatabase.cs: c40b958675a6cd5b519fa6ca497fede4 -> 
  custom:scripting/monoscript/fileName/SpriteFrameModule.cs: f07011b3ec3622062bef733dc29fedf0 -> 
  custom:scripting/monoscript/fileName/ShapeEditorRectSelection.cs: 1696d724b33ef6168949bbdce78d19c6 -> 
  custom:scripting/monoscript/fileName/TextureImporterDataProviderImplementation.cs: ffb9fda6ca225aa106e9fa84455f4e60 -> 
  custom:audio-encoder-webm-vorbis: bf7c407c2cedff20999df2af8eb42d56 -> 
  custom:scripting/monoscript/fileName/SpriteUtilityWindow.cs: 4827aafd0c4d893166845eac1266c4ed -> 
  custom:scripting/monoscript/fileName/SpriteFrameModuleBase.cs: 82472910b376b3c28a6f5b31b28f5f51 -> 
  custom:scripting/monoscript/fileName/SpriteFrameModuleView.cs: f07011b3ec3622062bef733dc29fedf0 -> 
========================================================================
Received Prepare
Caller must complete domain reload
Begin MonoManager ReloadAssembly
- Loaded All Assemblies, in  0.493 seconds
Native extension for WindowsStandalone target not found
Mono: successfully reloaded assembly
- Finished resetting the current domain, in  1.102 seconds
Domain Reload Profiling: 1595ms
	BeginReloadAssembly (181ms)
		ExecutionOrderSort (0ms)
		DisableScriptedObjects (5ms)
		BackupInstance (0ms)
		ReleaseScriptingObjects (0ms)
		CreateAndSetChildDomain (36ms)
	RebuildCommonClasses (31ms)
	RebuildNativeTypeToScriptingClass (10ms)
	initialDomainReloadingComplete (27ms)
	LoadAllAssembliesAndSetupDomain (243ms)
		LoadAssemblies (336ms)
		RebuildTransferFunctionScriptingTraits (0ms)
		AnalyzeDomain (18ms)
			TypeCache.Refresh (9ms)
				TypeCache.ScanAssembly (0ms)
			ScanForSourceGeneratedMonoScriptInfo (0ms)
			ResolveRequiredComponents (5ms)
	FinalizeReload (1103ms)
		ReleaseScriptCaches (0ms)
		RebuildScriptCaches (0ms)
		SetupLoadedEditorAssemblies (593ms)
			LogAssemblyErrors (0ms)
			InitializePlatformSupportModulesInManaged (6ms)
			SetLoadedEditorAssemblies (6ms)
			RefreshPlugins (0ms)
			BeforeProcessingInitializeOnLoad (101ms)
			ProcessInitializeOnLoadAttributes (452ms)
			ProcessInitializeOnLoadMethodAttributes (25ms)
			AfterProcessingInitializeOnLoad (3ms)
			EditorAssembliesLoaded (0ms)
		ExecutionOrderSort2 (0ms)
		AwakeInstancesAfterBackupRestoration (6ms)
Refreshing native plugins compatible for Editor in 2.47 ms, found 3 plugins.
Preloading 0 native plugins for Editor in 0.00 ms.
Unloading 3577 Unused Serialized files (Serialized files now loaded: 0)
Unloading 14 unused Assets / (28.6 KB). Loaded Objects now: 4144.
Memory consumption went from 127.9 MB to 127.8 MB.
Total: 2.914400 ms (FindLiveObjects: 0.281900 ms CreateObjectMapping: 0.247800 ms MarkObjects: 2.350800 ms  DeleteObjects: 0.033200 ms)

Prepare: number of updated asset objects reloaded= 0
AssetImportParameters requested are different than current active one (requested -> active):
  custom:scripting/monoscript/fileName/RandomHitPlacer.cs: 0e520bb249608fd9a2ce5ff96c591009 -> 
  custom:container-demuxer-ogg: 62fdf1f143b41e24485cea50d1cbac27 -> 
  custom:scripting/monoscript/fileName/SpriteEditorWindow.cs: 1629bd700639d5abf7ee9c1a15128fda -> 
  custom:scripting/monoscript/fileName/SpriteRect.cs: 8da6d12a5fbd75a0eba31cfa62842428 -> 
  custom:scripting/monoscript/fileName/ISpriteEditorModule.cs: f35f8b8d39dcfd448fbbe9ea48566c2f -> 
  custom:video-decoder-ogg-theora: a1e56fd34408186e4bbccfd4996cb3dc -> 
  custom:scripting/monoscript/fileName/MenuItems.cs: 3ea3522373e3b4d2ef39113c39531efd -> 
  custom:scripting/monoscript/fileName/DefaultSpriteNameFileIdDataProvider.cs: cd965ed390b21ec0302c3211a9f903ff -> 
  custom:framework-win-MediaFoundation: 216162199b28c13a410421893ffa2e32 -> 
  custom:scripting/monoscript/fileName/ShapeEditor.cs: 7eba0c642af179a392c34e527393b30b -> 
  custom:scripting/monoscript/fileName/SpritePolygonModeModule.cs: 8b4aa126b968b0772b9e20476364e690 -> 
  custom:scripting/precompiled-assembly-types:Unity.2D.Sprite.Editor: c80415e041d636416599f4ac20098905 -> 
  custom:scripting/monoscript/fileName/ItemCreationUtility.cs: d1c4ddba747ed633116f555c0d69ace7 -> 
  custom:CustomObjectIndexerAttribute: 9a22284fe3817be447336de3de66b15e -> 
  custom:scripting/monoscript/fileName/SpriteEditorHandles.cs: 8b78502b9b56b3c556563a6e935b52ad -> 
  custom:container-demuxer-webm: 4f35f7cbe854078d1ac9338744f61a02 -> 
  custom:scripting/monoscript/fileName/SpriteNameFileIdPair.cs: 8dab74045e538d5698ea3c4caed3e48c -> 
  custom:scripting/monoscript/fileName/IGL.cs: 8903f8a1304142ec1aefe33b7a4db28c -> 
  custom:scripting/monoscript/fileName/SpritePhysicsShapeModule.cs: 35688b9e178698712b557d50761dc7c2 -> 
  custom:scripting/monoscript/fileName/ITexture.cs: dbb4c87e1c028ce779185d5d3d566460 -> 
  custom:container-muxer-webm: aa71ff27fc2769a1b78a27578f13a17b -> 
  custom:scripting/monoscript/fileName/IEvent.cs: c25d501578d8ebe48d7b30415b0df4c5 -> 
  custom:video-decoder-webm-vp8: 9c59270c3fd7afecdb556c50c9e8de78 -> 
  custom:scripting/monoscript/fileName/SpriteOutlineModule.cs: 249fecf584323de7d2fd0b14e9a4944c -> 
  custom:SearchIndexIgnoredProperties: e643bd26f0fe6173181afceb89e7c659 -> 
  custom:AudioImporter_EditorPlatform: d09bf68614088b80899f8185d706f6e7 -> 
  custom:scripting/monoscript/fileName/SpriteEditorUtility.cs: 7e2d1f2cb427fd67c5461f9431375c3a -> 
  custom:scripting/monoscript/fileName/SpriteSecondaryTexturesModule.cs: 8f361de5bdfd731e220c415240ad033f -> 
  custom:scripting/monoscript/fileName/IGUIUtility.cs: cad79017f17454feb4e1799b1c42f87c -> 
  custom:scripting/monoscript/fileName/IHandles.cs: d2780a18a3844e49d490d68d5cb3d26a -> 
  custom:scripting/monoscript/fileName/TextureImporterDataProvider.cs: d68f5d5325387f4e38fdcf2610c72ce3 -> 
  custom:scripting/monoscript/fileName/SpriteEditorMenu.cs: f9042f312a91c162ede0d5de48225240 -> 
  custom:scripting/monoscript/fileName/ISpriteEditorDataProvider.cs: 4c01add71bf03a3e1afff21bbd534ee9 -> 
  custom:scripting/monoscript/fileName/IUndoSystem.cs: 841a069a843e48d57d362ca08bca21d4 -> 
  custom:scripting/monoscript/fileName/SpritePolygonModeModuleView.cs: db8ddbee5a89c636987047f4602001ef -> 
  custom:scripting/monoscript/fileName/SpriteEditorData.cs: 79e0d970ecf11ef3020398e38672548f -> 
  custom:video-encoder-webm-vp8: eb34c28f22e8b96e1ab97ce403110664 -> 
  custom:audio-decoder-ogg-vorbis: bf7c407c2cedff20999df2af8eb42d56 -> 
  custom:scripting/monoscript/fileName/SpriteEditorWindowSettings.cs: 8e59c26ada2085b3ebaa83fd01af70e3 -> 
  custom:scripting/monoscript/fileName/SpriteFrameModuleBaseView.cs: 72abaa53c3c1184e23d4d9a45f62d8c2 -> 
  custom:scripting/monoscript/fileName/IAssetDatabase.cs: c40b958675a6cd5b519fa6ca497fede4 -> 
  custom:scripting/monoscript/fileName/SpriteFrameModule.cs: f07011b3ec3622062bef733dc29fedf0 -> 
  custom:scripting/monoscript/fileName/ShapeEditorRectSelection.cs: 1696d724b33ef6168949bbdce78d19c6 -> 
  custom:scripting/monoscript/fileName/TextureImporterDataProviderImplementation.cs: ffb9fda6ca225aa106e9fa84455f4e60 -> 
  custom:audio-encoder-webm-vorbis: bf7c407c2cedff20999df2af8eb42d56 -> 
  custom:scripting/monoscript/fileName/SpriteUtilityWindow.cs: 4827aafd0c4d893166845eac1266c4ed -> 
  custom:scripting/monoscript/fileName/SpriteFrameModuleBase.cs: 82472910b376b3c28a6f5b31b28f5f51 -> 
  custom:scripting/monoscript/fileName/SpriteFrameModuleView.cs: f07011b3ec3622062bef733dc29fedf0 -> 
========================================================================
Received Prepare
Caller must complete domain reload
Begin MonoManager ReloadAssembly
- Loaded All Assemblies, in  0.491 seconds
Native extension for WindowsStandalone target not found
Mono: successfully reloaded assembly
- Finished resetting the current domain, in  1.114 seconds
Domain Reload Profiling: 1605ms
	BeginReloadAssembly (178ms)
		ExecutionOrderSort (0ms)
		DisableScriptedObjects (5ms)
		BackupInstance (0ms)
		ReleaseScriptingObjects (0ms)
		CreateAndSetChildDomain (39ms)
	RebuildCommonClasses (30ms)
	RebuildNativeTypeToScriptingClass (11ms)
	initialDomainReloadingComplete (26ms)
	LoadAllAssembliesAndSetupDomain (246ms)
		LoadAssemblies (331ms)
		RebuildTransferFunctionScriptingTraits (0ms)
		AnalyzeDomain (17ms)
			TypeCache.Refresh (9ms)
				TypeCache.ScanAssembly (0ms)
			ScanForSourceGeneratedMonoScriptInfo (0ms)
			ResolveRequiredComponents (6ms)
	FinalizeReload (1114ms)
		ReleaseScriptCaches (0ms)
		RebuildScriptCaches (0ms)
		SetupLoadedEditorAssemblies (601ms)
			LogAssemblyErrors (0ms)
			InitializePlatformSupportModulesInManaged (5ms)
			SetLoadedEditorAssemblies (6ms)
			RefreshPlugins (0ms)
			BeforeProcessingInitializeOnLoad (97ms)
			ProcessInitializeOnLoadAttributes (463ms)
			ProcessInitializeOnLoadMethodAttributes (26ms)
			AfterProcessingInitializeOnLoad (2ms)
			EditorAssembliesLoaded (0ms)
		ExecutionOrderSort2 (0ms)
		AwakeInstancesAfterBackupRestoration (7ms)
Refreshing native plugins compatible for Editor in 2.43 ms, found 3 plugins.
Preloading 0 native plugins for Editor in 0.00 ms.
Unloading 3577 Unused Serialized files (Serialized files now loaded: 0)
Unloading 14 unused Assets / (28.5 KB). Loaded Objects now: 4147.
Memory consumption went from 127.9 MB to 127.8 MB.
Total: 5.177600 ms (FindLiveObjects: 0.267700 ms CreateObjectMapping: 0.186100 ms MarkObjects: 4.684000 ms  DeleteObjects: 0.038800 ms)

Prepare: number of updated asset objects reloaded= 0
AssetImportParameters requested are different than current active one (requested -> active):
  custom:scripting/monoscript/fileName/RandomHitPlacer.cs: 0e520bb249608fd9a2ce5ff96c591009 -> 
  custom:container-demuxer-ogg: 62fdf1f143b41e24485cea50d1cbac27 -> 
  custom:scripting/monoscript/fileName/SpriteEditorWindow.cs: 1629bd700639d5abf7ee9c1a15128fda -> 
  custom:scripting/monoscript/fileName/SpriteRect.cs: 8da6d12a5fbd75a0eba31cfa62842428 -> 
  custom:scripting/monoscript/fileName/ISpriteEditorModule.cs: f35f8b8d39dcfd448fbbe9ea48566c2f -> 
  custom:video-decoder-ogg-theora: a1e56fd34408186e4bbccfd4996cb3dc -> 
  custom:scripting/monoscript/fileName/MenuItems.cs: 3ea3522373e3b4d2ef39113c39531efd -> 
  custom:scripting/monoscript/fileName/DefaultSpriteNameFileIdDataProvider.cs: cd965ed390b21ec0302c3211a9f903ff -> 
  custom:framework-win-MediaFoundation: 216162199b28c13a410421893ffa2e32 -> 
  custom:scripting/monoscript/fileName/ShapeEditor.cs: 7eba0c642af179a392c34e527393b30b -> 
  custom:scripting/monoscript/fileName/SpritePolygonModeModule.cs: 8b4aa126b968b0772b9e20476364e690 -> 
  custom:scripting/precompiled-assembly-types:Unity.2D.Sprite.Editor: c80415e041d636416599f4ac20098905 -> 
  custom:scripting/monoscript/fileName/ItemCreationUtility.cs: d1c4ddba747ed633116f555c0d69ace7 -> 
  custom:CustomObjectIndexerAttribute: 9a22284fe3817be447336de3de66b15e -> 
  custom:scripting/monoscript/fileName/SpriteEditorHandles.cs: 8b78502b9b56b3c556563a6e935b52ad -> 
  custom:container-demuxer-webm: 4f35f7cbe854078d1ac9338744f61a02 -> 
  custom:scripting/monoscript/fileName/SpriteNameFileIdPair.cs: 8dab74045e538d5698ea3c4caed3e48c -> 
  custom:scripting/monoscript/fileName/IGL.cs: 8903f8a1304142ec1aefe33b7a4db28c -> 
  custom:scripting/monoscript/fileName/SpritePhysicsShapeModule.cs: 35688b9e178698712b557d50761dc7c2 -> 
  custom:scripting/monoscript/fileName/ITexture.cs: dbb4c87e1c028ce779185d5d3d566460 -> 
  custom:container-muxer-webm: aa71ff27fc2769a1b78a27578f13a17b -> 
  custom:scripting/monoscript/fileName/IEvent.cs: c25d501578d8ebe48d7b30415b0df4c5 -> 
  custom:video-decoder-webm-vp8: 9c59270c3fd7afecdb556c50c9e8de78 -> 
  custom:scripting/monoscript/fileName/SpriteOutlineModule.cs: 249fecf584323de7d2fd0b14e9a4944c -> 
  custom:SearchIndexIgnoredProperties: e643bd26f0fe6173181afceb89e7c659 -> 
  custom:AudioImporter_EditorPlatform: d09bf68614088b80899f8185d706f6e7 -> 
  custom:scripting/monoscript/fileName/SpriteEditorUtility.cs: 7e2d1f2cb427fd67c5461f9431375c3a -> 
  custom:scripting/monoscript/fileName/SpriteSecondaryTexturesModule.cs: 8f361de5bdfd731e220c415240ad033f -> 
  custom:scripting/monoscript/fileName/IGUIUtility.cs: cad79017f17454feb4e1799b1c42f87c -> 
  custom:scripting/monoscript/fileName/IHandles.cs: d2780a18a3844e49d490d68d5cb3d26a -> 
  custom:scripting/monoscript/fileName/TextureImporterDataProvider.cs: d68f5d5325387f4e38fdcf2610c72ce3 -> 
  custom:scripting/monoscript/fileName/SpriteEditorMenu.cs: f9042f312a91c162ede0d5de48225240 -> 
  custom:scripting/monoscript/fileName/ISpriteEditorDataProvider.cs: 4c01add71bf03a3e1afff21bbd534ee9 -> 
  custom:scripting/monoscript/fileName/IUndoSystem.cs: 841a069a843e48d57d362ca08bca21d4 -> 
  custom:scripting/monoscript/fileName/SpritePolygonModeModuleView.cs: db8ddbee5a89c636987047f4602001ef -> 
  custom:scripting/monoscript/fileName/SpriteEditorData.cs: 79e0d970ecf11ef3020398e38672548f -> 
  custom:video-encoder-webm-vp8: eb34c28f22e8b96e1ab97ce403110664 -> 
  custom:audio-decoder-ogg-vorbis: bf7c407c2cedff20999df2af8eb42d56 -> 
  custom:scripting/monoscript/fileName/SpriteEditorWindowSettings.cs: 8e59c26ada2085b3ebaa83fd01af70e3 -> 
  custom:scripting/monoscript/fileName/SpriteFrameModuleBaseView.cs: 72abaa53c3c1184e23d4d9a45f62d8c2 -> 
  custom:scripting/monoscript/fileName/IAssetDatabase.cs: c40b958675a6cd5b519fa6ca497fede4 -> 
  custom:scripting/monoscript/fileName/SpriteFrameModule.cs: f07011b3ec3622062bef733dc29fedf0 -> 
  custom:scripting/monoscript/fileName/ShapeEditorRectSelection.cs: 1696d724b33ef6168949bbdce78d19c6 -> 
  custom:scripting/monoscript/fileName/TextureImporterDataProviderImplementation.cs: ffb9fda6ca225aa106e9fa84455f4e60 -> 
  custom:audio-encoder-webm-vorbis: bf7c407c2cedff20999df2af8eb42d56 -> 
  custom:scripting/monoscript/fileName/SpriteUtilityWindow.cs: 4827aafd0c4d893166845eac1266c4ed -> 
  custom:scripting/monoscript/fileName/SpriteFrameModuleBase.cs: 82472910b376b3c28a6f5b31b28f5f51 -> 
  custom:scripting/monoscript/fileName/SpriteFrameModuleView.cs: f07011b3ec3622062bef733dc29fedf0 -> 
========================================================================
Received Prepare
Caller must complete domain reload
Begin MonoManager ReloadAssembly
- Loaded All Assemblies, in  0.493 seconds
Native extension for WindowsStandalone target not found
Mono: successfully reloaded assembly
- Finished resetting the current domain, in  1.116 seconds
Domain Reload Profiling: 1609ms
	BeginReloadAssembly (176ms)
		ExecutionOrderSort (0ms)
		DisableScriptedObjects (6ms)
		BackupInstance (0ms)
		ReleaseScriptingObjects (0ms)
		CreateAndSetChildDomain (37ms)
	RebuildCommonClasses (35ms)
	RebuildNativeTypeToScriptingClass (10ms)
	initialDomainReloadingComplete (26ms)
	LoadAllAssembliesAndSetupDomain (244ms)
		LoadAssemblies (334ms)
		RebuildTransferFunctionScriptingTraits (0ms)
		AnalyzeDomain (15ms)
			TypeCache.Refresh (8ms)
				TypeCache.ScanAssembly (0ms)
			ScanForSourceGeneratedMonoScriptInfo (0ms)
			ResolveRequiredComponents (5ms)
	FinalizeReload (1117ms)
		ReleaseScriptCaches (0ms)
		RebuildScriptCaches (0ms)
		SetupLoadedEditorAssemblies (610ms)
			LogAssemblyErrors (0ms)
			InitializePlatformSupportModulesInManaged (5ms)
			SetLoadedEditorAssemblies (8ms)
			RefreshPlugins (0ms)
			BeforeProcessingInitializeOnLoad (100ms)
			ProcessInitializeOnLoadAttributes (468ms)
			ProcessInitializeOnLoadMethodAttributes (24ms)
			AfterProcessingInitializeOnLoad (4ms)
			EditorAssembliesLoaded (0ms)
		ExecutionOrderSort2 (0ms)
		AwakeInstancesAfterBackupRestoration (6ms)
Refreshing native plugins compatible for Editor in 4.98 ms, found 3 plugins.
Preloading 0 native plugins for Editor in 0.00 ms.
Unloading 3577 Unused Serialized files (Serialized files now loaded: 0)
Unloading 14 unused Assets / (28.6 KB). Loaded Objects now: 4150.
Memory consumption went from 127.9 MB to 127.8 MB.
Total: 3.480600 ms (FindLiveObjects: 0.398600 ms CreateObjectMapping: 0.372700 ms MarkObjects: 2.667600 ms  DeleteObjects: 0.040900 ms)

Prepare: number of updated asset objects reloaded= 0
AssetImportParameters requested are different than current active one (requested -> active):
  custom:scripting/monoscript/fileName/RandomHitPlacer.cs: 0e520bb249608fd9a2ce5ff96c591009 -> 
  custom:container-demuxer-ogg: 62fdf1f143b41e24485cea50d1cbac27 -> 
  custom:scripting/monoscript/fileName/SpriteEditorWindow.cs: 1629bd700639d5abf7ee9c1a15128fda -> 
  custom:scripting/monoscript/fileName/SpriteRect.cs: 8da6d12a5fbd75a0eba31cfa62842428 -> 
  custom:scripting/monoscript/fileName/ISpriteEditorModule.cs: f35f8b8d39dcfd448fbbe9ea48566c2f -> 
  custom:video-decoder-ogg-theora: a1e56fd34408186e4bbccfd4996cb3dc -> 
  custom:scripting/monoscript/fileName/MenuItems.cs: 3ea3522373e3b4d2ef39113c39531efd -> 
  custom:scripting/monoscript/fileName/DefaultSpriteNameFileIdDataProvider.cs: cd965ed390b21ec0302c3211a9f903ff -> 
  custom:framework-win-MediaFoundation: 216162199b28c13a410421893ffa2e32 -> 
  custom:scripting/monoscript/fileName/ShapeEditor.cs: 7eba0c642af179a392c34e527393b30b -> 
  custom:scripting/monoscript/fileName/SpritePolygonModeModule.cs: 8b4aa126b968b0772b9e20476364e690 -> 
  custom:scripting/precompiled-assembly-types:Unity.2D.Sprite.Editor: c80415e041d636416599f4ac20098905 -> 
  custom:scripting/monoscript/fileName/ItemCreationUtility.cs: d1c4ddba747ed633116f555c0d69ace7 -> 
  custom:CustomObjectIndexerAttribute: 9a22284fe3817be447336de3de66b15e -> 
  custom:scripting/monoscript/fileName/SpriteEditorHandles.cs: 8b78502b9b56b3c556563a6e935b52ad -> 
  custom:container-demuxer-webm: 4f35f7cbe854078d1ac9338744f61a02 -> 
  custom:scripting/monoscript/fileName/SpriteNameFileIdPair.cs: 8dab74045e538d5698ea3c4caed3e48c -> 
  custom:scripting/monoscript/fileName/IGL.cs: 8903f8a1304142ec1aefe33b7a4db28c -> 
  custom:scripting/monoscript/fileName/SpritePhysicsShapeModule.cs: 35688b9e178698712b557d50761dc7c2 -> 
  custom:scripting/monoscript/fileName/ITexture.cs: dbb4c87e1c028ce779185d5d3d566460 -> 
  custom:container-muxer-webm: aa71ff27fc2769a1b78a27578f13a17b -> 
  custom:scripting/monoscript/fileName/IEvent.cs: c25d501578d8ebe48d7b30415b0df4c5 -> 
  custom:video-decoder-webm-vp8: 9c59270c3fd7afecdb556c50c9e8de78 -> 
  custom:scripting/monoscript/fileName/SpriteOutlineModule.cs: 249fecf584323de7d2fd0b14e9a4944c -> 
  custom:SearchIndexIgnoredProperties: e643bd26f0fe6173181afceb89e7c659 -> 
  custom:AudioImporter_EditorPlatform: d09bf68614088b80899f8185d706f6e7 -> 
  custom:scripting/monoscript/fileName/SpriteEditorUtility.cs: 7e2d1f2cb427fd67c5461f9431375c3a -> 
  custom:scripting/monoscript/fileName/SpriteSecondaryTexturesModule.cs: 8f361de5bdfd731e220c415240ad033f -> 
  custom:scripting/monoscript/fileName/IGUIUtility.cs: cad79017f17454feb4e1799b1c42f87c -> 
  custom:scripting/monoscript/fileName/IHandles.cs: d2780a18a3844e49d490d68d5cb3d26a -> 
  custom:scripting/monoscript/fileName/TextureImporterDataProvider.cs: d68f5d5325387f4e38fdcf2610c72ce3 -> 
  custom:scripting/monoscript/fileName/SpriteEditorMenu.cs: f9042f312a91c162ede0d5de48225240 -> 
  custom:scripting/monoscript/fileName/ISpriteEditorDataProvider.cs: 4c01add71bf03a3e1afff21bbd534ee9 -> 
  custom:scripting/monoscript/fileName/IUndoSystem.cs: 841a069a843e48d57d362ca08bca21d4 -> 
  custom:scripting/monoscript/fileName/SpritePolygonModeModuleView.cs: db8ddbee5a89c636987047f4602001ef -> 
  custom:scripting/monoscript/fileName/SpriteEditorData.cs: 79e0d970ecf11ef3020398e38672548f -> 
  custom:video-encoder-webm-vp8: eb34c28f22e8b96e1ab97ce403110664 -> 
  custom:audio-decoder-ogg-vorbis: bf7c407c2cedff20999df2af8eb42d56 -> 
  custom:scripting/monoscript/fileName/SpriteEditorWindowSettings.cs: 8e59c26ada2085b3ebaa83fd01af70e3 -> 
  custom:scripting/monoscript/fileName/SpriteFrameModuleBaseView.cs: 72abaa53c3c1184e23d4d9a45f62d8c2 -> 
  custom:scripting/monoscript/fileName/IAssetDatabase.cs: c40b958675a6cd5b519fa6ca497fede4 -> 
  custom:scripting/monoscript/fileName/SpriteFrameModule.cs: f07011b3ec3622062bef733dc29fedf0 -> 
  custom:scripting/monoscript/fileName/ShapeEditorRectSelection.cs: 1696d724b33ef6168949bbdce78d19c6 -> 
  custom:scripting/monoscript/fileName/TextureImporterDataProviderImplementation.cs: ffb9fda6ca225aa106e9fa84455f4e60 -> 
  custom:audio-encoder-webm-vorbis: bf7c407c2cedff20999df2af8eb42d56 -> 
  custom:scripting/monoscript/fileName/SpriteUtilityWindow.cs: 4827aafd0c4d893166845eac1266c4ed -> 
  custom:scripting/monoscript/fileName/SpriteFrameModuleBase.cs: 82472910b376b3c28a6f5b31b28f5f51 -> 
  custom:scripting/monoscript/fileName/SpriteFrameModuleView.cs: f07011b3ec3622062bef733dc29fedf0 -> 
========================================================================
Received Import Request.
  Time since last request: 1853.432454 seconds.
  path: Assets/ECCreated/Scripts/PlayerInteract.cs
  artifactKey: Guid(1d07cce1b98ed6344a1dc617d19945ff) Importer(815301076,1909f56bfc062723c751e8b465ee728b)
Start importing Assets/ECCreated/Scripts/PlayerInteract.cs using Guid(1d07cce1b98ed6344a1dc617d19945ff) Importer(815301076,1909f56bfc062723c751e8b465ee728b) [PhysX] Initialized MultithreadedTaskDispatcher with 8 workers.
 -> (artifact id: '296285f65f50a0a4da505dd0c499eaf0') in 0.001531 seconds
Number of updated asset objects reloaded before import = 0
Number of asset objects unloaded after import = 0
========================================================================
Received Prepare
Caller must complete domain reload
Begin MonoManager ReloadAssembly
- Loaded All Assemblies, in  0.534 seconds
Native extension for WindowsStandalone target not found
Mono: successfully reloaded assembly
- Finished resetting the current domain, in  1.106 seconds
Domain Reload Profiling: 1640ms
	BeginReloadAssembly (190ms)
		ExecutionOrderSort (0ms)
		DisableScriptedObjects (5ms)
		BackupInstance (0ms)
		ReleaseScriptingObjects (0ms)
		CreateAndSetChildDomain (38ms)
	RebuildCommonClasses (32ms)
	RebuildNativeTypeToScriptingClass (13ms)
	initialDomainReloadingComplete (26ms)
	LoadAllAssembliesAndSetupDomain (273ms)
		LoadAssemblies (357ms)
		RebuildTransferFunctionScriptingTraits (0ms)
		AnalyzeDomain (32ms)
			TypeCache.Refresh (12ms)
				TypeCache.ScanAssembly (0ms)
			ScanForSourceGeneratedMonoScriptInfo (13ms)
			ResolveRequiredComponents (5ms)
	FinalizeReload (1106ms)
		ReleaseScriptCaches (0ms)
		RebuildScriptCaches (0ms)
		SetupLoadedEditorAssemblies (566ms)
			LogAssemblyErrors (0ms)
			InitializePlatformSupportModulesInManaged (5ms)
			SetLoadedEditorAssemblies (6ms)
			RefreshPlugins (0ms)
			BeforeProcessingInitializeOnLoad (97ms)
			ProcessInitializeOnLoadAttributes (433ms)
			ProcessInitializeOnLoadMethodAttributes (23ms)
			AfterProcessingInitializeOnLoad (3ms)
			EditorAssembliesLoaded (0ms)
		ExecutionOrderSort2 (0ms)
		AwakeInstancesAfterBackupRestoration (7ms)
Refreshing native plugins compatible for Editor in 2.59 ms, found 3 plugins.
Preloading 0 native plugins for Editor in 0.00 ms.
Unloading 3577 Unused Serialized files (Serialized files now loaded: 0)
Unloading 14 unused Assets / (28.6 KB). Loaded Objects now: 4154.
Memory consumption went from 127.6 MB to 127.6 MB.
Total: 3.274200 ms (FindLiveObjects: 0.422000 ms CreateObjectMapping: 0.355200 ms MarkObjects: 2.447100 ms  DeleteObjects: 0.049200 ms)

Prepare: number of updated asset objects reloaded= 0
AssetImportParameters requested are different than current active one (requested -> active):
  custom:scripting/monoscript/fileName/RandomHitPlacer.cs: 0e520bb249608fd9a2ce5ff96c591009 -> 
  custom:container-demuxer-ogg: 62fdf1f143b41e24485cea50d1cbac27 -> 
  custom:scripting/monoscript/fileName/SpriteEditorWindow.cs: 1629bd700639d5abf7ee9c1a15128fda -> 
  custom:scripting/monoscript/fileName/SpriteRect.cs: 8da6d12a5fbd75a0eba31cfa62842428 -> 
  custom:scripting/monoscript/fileName/ISpriteEditorModule.cs: f35f8b8d39dcfd448fbbe9ea48566c2f -> 
  custom:video-decoder-ogg-theora: a1e56fd34408186e4bbccfd4996cb3dc -> 
  custom:scripting/monoscript/fileName/MenuItems.cs: 3ea3522373e3b4d2ef39113c39531efd -> 
  custom:scripting/monoscript/fileName/DefaultSpriteNameFileIdDataProvider.cs: cd965ed390b21ec0302c3211a9f903ff -> 
  custom:framework-win-MediaFoundation: 216162199b28c13a410421893ffa2e32 -> 
  custom:scripting/monoscript/fileName/PlayerInteract.cs: 73ffd8c360dbab24565d6c0e90133a24 -> 
  custom:scripting/monoscript/fileName/ShapeEditor.cs: 7eba0c642af179a392c34e527393b30b -> 
  custom:scripting/monoscript/fileName/SpritePolygonModeModule.cs: 8b4aa126b968b0772b9e20476364e690 -> 
  custom:scripting/precompiled-assembly-types:Unity.2D.Sprite.Editor: c80415e041d636416599f4ac20098905 -> 
  custom:scripting/monoscript/fileName/ItemCreationUtility.cs: d1c4ddba747ed633116f555c0d69ace7 -> 
  custom:CustomObjectIndexerAttribute: 9a22284fe3817be447336de3de66b15e -> 
  custom:scripting/monoscript/fileName/SpriteEditorHandles.cs: 8b78502b9b56b3c556563a6e935b52ad -> 
  custom:container-demuxer-webm: 4f35f7cbe854078d1ac9338744f61a02 -> 
  custom:scripting/monoscript/fileName/SpriteNameFileIdPair.cs: 8dab74045e538d5698ea3c4caed3e48c -> 
  custom:scripting/monoscript/fileName/IGL.cs: 8903f8a1304142ec1aefe33b7a4db28c -> 
  custom:scripting/monoscript/fileName/SpritePhysicsShapeModule.cs: 35688b9e178698712b557d50761dc7c2 -> 
  custom:scripting/monoscript/fileName/ITexture.cs: dbb4c87e1c028ce779185d5d3d566460 -> 
  custom:container-muxer-webm: aa71ff27fc2769a1b78a27578f13a17b -> 
  custom:scripting/monoscript/fileName/IEvent.cs: c25d501578d8ebe48d7b30415b0df4c5 -> 
  custom:video-decoder-webm-vp8: 9c59270c3fd7afecdb556c50c9e8de78 -> 
  custom:scripting/monoscript/fileName/SpriteOutlineModule.cs: 249fecf584323de7d2fd0b14e9a4944c -> 
  custom:SearchIndexIgnoredProperties: e643bd26f0fe6173181afceb89e7c659 -> 
  custom:AudioImporter_EditorPlatform: d09bf68614088b80899f8185d706f6e7 -> 
  custom:scripting/monoscript/fileName/SpriteEditorUtility.cs: 7e2d1f2cb427fd67c5461f9431375c3a -> 
  custom:scripting/monoscript/fileName/SpriteSecondaryTexturesModule.cs: 8f361de5bdfd731e220c415240ad033f -> 
  custom:scripting/monoscript/fileName/IGUIUtility.cs: cad79017f17454feb4e1799b1c42f87c -> 
  custom:scripting/monoscript/fileName/IHandles.cs: d2780a18a3844e49d490d68d5cb3d26a -> 
  custom:scripting/monoscript/fileName/TextureImporterDataProvider.cs: d68f5d5325387f4e38fdcf2610c72ce3 -> 
  custom:scripting/monoscript/fileName/SpriteEditorMenu.cs: f9042f312a91c162ede0d5de48225240 -> 
  custom:scripting/monoscript/fileName/ISpriteEditorDataProvider.cs: 4c01add71bf03a3e1afff21bbd534ee9 -> 
  custom:scripting/monoscript/fileName/IUndoSystem.cs: 841a069a843e48d57d362ca08bca21d4 -> 
  custom:scripting/monoscript/fileName/SpritePolygonModeModuleView.cs: db8ddbee5a89c636987047f4602001ef -> 
  custom:scripting/monoscript/fileName/SpriteEditorData.cs: 79e0d970ecf11ef3020398e38672548f -> 
  custom:video-encoder-webm-vp8: eb34c28f22e8b96e1ab97ce403110664 -> 
  custom:audio-decoder-ogg-vorbis: bf7c407c2cedff20999df2af8eb42d56 -> 
  custom:scripting/monoscript/fileName/SpriteEditorWindowSettings.cs: 8e59c26ada2085b3ebaa83fd01af70e3 -> 
  custom:scripting/monoscript/fileName/SpriteFrameModuleBaseView.cs: 72abaa53c3c1184e23d4d9a45f62d8c2 -> 
  custom:scripting/monoscript/fileName/IAssetDatabase.cs: c40b958675a6cd5b519fa6ca497fede4 -> 
  custom:scripting/monoscript/fileName/SpriteFrameModule.cs: f07011b3ec3622062bef733dc29fedf0 -> 
  custom:scripting/monoscript/fileName/ShapeEditorRectSelection.cs: 1696d724b33ef6168949bbdce78d19c6 -> 
  custom:scripting/monoscript/fileName/TextureImporterDataProviderImplementation.cs: ffb9fda6ca225aa106e9fa84455f4e60 -> 
  custom:audio-encoder-webm-vorbis: bf7c407c2cedff20999df2af8eb42d56 -> 
  custom:scripting/monoscript/fileName/SpriteUtilityWindow.cs: 4827aafd0c4d893166845eac1266c4ed -> 
  custom:scripting/monoscript/fileName/SpriteFrameModuleBase.cs: 82472910b376b3c28a6f5b31b28f5f51 -> 
  custom:scripting/precompiled-assembly-types:Assembly-CSharp: e8ed9741bcbf294b9c3e9b888859a665 -> 17fd4233e2971542c9b4d9c5fc8a1fc5
  custom:scripting/monoscript/fileName/SpriteFrameModuleView.cs: f07011b3ec3622062bef733dc29fedf0 -> 
========================================================================
Received Import Request.
  Time since last request: 291.892883 seconds.
  path: Assets/ECCreated/Scripts/PlayerInteract.cs
  artifactKey: Guid(1d07cce1b98ed6344a1dc617d19945ff) Importer(815301076,1909f56bfc062723c751e8b465ee728b)
Start importing Assets/ECCreated/Scripts/PlayerInteract.cs using Guid(1d07cce1b98ed6344a1dc617d19945ff) Importer(815301076,1909f56bfc062723c751e8b465ee728b) [PhysX] Initialized MultithreadedTaskDispatcher with 8 workers.
 -> (artifact id: 'c45017b0746c01068a227053d185cd87') in 0.001954 seconds
Number of updated asset objects reloaded before import = 0
Number of asset objects unloaded after import = 0
========================================================================
Received Prepare
Caller must complete domain reload
Begin MonoManager ReloadAssembly
- Loaded All Assemblies, in  0.569 seconds
Native extension for WindowsStandalone target not found
Mono: successfully reloaded assembly
- Finished resetting the current domain, in  1.128 seconds
Domain Reload Profiling: 1697ms
	BeginReloadAssembly (184ms)
		ExecutionOrderSort (0ms)
		DisableScriptedObjects (9ms)
		BackupInstance (0ms)
		ReleaseScriptingObjects (0ms)
		CreateAndSetChildDomain (36ms)
	RebuildCommonClasses (36ms)
	RebuildNativeTypeToScriptingClass (11ms)
	initialDomainReloadingComplete (27ms)
	LoadAllAssembliesAndSetupDomain (310ms)
		LoadAssemblies (383ms)
		RebuildTransferFunctionScriptingTraits (0ms)
		AnalyzeDomain (36ms)
			TypeCache.Refresh (12ms)
				TypeCache.ScanAssembly (0ms)
			ScanForSourceGeneratedMonoScriptInfo (16ms)
			ResolveRequiredComponents (6ms)
	FinalizeReload (1128ms)
		ReleaseScriptCaches (0ms)
		RebuildScriptCaches (0ms)
		SetupLoadedEditorAssemblies (551ms)
			LogAssemblyErrors (0ms)
			InitializePlatformSupportModulesInManaged (5ms)
			SetLoadedEditorAssemblies (5ms)
			RefreshPlugins (0ms)
			BeforeProcessingInitializeOnLoad (99ms)
			ProcessInitializeOnLoadAttributes (418ms)
			ProcessInitializeOnLoadMethodAttributes (20ms)
			AfterProcessingInitializeOnLoad (2ms)
			EditorAssembliesLoaded (0ms)
		ExecutionOrderSort2 (0ms)
		AwakeInstancesAfterBackupRestoration (7ms)
Refreshing native plugins compatible for Editor in 2.61 ms, found 3 plugins.
Preloading 0 native plugins for Editor in 0.00 ms.
Unloading 3577 Unused Serialized files (Serialized files now loaded: 0)
Unloading 14 unused Assets / (28.5 KB). Loaded Objects now: 4157.
Memory consumption went from 127.6 MB to 127.6 MB.
Total: 3.317200 ms (FindLiveObjects: 0.311100 ms CreateObjectMapping: 0.234000 ms MarkObjects: 2.728600 ms  DeleteObjects: 0.042700 ms)

Prepare: number of updated asset objects reloaded= 0
AssetImportParameters requested are different than current active one (requested -> active):
  custom:scripting/monoscript/fileName/RandomHitPlacer.cs: 0e520bb249608fd9a2ce5ff96c591009 -> 
  custom:container-demuxer-ogg: 62fdf1f143b41e24485cea50d1cbac27 -> 
  custom:scripting/monoscript/fileName/SpriteEditorWindow.cs: 1629bd700639d5abf7ee9c1a15128fda -> 
  custom:scripting/monoscript/fileName/SpriteRect.cs: 8da6d12a5fbd75a0eba31cfa62842428 -> 
  custom:scripting/monoscript/fileName/ISpriteEditorModule.cs: f35f8b8d39dcfd448fbbe9ea48566c2f -> 
  custom:video-decoder-ogg-theora: a1e56fd34408186e4bbccfd4996cb3dc -> 
  custom:scripting/monoscript/fileName/MenuItems.cs: 3ea3522373e3b4d2ef39113c39531efd -> 
  custom:scripting/monoscript/fileName/DefaultSpriteNameFileIdDataProvider.cs: cd965ed390b21ec0302c3211a9f903ff -> 
  custom:framework-win-MediaFoundation: 216162199b28c13a410421893ffa2e32 -> 
  custom:scripting/monoscript/fileName/PlayerInteract.cs: 73ffd8c360dbab24565d6c0e90133a24 -> 
  custom:scripting/monoscript/fileName/ShapeEditor.cs: 7eba0c642af179a392c34e527393b30b -> 
  custom:scripting/monoscript/fileName/SpritePolygonModeModule.cs: 8b4aa126b968b0772b9e20476364e690 -> 
  custom:scripting/precompiled-assembly-types:Unity.2D.Sprite.Editor: c80415e041d636416599f4ac20098905 -> 
  custom:scripting/monoscript/fileName/ItemCreationUtility.cs: d1c4ddba747ed633116f555c0d69ace7 -> 
  custom:CustomObjectIndexerAttribute: 9a22284fe3817be447336de3de66b15e -> 
  custom:scripting/monoscript/fileName/SpriteEditorHandles.cs: 8b78502b9b56b3c556563a6e935b52ad -> 
  custom:container-demuxer-webm: 4f35f7cbe854078d1ac9338744f61a02 -> 
  custom:scripting/monoscript/fileName/SpriteNameFileIdPair.cs: 8dab74045e538d5698ea3c4caed3e48c -> 
  custom:scripting/monoscript/fileName/IGL.cs: 8903f8a1304142ec1aefe33b7a4db28c -> 
  custom:scripting/monoscript/fileName/SpritePhysicsShapeModule.cs: 35688b9e178698712b557d50761dc7c2 -> 
  custom:scripting/monoscript/fileName/ITexture.cs: dbb4c87e1c028ce779185d5d3d566460 -> 
  custom:container-muxer-webm: aa71ff27fc2769a1b78a27578f13a17b -> 
  custom:scripting/monoscript/fileName/IEvent.cs: c25d501578d8ebe48d7b30415b0df4c5 -> 
  custom:video-decoder-webm-vp8: 9c59270c3fd7afecdb556c50c9e8de78 -> 
  custom:scripting/monoscript/fileName/SpriteOutlineModule.cs: 249fecf584323de7d2fd0b14e9a4944c -> 
  custom:SearchIndexIgnoredProperties: e643bd26f0fe6173181afceb89e7c659 -> 
  custom:AudioImporter_EditorPlatform: d09bf68614088b80899f8185d706f6e7 -> 
  custom:scripting/monoscript/fileName/SpriteEditorUtility.cs: 7e2d1f2cb427fd67c5461f9431375c3a -> 
  custom:scripting/monoscript/fileName/SpriteSecondaryTexturesModule.cs: 8f361de5bdfd731e220c415240ad033f -> 
  custom:scripting/monoscript/fileName/IGUIUtility.cs: cad79017f17454feb4e1799b1c42f87c -> 
  custom:scripting/monoscript/fileName/IHandles.cs: d2780a18a3844e49d490d68d5cb3d26a -> 
  custom:scripting/monoscript/fileName/TextureImporterDataProvider.cs: d68f5d5325387f4e38fdcf2610c72ce3 -> 
  custom:scripting/monoscript/fileName/SpriteEditorMenu.cs: f9042f312a91c162ede0d5de48225240 -> 
  custom:scripting/monoscript/fileName/ISpriteEditorDataProvider.cs: 4c01add71bf03a3e1afff21bbd534ee9 -> 
  custom:scripting/monoscript/fileName/IUndoSystem.cs: 841a069a843e48d57d362ca08bca21d4 -> 
  custom:scripting/monoscript/fileName/SpritePolygonModeModuleView.cs: db8ddbee5a89c636987047f4602001ef -> 
  custom:scripting/monoscript/fileName/SpriteEditorData.cs: 79e0d970ecf11ef3020398e38672548f -> 
  custom:video-encoder-webm-vp8: eb34c28f22e8b96e1ab97ce403110664 -> 
  custom:audio-decoder-ogg-vorbis: bf7c407c2cedff20999df2af8eb42d56 -> 
  custom:scripting/monoscript/fileName/SpriteEditorWindowSettings.cs: 8e59c26ada2085b3ebaa83fd01af70e3 -> 
  custom:scripting/monoscript/fileName/SpriteFrameModuleBaseView.cs: 72abaa53c3c1184e23d4d9a45f62d8c2 -> 
  custom:scripting/monoscript/fileName/IAssetDatabase.cs: c40b958675a6cd5b519fa6ca497fede4 -> 
  custom:scripting/monoscript/fileName/SpriteFrameModule.cs: f07011b3ec3622062bef733dc29fedf0 -> 
  custom:scripting/monoscript/fileName/ShapeEditorRectSelection.cs: 1696d724b33ef6168949bbdce78d19c6 -> 
  custom:scripting/monoscript/fileName/TextureImporterDataProviderImplementation.cs: ffb9fda6ca225aa106e9fa84455f4e60 -> 
  custom:audio-encoder-webm-vorbis: bf7c407c2cedff20999df2af8eb42d56 -> 
  custom:scripting/monoscript/fileName/SpriteUtilityWindow.cs: 4827aafd0c4d893166845eac1266c4ed -> 
  custom:scripting/monoscript/fileName/SpriteFrameModuleBase.cs: 82472910b376b3c28a6f5b31b28f5f51 -> 
  custom:scripting/precompiled-assembly-types:Assembly-CSharp: e8ed9741bcbf294b9c3e9b888859a665 -> 17fd4233e2971542c9b4d9c5fc8a1fc5
  custom:scripting/monoscript/fileName/SpriteFrameModuleView.cs: f07011b3ec3622062bef733dc29fedf0 -> 
========================================================================
Received Import Request.
  Time since last request: 203.258794 seconds.
  path: Assets/ECCreated/Scripts/PlayerInteract.cs
  artifactKey: Guid(1d07cce1b98ed6344a1dc617d19945ff) Importer(815301076,1909f56bfc062723c751e8b465ee728b)
Start importing Assets/ECCreated/Scripts/PlayerInteract.cs using Guid(1d07cce1b98ed6344a1dc617d19945ff) Importer(815301076,1909f56bfc062723c751e8b465ee728b) [PhysX] Initialized MultithreadedTaskDispatcher with 8 workers.
 -> (artifact id: 'f9b3a891f15e8419ee1ac0be4cde4e86') in 0.003309 seconds
Number of updated asset objects reloaded before import = 0
Number of asset objects unloaded after import = 0
========================================================================
Received Prepare
Caller must complete domain reload
Begin MonoManager ReloadAssembly
- Loaded All Assemblies, in  0.583 seconds
Native extension for WindowsStandalone target not found
Mono: successfully reloaded assembly
- Finished resetting the current domain, in  1.054 seconds
Domain Reload Profiling: 1637ms
	BeginReloadAssembly (192ms)
		ExecutionOrderSort (0ms)
		DisableScriptedObjects (6ms)
		BackupInstance (0ms)
		ReleaseScriptingObjects (0ms)
		CreateAndSetChildDomain (47ms)
	RebuildCommonClasses (55ms)
	RebuildNativeTypeToScriptingClass (13ms)
	initialDomainReloadingComplete (29ms)
	LoadAllAssembliesAndSetupDomain (294ms)
		LoadAssemblies (364ms)
		RebuildTransferFunctionScriptingTraits (0ms)
		AnalyzeDomain (40ms)
			TypeCache.Refresh (13ms)
				TypeCache.ScanAssembly (0ms)
			ScanForSourceGeneratedMonoScriptInfo (17ms)
			ResolveRequiredComponents (6ms)
	FinalizeReload (1054ms)
		ReleaseScriptCaches (0ms)
		RebuildScriptCaches (0ms)
		SetupLoadedEditorAssemblies (538ms)
			LogAssemblyErrors (0ms)
			InitializePlatformSupportModulesInManaged (5ms)
			SetLoadedEditorAssemblies (5ms)
			RefreshPlugins (0ms)
			BeforeProcessingInitializeOnLoad (90ms)
			ProcessInitializeOnLoadAttributes (412ms)
			ProcessInitializeOnLoadMethodAttributes (23ms)
			AfterProcessingInitializeOnLoad (2ms)
			EditorAssembliesLoaded (0ms)
		ExecutionOrderSort2 (0ms)
		AwakeInstancesAfterBackupRestoration (5ms)
Refreshing native plugins compatible for Editor in 2.80 ms, found 3 plugins.
Preloading 0 native plugins for Editor in 0.00 ms.
Unloading 3577 Unused Serialized files (Serialized files now loaded: 0)
Unloading 14 unused Assets / (28.5 KB). Loaded Objects now: 4160.
Memory consumption went from 127.6 MB to 127.6 MB.
Total: 3.150700 ms (FindLiveObjects: 0.284700 ms CreateObjectMapping: 0.233500 ms MarkObjects: 2.598400 ms  DeleteObjects: 0.033400 ms)

Prepare: number of updated asset objects reloaded= 0
AssetImportParameters requested are different than current active one (requested -> active):
  custom:scripting/monoscript/fileName/RandomHitPlacer.cs: 0e520bb249608fd9a2ce5ff96c591009 -> 
  custom:container-demuxer-ogg: 62fdf1f143b41e24485cea50d1cbac27 -> 
  custom:scripting/monoscript/fileName/SpriteEditorWindow.cs: 1629bd700639d5abf7ee9c1a15128fda -> 
  custom:scripting/monoscript/fileName/SpriteRect.cs: 8da6d12a5fbd75a0eba31cfa62842428 -> 
  custom:scripting/monoscript/fileName/ISpriteEditorModule.cs: f35f8b8d39dcfd448fbbe9ea48566c2f -> 
  custom:video-decoder-ogg-theora: a1e56fd34408186e4bbccfd4996cb3dc -> 
  custom:scripting/monoscript/fileName/MenuItems.cs: 3ea3522373e3b4d2ef39113c39531efd -> 
  custom:scripting/monoscript/fileName/DefaultSpriteNameFileIdDataProvider.cs: cd965ed390b21ec0302c3211a9f903ff -> 
  custom:framework-win-MediaFoundation: 216162199b28c13a410421893ffa2e32 -> 
  custom:scripting/monoscript/fileName/PlayerInteract.cs: 73ffd8c360dbab24565d6c0e90133a24 -> 
  custom:scripting/monoscript/fileName/ShapeEditor.cs: 7eba0c642af179a392c34e527393b30b -> 
  custom:scripting/monoscript/fileName/SpritePolygonModeModule.cs: 8b4aa126b968b0772b9e20476364e690 -> 
  custom:scripting/precompiled-assembly-types:Unity.2D.Sprite.Editor: c80415e041d636416599f4ac20098905 -> 
  custom:scripting/monoscript/fileName/ItemCreationUtility.cs: d1c4ddba747ed633116f555c0d69ace7 -> 
  custom:CustomObjectIndexerAttribute: 9a22284fe3817be447336de3de66b15e -> 
  custom:scripting/monoscript/fileName/SpriteEditorHandles.cs: 8b78502b9b56b3c556563a6e935b52ad -> 
  custom:container-demuxer-webm: 4f35f7cbe854078d1ac9338744f61a02 -> 
  custom:scripting/monoscript/fileName/SpriteNameFileIdPair.cs: 8dab74045e538d5698ea3c4caed3e48c -> 
  custom:scripting/monoscript/fileName/IGL.cs: 8903f8a1304142ec1aefe33b7a4db28c -> 
  custom:scripting/monoscript/fileName/SpritePhysicsShapeModule.cs: 35688b9e178698712b557d50761dc7c2 -> 
  custom:scripting/monoscript/fileName/ITexture.cs: dbb4c87e1c028ce779185d5d3d566460 -> 
  custom:container-muxer-webm: aa71ff27fc2769a1b78a27578f13a17b -> 
  custom:scripting/monoscript/fileName/IEvent.cs: c25d501578d8ebe48d7b30415b0df4c5 -> 
  custom:video-decoder-webm-vp8: 9c59270c3fd7afecdb556c50c9e8de78 -> 
  custom:scripting/monoscript/fileName/SpriteOutlineModule.cs: 249fecf584323de7d2fd0b14e9a4944c -> 
  custom:SearchIndexIgnoredProperties: e643bd26f0fe6173181afceb89e7c659 -> 
  custom:AudioImporter_EditorPlatform: d09bf68614088b80899f8185d706f6e7 -> 
  custom:scripting/monoscript/fileName/SpriteEditorUtility.cs: 7e2d1f2cb427fd67c5461f9431375c3a -> 
  custom:scripting/monoscript/fileName/SpriteSecondaryTexturesModule.cs: 8f361de5bdfd731e220c415240ad033f -> 
  custom:scripting/monoscript/fileName/IGUIUtility.cs: cad79017f17454feb4e1799b1c42f87c -> 
  custom:scripting/monoscript/fileName/IHandles.cs: d2780a18a3844e49d490d68d5cb3d26a -> 
  custom:scripting/monoscript/fileName/TextureImporterDataProvider.cs: d68f5d5325387f4e38fdcf2610c72ce3 -> 
  custom:scripting/monoscript/fileName/SpriteEditorMenu.cs: f9042f312a91c162ede0d5de48225240 -> 
  custom:scripting/monoscript/fileName/ISpriteEditorDataProvider.cs: 4c01add71bf03a3e1afff21bbd534ee9 -> 
  custom:scripting/monoscript/fileName/IUndoSystem.cs: 841a069a843e48d57d362ca08bca21d4 -> 
  custom:scripting/monoscript/fileName/SpritePolygonModeModuleView.cs: db8ddbee5a89c636987047f4602001ef -> 
  custom:scripting/monoscript/fileName/SpriteEditorData.cs: 79e0d970ecf11ef3020398e38672548f -> 
  custom:video-encoder-webm-vp8: eb34c28f22e8b96e1ab97ce403110664 -> 
  custom:audio-decoder-ogg-vorbis: bf7c407c2cedff20999df2af8eb42d56 -> 
  custom:scripting/monoscript/fileName/SpriteEditorWindowSettings.cs: 8e59c26ada2085b3ebaa83fd01af70e3 -> 
  custom:scripting/monoscript/fileName/SpriteFrameModuleBaseView.cs: 72abaa53c3c1184e23d4d9a45f62d8c2 -> 
  custom:scripting/monoscript/fileName/IAssetDatabase.cs: c40b958675a6cd5b519fa6ca497fede4 -> 
  custom:scripting/monoscript/fileName/SpriteFrameModule.cs: f07011b3ec3622062bef733dc29fedf0 -> 
  custom:scripting/monoscript/fileName/ShapeEditorRectSelection.cs: 1696d724b33ef6168949bbdce78d19c6 -> 
  custom:scripting/monoscript/fileName/TextureImporterDataProviderImplementation.cs: ffb9fda6ca225aa106e9fa84455f4e60 -> 
  custom:audio-encoder-webm-vorbis: bf7c407c2cedff20999df2af8eb42d56 -> 
  custom:scripting/monoscript/fileName/SpriteUtilityWindow.cs: 4827aafd0c4d893166845eac1266c4ed -> 
  custom:scripting/monoscript/fileName/SpriteFrameModuleBase.cs: 82472910b376b3c28a6f5b31b28f5f51 -> 
  custom:scripting/precompiled-assembly-types:Assembly-CSharp: e8ed9741bcbf294b9c3e9b888859a665 -> 17fd4233e2971542c9b4d9c5fc8a1fc5
  custom:scripting/monoscript/fileName/SpriteFrameModuleView.cs: f07011b3ec3622062bef733dc29fedf0 -> 
========================================================================
Received Import Request.
  Time since last request: 105.198788 seconds.
  path: ProjectSettings/TagManager.asset
  artifactKey: Guid(00000000000000003000000000000000) Importer(815301076,1909f56bfc062723c751e8b465ee728b)
Start importing ProjectSettings/TagManager.asset using Guid(00000000000000003000000000000000) Importer(815301076,1909f56bfc062723c751e8b465ee728b) [PhysX] Initialized MultithreadedTaskDispatcher with 8 workers.
 -> (artifact id: 'a2ed4f3eafcc2bc862c440eaeb831565') in 0.012965 seconds
Number of updated asset objects reloaded before import = 0
Number of asset objects unloaded after import = 0
========================================================================
Received Prepare
Caller must complete domain reload
Begin MonoManager ReloadAssembly
- Loaded All Assemblies, in  0.528 seconds
Native extension for WindowsStandalone target not found
Mono: successfully reloaded assembly
- Finished resetting the current domain, in  1.159 seconds
Domain Reload Profiling: 1689ms
	BeginReloadAssembly (180ms)
		ExecutionOrderSort (0ms)
		DisableScriptedObjects (5ms)
		BackupInstance (0ms)
		ReleaseScriptingObjects (0ms)
		CreateAndSetChildDomain (39ms)
	RebuildCommonClasses (37ms)
	RebuildNativeTypeToScriptingClass (11ms)
	initialDomainReloadingComplete (42ms)
	LoadAllAssembliesAndSetupDomain (259ms)
		LoadAssemblies (343ms)
		RebuildTransferFunctionScriptingTraits (0ms)
		AnalyzeDomain (20ms)
			TypeCache.Refresh (13ms)
				TypeCache.ScanAssembly (0ms)
			ScanForSourceGeneratedMonoScriptInfo (0ms)
			ResolveRequiredComponents (6ms)
	FinalizeReload (1160ms)
		ReleaseScriptCaches (0ms)
		RebuildScriptCaches (0ms)
		SetupLoadedEditorAssemblies (616ms)
			LogAssemblyErrors (0ms)
			InitializePlatformSupportModulesInManaged (6ms)
			SetLoadedEditorAssemblies (8ms)
			RefreshPlugins (0ms)
			BeforeProcessingInitializeOnLoad (101ms)
			ProcessInitializeOnLoadAttributes (474ms)
			ProcessInitializeOnLoadMethodAttributes (24ms)
			AfterProcessingInitializeOnLoad (3ms)
			EditorAssembliesLoaded (0ms)
		ExecutionOrderSort2 (0ms)
		AwakeInstancesAfterBackupRestoration (8ms)
Refreshing native plugins compatible for Editor in 2.79 ms, found 3 plugins.
Preloading 0 native plugins for Editor in 0.00 ms.
Unloading 3577 Unused Serialized files (Serialized files now loaded: 0)
Unloading 14 unused Assets / (28.6 KB). Loaded Objects now: 4164.
Memory consumption went from 127.6 MB to 127.6 MB.
Total: 3.272200 ms (FindLiveObjects: 0.345400 ms CreateObjectMapping: 0.292700 ms MarkObjects: 2.594000 ms  DeleteObjects: 0.039300 ms)

Prepare: number of updated asset objects reloaded= 0
AssetImportParameters requested are different than current active one (requested -> active):
  custom:scripting/monoscript/fileName/RandomHitPlacer.cs: 0e520bb249608fd9a2ce5ff96c591009 -> 
  custom:container-demuxer-ogg: 62fdf1f143b41e24485cea50d1cbac27 -> 
  custom:scripting/monoscript/fileName/SpriteEditorWindow.cs: 1629bd700639d5abf7ee9c1a15128fda -> 
  custom:scripting/monoscript/fileName/SpriteRect.cs: 8da6d12a5fbd75a0eba31cfa62842428 -> 
  custom:scripting/monoscript/fileName/ISpriteEditorModule.cs: f35f8b8d39dcfd448fbbe9ea48566c2f -> 
  custom:video-decoder-ogg-theora: a1e56fd34408186e4bbccfd4996cb3dc -> 
  custom:scripting/monoscript/fileName/MenuItems.cs: 3ea3522373e3b4d2ef39113c39531efd -> 
  custom:scripting/monoscript/fileName/DefaultSpriteNameFileIdDataProvider.cs: cd965ed390b21ec0302c3211a9f903ff -> 
  custom:framework-win-MediaFoundation: 216162199b28c13a410421893ffa2e32 -> 
  custom:scripting/monoscript/fileName/PlayerInteract.cs: 73ffd8c360dbab24565d6c0e90133a24 -> 
  custom:scripting/monoscript/fileName/ShapeEditor.cs: 7eba0c642af179a392c34e527393b30b -> 
  custom:scripting/monoscript/fileName/SpritePolygonModeModule.cs: 8b4aa126b968b0772b9e20476364e690 -> 
  custom:scripting/precompiled-assembly-types:Unity.2D.Sprite.Editor: c80415e041d636416599f4ac20098905 -> 
  custom:scripting/monoscript/fileName/ItemCreationUtility.cs: d1c4ddba747ed633116f555c0d69ace7 -> 
  custom:CustomObjectIndexerAttribute: 9a22284fe3817be447336de3de66b15e -> 
  custom:scripting/monoscript/fileName/SpriteEditorHandles.cs: 8b78502b9b56b3c556563a6e935b52ad -> 
  custom:container-demuxer-webm: 4f35f7cbe854078d1ac9338744f61a02 -> 
  custom:scripting/monoscript/fileName/SpriteNameFileIdPair.cs: 8dab74045e538d5698ea3c4caed3e48c -> 
  custom:scripting/monoscript/fileName/IGL.cs: 8903f8a1304142ec1aefe33b7a4db28c -> 
  custom:scripting/monoscript/fileName/SpritePhysicsShapeModule.cs: 35688b9e178698712b557d50761dc7c2 -> 
  custom:scripting/monoscript/fileName/ITexture.cs: dbb4c87e1c028ce779185d5d3d566460 -> 
  custom:container-muxer-webm: aa71ff27fc2769a1b78a27578f13a17b -> 
  custom:scripting/monoscript/fileName/IEvent.cs: c25d501578d8ebe48d7b30415b0df4c5 -> 
  custom:video-decoder-webm-vp8: 9c59270c3fd7afecdb556c50c9e8de78 -> 
  custom:scripting/monoscript/fileName/SpriteOutlineModule.cs: 249fecf584323de7d2fd0b14e9a4944c -> 
  custom:SearchIndexIgnoredProperties: e643bd26f0fe6173181afceb89e7c659 -> 
  custom:AudioImporter_EditorPlatform: d09bf68614088b80899f8185d706f6e7 -> 
  custom:scripting/monoscript/fileName/SpriteEditorUtility.cs: 7e2d1f2cb427fd67c5461f9431375c3a -> 
  custom:scripting/monoscript/fileName/SpriteSecondaryTexturesModule.cs: 8f361de5bdfd731e220c415240ad033f -> 
  custom:scripting/monoscript/fileName/IGUIUtility.cs: cad79017f17454feb4e1799b1c42f87c -> 
  custom:scripting/monoscript/fileName/IHandles.cs: d2780a18a3844e49d490d68d5cb3d26a -> 
  custom:scripting/monoscript/fileName/TextureImporterDataProvider.cs: d68f5d5325387f4e38fdcf2610c72ce3 -> 
  custom:scripting/monoscript/fileName/SpriteEditorMenu.cs: f9042f312a91c162ede0d5de48225240 -> 
  custom:scripting/monoscript/fileName/ISpriteEditorDataProvider.cs: 4c01add71bf03a3e1afff21bbd534ee9 -> 
  custom:scripting/monoscript/fileName/IUndoSystem.cs: 841a069a843e48d57d362ca08bca21d4 -> 
  custom:scripting/monoscript/fileName/SpritePolygonModeModuleView.cs: db8ddbee5a89c636987047f4602001ef -> 
  custom:scripting/monoscript/fileName/SpriteEditorData.cs: 79e0d970ecf11ef3020398e38672548f -> 
  custom:video-encoder-webm-vp8: eb34c28f22e8b96e1ab97ce403110664 -> 
  custom:audio-decoder-ogg-vorbis: bf7c407c2cedff20999df2af8eb42d56 -> 
  custom:scripting/monoscript/fileName/SpriteEditorWindowSettings.cs: 8e59c26ada2085b3ebaa83fd01af70e3 -> 
  custom:scripting/monoscript/fileName/SpriteFrameModuleBaseView.cs: 72abaa53c3c1184e23d4d9a45f62d8c2 -> 
  custom:scripting/monoscript/fileName/IAssetDatabase.cs: c40b958675a6cd5b519fa6ca497fede4 -> 
  custom:scripting/monoscript/fileName/SpriteFrameModule.cs: f07011b3ec3622062bef733dc29fedf0 -> 
  custom:scripting/monoscript/fileName/ShapeEditorRectSelection.cs: 1696d724b33ef6168949bbdce78d19c6 -> 
  custom:scripting/monoscript/fileName/TextureImporterDataProviderImplementation.cs: ffb9fda6ca225aa106e9fa84455f4e60 -> 
  custom:audio-encoder-webm-vorbis: bf7c407c2cedff20999df2af8eb42d56 -> 
  custom:scripting/monoscript/fileName/SpriteUtilityWindow.cs: 4827aafd0c4d893166845eac1266c4ed -> 
  custom:scripting/monoscript/fileName/SpriteFrameModuleBase.cs: 82472910b376b3c28a6f5b31b28f5f51 -> 
  custom:scripting/precompiled-assembly-types:Assembly-CSharp: e8ed9741bcbf294b9c3e9b888859a665 -> 17fd4233e2971542c9b4d9c5fc8a1fc5
  custom:scripting/monoscript/fileName/SpriteFrameModuleView.cs: f07011b3ec3622062bef733dc29fedf0 -> 
========================================================================
Received Prepare
Caller must complete domain reload
Begin MonoManager ReloadAssembly
- Loaded All Assemblies, in  0.514 seconds
Native extension for WindowsStandalone target not found
Mono: successfully reloaded assembly
- Finished resetting the current domain, in  1.156 seconds
Domain Reload Profiling: 1670ms
	BeginReloadAssembly (186ms)
		ExecutionOrderSort (0ms)
		DisableScriptedObjects (6ms)
		BackupInstance (0ms)
		ReleaseScriptingObjects (0ms)
		CreateAndSetChildDomain (39ms)
	RebuildCommonClasses (34ms)
	RebuildNativeTypeToScriptingClass (17ms)
	initialDomainReloadingComplete (25ms)
	LoadAllAssembliesAndSetupDomain (251ms)
		LoadAssemblies (339ms)
		RebuildTransferFunctionScriptingTraits (0ms)
		AnalyzeDomain (17ms)
			TypeCache.Refresh (8ms)
				TypeCache.ScanAssembly (0ms)
			ScanForSourceGeneratedMonoScriptInfo (0ms)
			ResolveRequiredComponents (6ms)
	FinalizeReload (1157ms)
		ReleaseScriptCaches (0ms)
		RebuildScriptCaches (0ms)
		SetupLoadedEditorAssemblies (627ms)
			LogAssemblyErrors (0ms)
			InitializePlatformSupportModulesInManaged (5ms)
			SetLoadedEditorAssemblies (7ms)
			RefreshPlugins (0ms)
			BeforeProcessingInitializeOnLoad (104ms)
			ProcessInitializeOnLoadAttributes (481ms)
			ProcessInitializeOnLoadMethodAttributes (27ms)
			AfterProcessingInitializeOnLoad (3ms)
			EditorAssembliesLoaded (0ms)
		ExecutionOrderSort2 (0ms)
		AwakeInstancesAfterBackupRestoration (10ms)
Refreshing native plugins compatible for Editor in 3.03 ms, found 3 plugins.
Preloading 0 native plugins for Editor in 0.00 ms.
Unloading 3578 Unused Serialized files (Serialized files now loaded: 0)
Unloading 14 unused Assets / (28.5 KB). Loaded Objects now: 4167.
Memory consumption went from 127.9 MB to 127.9 MB.
Total: 3.388600 ms (FindLiveObjects: 0.316500 ms CreateObjectMapping: 0.282300 ms MarkObjects: 2.743000 ms  DeleteObjects: 0.045600 ms)

Prepare: number of updated asset objects reloaded= 0
AssetImportParameters requested are different than current active one (requested -> active):
  custom:scripting/monoscript/fileName/RandomHitPlacer.cs: 0e520bb249608fd9a2ce5ff96c591009 -> 
  custom:container-demuxer-ogg: 62fdf1f143b41e24485cea50d1cbac27 -> 
  custom:scripting/monoscript/fileName/SpriteEditorWindow.cs: 1629bd700639d5abf7ee9c1a15128fda -> 
  custom:scripting/monoscript/fileName/SpriteRect.cs: 8da6d12a5fbd75a0eba31cfa62842428 -> 
  custom:scripting/monoscript/fileName/ISpriteEditorModule.cs: f35f8b8d39dcfd448fbbe9ea48566c2f -> 
  custom:video-decoder-ogg-theora: a1e56fd34408186e4bbccfd4996cb3dc -> 
  custom:scripting/monoscript/fileName/MenuItems.cs: 3ea3522373e3b4d2ef39113c39531efd -> 
  custom:scripting/monoscript/fileName/DefaultSpriteNameFileIdDataProvider.cs: cd965ed390b21ec0302c3211a9f903ff -> 
  custom:framework-win-MediaFoundation: 216162199b28c13a410421893ffa2e32 -> 
  custom:scripting/monoscript/fileName/PlayerInteract.cs: 73ffd8c360dbab24565d6c0e90133a24 -> 
  custom:scripting/monoscript/fileName/ShapeEditor.cs: 7eba0c642af179a392c34e527393b30b -> 
  custom:scripting/monoscript/fileName/SpritePolygonModeModule.cs: 8b4aa126b968b0772b9e20476364e690 -> 
  custom:scripting/precompiled-assembly-types:Unity.2D.Sprite.Editor: c80415e041d636416599f4ac20098905 -> 
  custom:scripting/monoscript/fileName/ItemCreationUtility.cs: d1c4ddba747ed633116f555c0d69ace7 -> 
  custom:CustomObjectIndexerAttribute: 9a22284fe3817be447336de3de66b15e -> 
  custom:scripting/monoscript/fileName/SpriteEditorHandles.cs: 8b78502b9b56b3c556563a6e935b52ad -> 
  custom:container-demuxer-webm: 4f35f7cbe854078d1ac9338744f61a02 -> 
  custom:scripting/monoscript/fileName/SpriteNameFileIdPair.cs: 8dab74045e538d5698ea3c4caed3e48c -> 
  custom:scripting/monoscript/fileName/IGL.cs: 8903f8a1304142ec1aefe33b7a4db28c -> 
  custom:scripting/monoscript/fileName/SpritePhysicsShapeModule.cs: 35688b9e178698712b557d50761dc7c2 -> 
  custom:scripting/monoscript/fileName/ITexture.cs: dbb4c87e1c028ce779185d5d3d566460 -> 
  custom:container-muxer-webm: aa71ff27fc2769a1b78a27578f13a17b -> 
  custom:scripting/monoscript/fileName/IEvent.cs: c25d501578d8ebe48d7b30415b0df4c5 -> 
  custom:video-decoder-webm-vp8: 9c59270c3fd7afecdb556c50c9e8de78 -> 
  custom:scripting/monoscript/fileName/SpriteOutlineModule.cs: 249fecf584323de7d2fd0b14e9a4944c -> 
  custom:SearchIndexIgnoredProperties: e643bd26f0fe6173181afceb89e7c659 -> 
  custom:AudioImporter_EditorPlatform: d09bf68614088b80899f8185d706f6e7 -> 
  custom:scripting/monoscript/fileName/SpriteEditorUtility.cs: 7e2d1f2cb427fd67c5461f9431375c3a -> 
  custom:scripting/monoscript/fileName/SpriteSecondaryTexturesModule.cs: 8f361de5bdfd731e220c415240ad033f -> 
  custom:scripting/monoscript/fileName/IGUIUtility.cs: cad79017f17454feb4e1799b1c42f87c -> 
  custom:scripting/monoscript/fileName/IHandles.cs: d2780a18a3844e49d490d68d5cb3d26a -> 
  custom:scripting/monoscript/fileName/TextureImporterDataProvider.cs: d68f5d5325387f4e38fdcf2610c72ce3 -> 
  custom:scripting/monoscript/fileName/SpriteEditorMenu.cs: f9042f312a91c162ede0d5de48225240 -> 
  custom:scripting/monoscript/fileName/ISpriteEditorDataProvider.cs: 4c01add71bf03a3e1afff21bbd534ee9 -> 
  custom:scripting/monoscript/fileName/IUndoSystem.cs: 841a069a843e48d57d362ca08bca21d4 -> 
  custom:scripting/monoscript/fileName/SpritePolygonModeModuleView.cs: db8ddbee5a89c636987047f4602001ef -> 
  custom:scripting/monoscript/fileName/SpriteEditorData.cs: 79e0d970ecf11ef3020398e38672548f -> 
  custom:video-encoder-webm-vp8: eb34c28f22e8b96e1ab97ce403110664 -> 
  custom:audio-decoder-ogg-vorbis: bf7c407c2cedff20999df2af8eb42d56 -> 
  custom:scripting/monoscript/fileName/SpriteEditorWindowSettings.cs: 8e59c26ada2085b3ebaa83fd01af70e3 -> 
  custom:scripting/monoscript/fileName/SpriteFrameModuleBaseView.cs: 72abaa53c3c1184e23d4d9a45f62d8c2 -> 
  custom:scripting/monoscript/fileName/IAssetDatabase.cs: c40b958675a6cd5b519fa6ca497fede4 -> 
  custom:scripting/monoscript/fileName/SpriteFrameModule.cs: f07011b3ec3622062bef733dc29fedf0 -> 
  custom:scripting/monoscript/fileName/ShapeEditorRectSelection.cs: 1696d724b33ef6168949bbdce78d19c6 -> 
  custom:scripting/monoscript/fileName/TextureImporterDataProviderImplementation.cs: ffb9fda6ca225aa106e9fa84455f4e60 -> 
  custom:audio-encoder-webm-vorbis: bf7c407c2cedff20999df2af8eb42d56 -> 
  custom:scripting/monoscript/fileName/SpriteUtilityWindow.cs: 4827aafd0c4d893166845eac1266c4ed -> 
  custom:scripting/monoscript/fileName/SpriteFrameModuleBase.cs: 82472910b376b3c28a6f5b31b28f5f51 -> 
  custom:scripting/precompiled-assembly-types:Assembly-CSharp: e8ed9741bcbf294b9c3e9b888859a665 -> 17fd4233e2971542c9b4d9c5fc8a1fc5
  custom:scripting/monoscript/fileName/SpriteFrameModuleView.cs: f07011b3ec3622062bef733dc29fedf0 -> 
========================================================================
Received Prepare
Caller must complete domain reload
Begin MonoManager ReloadAssembly
- Loaded All Assemblies, in  0.486 seconds
Native extension for WindowsStandalone target not found
Mono: successfully reloaded assembly
- Finished resetting the current domain, in  1.095 seconds
Domain Reload Profiling: 1582ms
	BeginReloadAssembly (175ms)
		ExecutionOrderSort (0ms)
		DisableScriptedObjects (5ms)
		BackupInstance (0ms)
		ReleaseScriptingObjects (0ms)
		CreateAndSetChildDomain (33ms)
	RebuildCommonClasses (30ms)
	RebuildNativeTypeToScriptingClass (10ms)
	initialDomainReloadingComplete (27ms)
	LoadAllAssembliesAndSetupDomain (244ms)
		LoadAssemblies (334ms)
		RebuildTransferFunctionScriptingTraits (0ms)
		AnalyzeDomain (17ms)
			TypeCache.Refresh (9ms)
				TypeCache.ScanAssembly (0ms)
			ScanForSourceGeneratedMonoScriptInfo (0ms)
			ResolveRequiredComponents (6ms)
	FinalizeReload (1095ms)
		ReleaseScriptCaches (0ms)
		RebuildScriptCaches (0ms)
		SetupLoadedEditorAssemblies (592ms)
			LogAssemblyErrors (0ms)
			InitializePlatformSupportModulesInManaged (5ms)
			SetLoadedEditorAssemblies (8ms)
			RefreshPlugins (0ms)
			BeforeProcessingInitializeOnLoad (95ms)
			ProcessInitializeOnLoadAttributes (458ms)
			ProcessInitializeOnLoadMethodAttributes (24ms)
			AfterProcessingInitializeOnLoad (3ms)
			EditorAssembliesLoaded (0ms)
		ExecutionOrderSort2 (0ms)
		AwakeInstancesAfterBackupRestoration (7ms)
Refreshing native plugins compatible for Editor in 2.70 ms, found 3 plugins.
Preloading 0 native plugins for Editor in 0.00 ms.
Unloading 3578 Unused Serialized files (Serialized files now loaded: 0)
Unloading 14 unused Assets / (28.5 KB). Loaded Objects now: 4170.
Memory consumption went from 127.9 MB to 127.9 MB.
Total: 3.109600 ms (FindLiveObjects: 0.384800 ms CreateObjectMapping: 0.305900 ms MarkObjects: 2.363200 ms  DeleteObjects: 0.054600 ms)

Prepare: number of updated asset objects reloaded= 0
AssetImportParameters requested are different than current active one (requested -> active):
  custom:scripting/monoscript/fileName/RandomHitPlacer.cs: 0e520bb249608fd9a2ce5ff96c591009 -> 
  custom:container-demuxer-ogg: 62fdf1f143b41e24485cea50d1cbac27 -> 
  custom:scripting/monoscript/fileName/SpriteEditorWindow.cs: 1629bd700639d5abf7ee9c1a15128fda -> 
  custom:scripting/monoscript/fileName/SpriteRect.cs: 8da6d12a5fbd75a0eba31cfa62842428 -> 
  custom:scripting/monoscript/fileName/ISpriteEditorModule.cs: f35f8b8d39dcfd448fbbe9ea48566c2f -> 
  custom:video-decoder-ogg-theora: a1e56fd34408186e4bbccfd4996cb3dc -> 
  custom:scripting/monoscript/fileName/MenuItems.cs: 3ea3522373e3b4d2ef39113c39531efd -> 
  custom:scripting/monoscript/fileName/DefaultSpriteNameFileIdDataProvider.cs: cd965ed390b21ec0302c3211a9f903ff -> 
  custom:framework-win-MediaFoundation: 216162199b28c13a410421893ffa2e32 -> 
  custom:scripting/monoscript/fileName/PlayerInteract.cs: 73ffd8c360dbab24565d6c0e90133a24 -> 
  custom:scripting/monoscript/fileName/ShapeEditor.cs: 7eba0c642af179a392c34e527393b30b -> 
  custom:scripting/monoscript/fileName/SpritePolygonModeModule.cs: 8b4aa126b968b0772b9e20476364e690 -> 
  custom:scripting/precompiled-assembly-types:Unity.2D.Sprite.Editor: c80415e041d636416599f4ac20098905 -> 
  custom:scripting/monoscript/fileName/ItemCreationUtility.cs: d1c4ddba747ed633116f555c0d69ace7 -> 
  custom:CustomObjectIndexerAttribute: 9a22284fe3817be447336de3de66b15e -> 
  custom:scripting/monoscript/fileName/SpriteEditorHandles.cs: 8b78502b9b56b3c556563a6e935b52ad -> 
  custom:container-demuxer-webm: 4f35f7cbe854078d1ac9338744f61a02 -> 
  custom:scripting/monoscript/fileName/SpriteNameFileIdPair.cs: 8dab74045e538d5698ea3c4caed3e48c -> 
  custom:scripting/monoscript/fileName/IGL.cs: 8903f8a1304142ec1aefe33b7a4db28c -> 
  custom:scripting/monoscript/fileName/SpritePhysicsShapeModule.cs: 35688b9e178698712b557d50761dc7c2 -> 
  custom:scripting/monoscript/fileName/ITexture.cs: dbb4c87e1c028ce779185d5d3d566460 -> 
  custom:container-muxer-webm: aa71ff27fc2769a1b78a27578f13a17b -> 
  custom:scripting/monoscript/fileName/IEvent.cs: c25d501578d8ebe48d7b30415b0df4c5 -> 
  custom:video-decoder-webm-vp8: 9c59270c3fd7afecdb556c50c9e8de78 -> 
  custom:scripting/monoscript/fileName/SpriteOutlineModule.cs: 249fecf584323de7d2fd0b14e9a4944c -> 
  custom:SearchIndexIgnoredProperties: e643bd26f0fe6173181afceb89e7c659 -> 
  custom:AudioImporter_EditorPlatform: d09bf68614088b80899f8185d706f6e7 -> 
  custom:scripting/monoscript/fileName/SpriteEditorUtility.cs: 7e2d1f2cb427fd67c5461f9431375c3a -> 
  custom:scripting/monoscript/fileName/SpriteSecondaryTexturesModule.cs: 8f361de5bdfd731e220c415240ad033f -> 
  custom:scripting/monoscript/fileName/IGUIUtility.cs: cad79017f17454feb4e1799b1c42f87c -> 
  custom:scripting/monoscript/fileName/IHandles.cs: d2780a18a3844e49d490d68d5cb3d26a -> 
  custom:scripting/monoscript/fileName/TextureImporterDataProvider.cs: d68f5d5325387f4e38fdcf2610c72ce3 -> 
  custom:scripting/monoscript/fileName/SpriteEditorMenu.cs: f9042f312a91c162ede0d5de48225240 -> 
  custom:scripting/monoscript/fileName/ISpriteEditorDataProvider.cs: 4c01add71bf03a3e1afff21bbd534ee9 -> 
  custom:scripting/monoscript/fileName/IUndoSystem.cs: 841a069a843e48d57d362ca08bca21d4 -> 
  custom:scripting/monoscript/fileName/SpritePolygonModeModuleView.cs: db8ddbee5a89c636987047f4602001ef -> 
  custom:scripting/monoscript/fileName/SpriteEditorData.cs: 79e0d970ecf11ef3020398e38672548f -> 
  custom:video-encoder-webm-vp8: eb34c28f22e8b96e1ab97ce403110664 -> 
  custom:audio-decoder-ogg-vorbis: bf7c407c2cedff20999df2af8eb42d56 -> 
  custom:scripting/monoscript/fileName/SpriteEditorWindowSettings.cs: 8e59c26ada2085b3ebaa83fd01af70e3 -> 
  custom:scripting/monoscript/fileName/SpriteFrameModuleBaseView.cs: 72abaa53c3c1184e23d4d9a45f62d8c2 -> 
  custom:scripting/monoscript/fileName/IAssetDatabase.cs: c40b958675a6cd5b519fa6ca497fede4 -> 
  custom:scripting/monoscript/fileName/SpriteFrameModule.cs: f07011b3ec3622062bef733dc29fedf0 -> 
  custom:scripting/monoscript/fileName/ShapeEditorRectSelection.cs: 1696d724b33ef6168949bbdce78d19c6 -> 
  custom:scripting/monoscript/fileName/TextureImporterDataProviderImplementation.cs: ffb9fda6ca225aa106e9fa84455f4e60 -> 
  custom:audio-encoder-webm-vorbis: bf7c407c2cedff20999df2af8eb42d56 -> 
  custom:scripting/monoscript/fileName/SpriteUtilityWindow.cs: 4827aafd0c4d893166845eac1266c4ed -> 
  custom:scripting/monoscript/fileName/SpriteFrameModuleBase.cs: 82472910b376b3c28a6f5b31b28f5f51 -> 
  custom:scripting/precompiled-assembly-types:Assembly-CSharp: e8ed9741bcbf294b9c3e9b888859a665 -> 17fd4233e2971542c9b4d9c5fc8a1fc5
  custom:scripting/monoscript/fileName/SpriteFrameModuleView.cs: f07011b3ec3622062bef733dc29fedf0 -> 
========================================================================
Received Prepare
Caller must complete domain reload
Begin MonoManager ReloadAssembly
- Loaded All Assemblies, in  0.762 seconds
Native extension for WindowsStandalone target not found
Mono: successfully reloaded assembly
- Finished resetting the current domain, in  1.103 seconds
Domain Reload Profiling: 1864ms
	BeginReloadAssembly (281ms)
		ExecutionOrderSort (0ms)
		DisableScriptedObjects (8ms)
		BackupInstance (0ms)
		ReleaseScriptingObjects (0ms)
		CreateAndSetChildDomain (53ms)
	RebuildCommonClasses (58ms)
	RebuildNativeTypeToScriptingClass (18ms)
	initialDomainReloadingComplete (28ms)
	LoadAllAssembliesAndSetupDomain (376ms)
		LoadAssemblies (524ms)
		RebuildTransferFunctionScriptingTraits (0ms)
		AnalyzeDomain (39ms)
			TypeCache.Refresh (15ms)
				TypeCache.ScanAssembly (0ms)
			ScanForSourceGeneratedMonoScriptInfo (15ms)
			ResolveRequiredComponents (7ms)
	FinalizeReload (1103ms)
		ReleaseScriptCaches (0ms)
		RebuildScriptCaches (0ms)
		SetupLoadedEditorAssemblies (566ms)
			LogAssemblyErrors (0ms)
			InitializePlatformSupportModulesInManaged (7ms)
			SetLoadedEditorAssemblies (5ms)
			RefreshPlugins (0ms)
			BeforeProcessingInitializeOnLoad (98ms)
			ProcessInitializeOnLoadAttributes (432ms)
			ProcessInitializeOnLoadMethodAttributes (21ms)
			AfterProcessingInitializeOnLoad (3ms)
			EditorAssembliesLoaded (0ms)
		ExecutionOrderSort2 (0ms)
		AwakeInstancesAfterBackupRestoration (5ms)
Refreshing native plugins compatible for Editor in 2.53 ms, found 3 plugins.
Preloading 0 native plugins for Editor in 0.00 ms.
Unloading 3578 Unused Serialized files (Serialized files now loaded: 0)
Unloading 14 unused Assets / (28.6 KB). Loaded Objects now: 4173.
Memory consumption went from 127.9 MB to 127.9 MB.
Total: 3.060400 ms (FindLiveObjects: 0.306800 ms CreateObjectMapping: 0.227500 ms MarkObjects: 2.495100 ms  DeleteObjects: 0.030100 ms)

Prepare: number of updated asset objects reloaded= 0
AssetImportParameters requested are different than current active one (requested -> active):
  custom:scripting/monoscript/fileName/RandomHitPlacer.cs: 0e520bb249608fd9a2ce5ff96c591009 -> 
  custom:container-demuxer-ogg: 62fdf1f143b41e24485cea50d1cbac27 -> 
  custom:scripting/monoscript/fileName/SpriteEditorWindow.cs: 1629bd700639d5abf7ee9c1a15128fda -> 
  custom:scripting/monoscript/fileName/SpriteRect.cs: 8da6d12a5fbd75a0eba31cfa62842428 -> 
  custom:scripting/monoscript/fileName/ISpriteEditorModule.cs: f35f8b8d39dcfd448fbbe9ea48566c2f -> 
  custom:video-decoder-ogg-theora: a1e56fd34408186e4bbccfd4996cb3dc -> 
  custom:scripting/monoscript/fileName/MenuItems.cs: 3ea3522373e3b4d2ef39113c39531efd -> 
  custom:scripting/monoscript/fileName/DefaultSpriteNameFileIdDataProvider.cs: cd965ed390b21ec0302c3211a9f903ff -> 
  custom:framework-win-MediaFoundation: 216162199b28c13a410421893ffa2e32 -> 
  custom:scripting/monoscript/fileName/PlayerInteract.cs: 73ffd8c360dbab24565d6c0e90133a24 -> 
  custom:scripting/monoscript/fileName/ShapeEditor.cs: 7eba0c642af179a392c34e527393b30b -> 
  custom:scripting/monoscript/fileName/SpritePolygonModeModule.cs: 8b4aa126b968b0772b9e20476364e690 -> 
  custom:scripting/precompiled-assembly-types:Unity.2D.Sprite.Editor: c80415e041d636416599f4ac20098905 -> 
  custom:scripting/monoscript/fileName/ItemCreationUtility.cs: d1c4ddba747ed633116f555c0d69ace7 -> 
  custom:CustomObjectIndexerAttribute: 9a22284fe3817be447336de3de66b15e -> 
  custom:scripting/monoscript/fileName/SpriteEditorHandles.cs: 8b78502b9b56b3c556563a6e935b52ad -> 
  custom:container-demuxer-webm: 4f35f7cbe854078d1ac9338744f61a02 -> 
  custom:scripting/monoscript/fileName/SpriteNameFileIdPair.cs: 8dab74045e538d5698ea3c4caed3e48c -> 
  custom:scripting/monoscript/fileName/IGL.cs: 8903f8a1304142ec1aefe33b7a4db28c -> 
  custom:scripting/monoscript/fileName/SpritePhysicsShapeModule.cs: 35688b9e178698712b557d50761dc7c2 -> 
  custom:scripting/monoscript/fileName/ITexture.cs: dbb4c87e1c028ce779185d5d3d566460 -> 
  custom:container-muxer-webm: aa71ff27fc2769a1b78a27578f13a17b -> 
  custom:scripting/monoscript/fileName/IEvent.cs: c25d501578d8ebe48d7b30415b0df4c5 -> 
  custom:video-decoder-webm-vp8: 9c59270c3fd7afecdb556c50c9e8de78 -> 
  custom:scripting/monoscript/fileName/SpriteOutlineModule.cs: 249fecf584323de7d2fd0b14e9a4944c -> 
  custom:SearchIndexIgnoredProperties: e643bd26f0fe6173181afceb89e7c659 -> 
  custom:AudioImporter_EditorPlatform: d09bf68614088b80899f8185d706f6e7 -> 
  custom:scripting/monoscript/fileName/SpriteEditorUtility.cs: 7e2d1f2cb427fd67c5461f9431375c3a -> 
  custom:scripting/monoscript/fileName/SpriteSecondaryTexturesModule.cs: 8f361de5bdfd731e220c415240ad033f -> 
  custom:scripting/monoscript/fileName/IGUIUtility.cs: cad79017f17454feb4e1799b1c42f87c -> 
  custom:scripting/monoscript/fileName/IHandles.cs: d2780a18a3844e49d490d68d5cb3d26a -> 
  custom:scripting/monoscript/fileName/TextureImporterDataProvider.cs: d68f5d5325387f4e38fdcf2610c72ce3 -> 
  custom:scripting/monoscript/fileName/SpriteEditorMenu.cs: f9042f312a91c162ede0d5de48225240 -> 
  custom:scripting/monoscript/fileName/ISpriteEditorDataProvider.cs: 4c01add71bf03a3e1afff21bbd534ee9 -> 
  custom:scripting/monoscript/fileName/IUndoSystem.cs: 841a069a843e48d57d362ca08bca21d4 -> 
  custom:scripting/monoscript/fileName/SpritePolygonModeModuleView.cs: db8ddbee5a89c636987047f4602001ef -> 
  custom:scripting/monoscript/fileName/SpriteEditorData.cs: 79e0d970ecf11ef3020398e38672548f -> 
  custom:video-encoder-webm-vp8: eb34c28f22e8b96e1ab97ce403110664 -> 
  custom:audio-decoder-ogg-vorbis: bf7c407c2cedff20999df2af8eb42d56 -> 
  custom:scripting/monoscript/fileName/SpriteEditorWindowSettings.cs: 8e59c26ada2085b3ebaa83fd01af70e3 -> 
  custom:scripting/monoscript/fileName/SpriteFrameModuleBaseView.cs: 72abaa53c3c1184e23d4d9a45f62d8c2 -> 
  custom:scripting/monoscript/fileName/IAssetDatabase.cs: c40b958675a6cd5b519fa6ca497fede4 -> 
  custom:scripting/monoscript/fileName/SpriteFrameModule.cs: f07011b3ec3622062bef733dc29fedf0 -> 
  custom:scripting/monoscript/fileName/ShapeEditorRectSelection.cs: 1696d724b33ef6168949bbdce78d19c6 -> 
  custom:scripting/monoscript/fileName/TextureImporterDataProviderImplementation.cs: ffb9fda6ca225aa106e9fa84455f4e60 -> 
  custom:audio-encoder-webm-vorbis: bf7c407c2cedff20999df2af8eb42d56 -> 
  custom:scripting/monoscript/fileName/SpriteUtilityWindow.cs: 4827aafd0c4d893166845eac1266c4ed -> 
  custom:scripting/monoscript/fileName/SpriteFrameModuleBase.cs: 82472910b376b3c28a6f5b31b28f5f51 -> 
  custom:scripting/precompiled-assembly-types:Assembly-CSharp: e8ed9741bcbf294b9c3e9b888859a665 -> 17fd4233e2971542c9b4d9c5fc8a1fc5
  custom:scripting/monoscript/fileName/SpriteFrameModuleView.cs: f07011b3ec3622062bef733dc29fedf0 -> 
========================================================================
Received Prepare
Caller must complete domain reload
Begin MonoManager ReloadAssembly
- Loaded All Assemblies, in  0.500 seconds
Native extension for WindowsStandalone target not found
Mono: successfully reloaded assembly
- Finished resetting the current domain, in  1.156 seconds
Domain Reload Profiling: 1656ms
	BeginReloadAssembly (179ms)
		ExecutionOrderSort (0ms)
		DisableScriptedObjects (5ms)
		BackupInstance (0ms)
		ReleaseScriptingObjects (0ms)
		CreateAndSetChildDomain (30ms)
	RebuildCommonClasses (31ms)
	RebuildNativeTypeToScriptingClass (12ms)
	initialDomainReloadingComplete (27ms)
	LoadAllAssembliesAndSetupDomain (251ms)
		LoadAssemblies (345ms)
		RebuildTransferFunctionScriptingTraits (0ms)
		AnalyzeDomain (19ms)
			TypeCache.Refresh (10ms)
				TypeCache.ScanAssembly (0ms)
			ScanForSourceGeneratedMonoScriptInfo (0ms)
			ResolveRequiredComponents (7ms)
	FinalizeReload (1157ms)
		ReleaseScriptCaches (0ms)
		RebuildScriptCaches (0ms)
		SetupLoadedEditorAssemblies (618ms)
			LogAssemblyErrors (0ms)
			InitializePlatformSupportModulesInManaged (6ms)
			SetLoadedEditorAssemblies (8ms)
			RefreshPlugins (0ms)
			BeforeProcessingInitializeOnLoad (100ms)
			ProcessInitializeOnLoadAttributes (476ms)
			ProcessInitializeOnLoadMethodAttributes (26ms)
			AfterProcessingInitializeOnLoad (3ms)
			EditorAssembliesLoaded (0ms)
		ExecutionOrderSort2 (0ms)
		AwakeInstancesAfterBackupRestoration (9ms)
Refreshing native plugins compatible for Editor in 2.85 ms, found 3 plugins.
Preloading 0 native plugins for Editor in 0.00 ms.
Unloading 3578 Unused Serialized files (Serialized files now loaded: 0)
Unloading 14 unused Assets / (28.5 KB). Loaded Objects now: 4176.
Memory consumption went from 127.9 MB to 127.9 MB.
Total: 3.667900 ms (FindLiveObjects: 0.428800 ms CreateObjectMapping: 0.271700 ms MarkObjects: 2.917200 ms  DeleteObjects: 0.049500 ms)

Prepare: number of updated asset objects reloaded= 0
AssetImportParameters requested are different than current active one (requested -> active):
  custom:scripting/monoscript/fileName/RandomHitPlacer.cs: 0e520bb249608fd9a2ce5ff96c591009 -> 
  custom:container-demuxer-ogg: 62fdf1f143b41e24485cea50d1cbac27 -> 
  custom:scripting/monoscript/fileName/SpriteEditorWindow.cs: 1629bd700639d5abf7ee9c1a15128fda -> 
  custom:scripting/monoscript/fileName/SpriteRect.cs: 8da6d12a5fbd75a0eba31cfa62842428 -> 
  custom:scripting/monoscript/fileName/ISpriteEditorModule.cs: f35f8b8d39dcfd448fbbe9ea48566c2f -> 
  custom:video-decoder-ogg-theora: a1e56fd34408186e4bbccfd4996cb3dc -> 
  custom:scripting/monoscript/fileName/MenuItems.cs: 3ea3522373e3b4d2ef39113c39531efd -> 
  custom:scripting/monoscript/fileName/DefaultSpriteNameFileIdDataProvider.cs: cd965ed390b21ec0302c3211a9f903ff -> 
  custom:framework-win-MediaFoundation: 216162199b28c13a410421893ffa2e32 -> 
  custom:scripting/monoscript/fileName/PlayerInteract.cs: 73ffd8c360dbab24565d6c0e90133a24 -> 
  custom:scripting/monoscript/fileName/ShapeEditor.cs: 7eba0c642af179a392c34e527393b30b -> 
  custom:scripting/monoscript/fileName/SpritePolygonModeModule.cs: 8b4aa126b968b0772b9e20476364e690 -> 
  custom:scripting/precompiled-assembly-types:Unity.2D.Sprite.Editor: c80415e041d636416599f4ac20098905 -> 
  custom:scripting/monoscript/fileName/ItemCreationUtility.cs: d1c4ddba747ed633116f555c0d69ace7 -> 
  custom:CustomObjectIndexerAttribute: 9a22284fe3817be447336de3de66b15e -> 
  custom:scripting/monoscript/fileName/SpriteEditorHandles.cs: 8b78502b9b56b3c556563a6e935b52ad -> 
  custom:container-demuxer-webm: 4f35f7cbe854078d1ac9338744f61a02 -> 
  custom:scripting/monoscript/fileName/SpriteNameFileIdPair.cs: 8dab74045e538d5698ea3c4caed3e48c -> 
  custom:scripting/monoscript/fileName/IGL.cs: 8903f8a1304142ec1aefe33b7a4db28c -> 
  custom:scripting/monoscript/fileName/SpritePhysicsShapeModule.cs: 35688b9e178698712b557d50761dc7c2 -> 
  custom:scripting/monoscript/fileName/ITexture.cs: dbb4c87e1c028ce779185d5d3d566460 -> 
  custom:container-muxer-webm: aa71ff27fc2769a1b78a27578f13a17b -> 
  custom:scripting/monoscript/fileName/IEvent.cs: c25d501578d8ebe48d7b30415b0df4c5 -> 
  custom:video-decoder-webm-vp8: 9c59270c3fd7afecdb556c50c9e8de78 -> 
  custom:scripting/monoscript/fileName/SpriteOutlineModule.cs: 249fecf584323de7d2fd0b14e9a4944c -> 
  custom:SearchIndexIgnoredProperties: e643bd26f0fe6173181afceb89e7c659 -> 
  custom:AudioImporter_EditorPlatform: d09bf68614088b80899f8185d706f6e7 -> 
  custom:scripting/monoscript/fileName/SpriteEditorUtility.cs: 7e2d1f2cb427fd67c5461f9431375c3a -> 
  custom:scripting/monoscript/fileName/SpriteSecondaryTexturesModule.cs: 8f361de5bdfd731e220c415240ad033f -> 
  custom:scripting/monoscript/fileName/IGUIUtility.cs: cad79017f17454feb4e1799b1c42f87c -> 
  custom:scripting/monoscript/fileName/IHandles.cs: d2780a18a3844e49d490d68d5cb3d26a -> 
  custom:scripting/monoscript/fileName/TextureImporterDataProvider.cs: d68f5d5325387f4e38fdcf2610c72ce3 -> 
  custom:scripting/monoscript/fileName/SpriteEditorMenu.cs: f9042f312a91c162ede0d5de48225240 -> 
  custom:scripting/monoscript/fileName/ISpriteEditorDataProvider.cs: 4c01add71bf03a3e1afff21bbd534ee9 -> 
  custom:scripting/monoscript/fileName/IUndoSystem.cs: 841a069a843e48d57d362ca08bca21d4 -> 
  custom:scripting/monoscript/fileName/SpritePolygonModeModuleView.cs: db8ddbee5a89c636987047f4602001ef -> 
  custom:scripting/monoscript/fileName/SpriteEditorData.cs: 79e0d970ecf11ef3020398e38672548f -> 
  custom:video-encoder-webm-vp8: eb34c28f22e8b96e1ab97ce403110664 -> 
  custom:audio-decoder-ogg-vorbis: bf7c407c2cedff20999df2af8eb42d56 -> 
  custom:scripting/monoscript/fileName/SpriteEditorWindowSettings.cs: 8e59c26ada2085b3ebaa83fd01af70e3 -> 
  custom:scripting/monoscript/fileName/SpriteFrameModuleBaseView.cs: 72abaa53c3c1184e23d4d9a45f62d8c2 -> 
  custom:scripting/monoscript/fileName/IAssetDatabase.cs: c40b958675a6cd5b519fa6ca497fede4 -> 
  custom:scripting/monoscript/fileName/SpriteFrameModule.cs: f07011b3ec3622062bef733dc29fedf0 -> 
  custom:scripting/monoscript/fileName/ShapeEditorRectSelection.cs: 1696d724b33ef6168949bbdce78d19c6 -> 
  custom:scripting/monoscript/fileName/TextureImporterDataProviderImplementation.cs: ffb9fda6ca225aa106e9fa84455f4e60 -> 
  custom:audio-encoder-webm-vorbis: bf7c407c2cedff20999df2af8eb42d56 -> 
  custom:scripting/monoscript/fileName/SpriteUtilityWindow.cs: 4827aafd0c4d893166845eac1266c4ed -> 
  custom:scripting/monoscript/fileName/SpriteFrameModuleBase.cs: 82472910b376b3c28a6f5b31b28f5f51 -> 
  custom:scripting/precompiled-assembly-types:Assembly-CSharp: e8ed9741bcbf294b9c3e9b888859a665 -> 17fd4233e2971542c9b4d9c5fc8a1fc5
  custom:scripting/monoscript/fileName/SpriteFrameModuleView.cs: f07011b3ec3622062bef733dc29fedf0 -> 
========================================================================
Received Prepare
Caller must complete domain reload
Begin MonoManager ReloadAssembly
- Loaded All Assemblies, in  0.549 seconds
Native extension for WindowsStandalone target not found
Mono: successfully reloaded assembly
- Finished resetting the current domain, in  1.144 seconds
Domain Reload Profiling: 1693ms
	BeginReloadAssembly (191ms)
		ExecutionOrderSort (0ms)
		DisableScriptedObjects (7ms)
		BackupInstance (0ms)
		ReleaseScriptingObjects (0ms)
		CreateAndSetChildDomain (38ms)
	RebuildCommonClasses (34ms)
	RebuildNativeTypeToScriptingClass (12ms)
	initialDomainReloadingComplete (29ms)
	LoadAllAssembliesAndSetupDomain (283ms)
		LoadAssemblies (361ms)
		RebuildTransferFunctionScriptingTraits (0ms)
		AnalyzeDomain (33ms)
			TypeCache.Refresh (11ms)
				TypeCache.ScanAssembly (0ms)
			ScanForSourceGeneratedMonoScriptInfo (13ms)
			ResolveRequiredComponents (8ms)
	FinalizeReload (1145ms)
		ReleaseScriptCaches (0ms)
		RebuildScriptCaches (0ms)
		SetupLoadedEditorAssemblies (598ms)
			LogAssemblyErrors (0ms)
			InitializePlatformSupportModulesInManaged (6ms)
			SetLoadedEditorAssemblies (5ms)
			RefreshPlugins (0ms)
			BeforeProcessingInitializeOnLoad (89ms)
			ProcessInitializeOnLoadAttributes (475ms)
			ProcessInitializeOnLoadMethodAttributes (20ms)
			AfterProcessingInitializeOnLoad (2ms)
			EditorAssembliesLoaded (0ms)
		ExecutionOrderSort2 (0ms)
		AwakeInstancesAfterBackupRestoration (5ms)
Refreshing native plugins compatible for Editor in 2.66 ms, found 3 plugins.
Preloading 0 native plugins for Editor in 0.00 ms.
Unloading 3578 Unused Serialized files (Serialized files now loaded: 0)
Unloading 14 unused Assets / (28.6 KB). Loaded Objects now: 4179.
Memory consumption went from 127.9 MB to 127.9 MB.
Total: 6.122100 ms (FindLiveObjects: 0.885000 ms CreateObjectMapping: 0.803300 ms MarkObjects: 4.379700 ms  DeleteObjects: 0.052600 ms)

Prepare: number of updated asset objects reloaded= 0
AssetImportParameters requested are different than current active one (requested -> active):
  custom:scripting/monoscript/fileName/RandomHitPlacer.cs: 0e520bb249608fd9a2ce5ff96c591009 -> 
  custom:container-demuxer-ogg: 62fdf1f143b41e24485cea50d1cbac27 -> 
  custom:scripting/monoscript/fileName/SpriteEditorWindow.cs: 1629bd700639d5abf7ee9c1a15128fda -> 
  custom:scripting/monoscript/fileName/SpriteRect.cs: 8da6d12a5fbd75a0eba31cfa62842428 -> 
  custom:scripting/monoscript/fileName/ISpriteEditorModule.cs: f35f8b8d39dcfd448fbbe9ea48566c2f -> 
  custom:video-decoder-ogg-theora: a1e56fd34408186e4bbccfd4996cb3dc -> 
  custom:scripting/monoscript/fileName/MenuItems.cs: 3ea3522373e3b4d2ef39113c39531efd -> 
  custom:scripting/monoscript/fileName/DefaultSpriteNameFileIdDataProvider.cs: cd965ed390b21ec0302c3211a9f903ff -> 
  custom:framework-win-MediaFoundation: 216162199b28c13a410421893ffa2e32 -> 
  custom:scripting/monoscript/fileName/PlayerInteract.cs: 73ffd8c360dbab24565d6c0e90133a24 -> 
  custom:scripting/monoscript/fileName/ShapeEditor.cs: 7eba0c642af179a392c34e527393b30b -> 
  custom:scripting/monoscript/fileName/SpritePolygonModeModule.cs: 8b4aa126b968b0772b9e20476364e690 -> 
  custom:scripting/precompiled-assembly-types:Unity.2D.Sprite.Editor: c80415e041d636416599f4ac20098905 -> 
  custom:scripting/monoscript/fileName/ItemCreationUtility.cs: d1c4ddba747ed633116f555c0d69ace7 -> 
  custom:CustomObjectIndexerAttribute: 9a22284fe3817be447336de3de66b15e -> 
  custom:scripting/monoscript/fileName/SpriteEditorHandles.cs: 8b78502b9b56b3c556563a6e935b52ad -> 
  custom:container-demuxer-webm: 4f35f7cbe854078d1ac9338744f61a02 -> 
  custom:scripting/monoscript/fileName/SpriteNameFileIdPair.cs: 8dab74045e538d5698ea3c4caed3e48c -> 
  custom:scripting/monoscript/fileName/IGL.cs: 8903f8a1304142ec1aefe33b7a4db28c -> 
  custom:scripting/monoscript/fileName/SpritePhysicsShapeModule.cs: 35688b9e178698712b557d50761dc7c2 -> 
  custom:scripting/monoscript/fileName/ITexture.cs: dbb4c87e1c028ce779185d5d3d566460 -> 
  custom:container-muxer-webm: aa71ff27fc2769a1b78a27578f13a17b -> 
  custom:scripting/monoscript/fileName/IEvent.cs: c25d501578d8ebe48d7b30415b0df4c5 -> 
  custom:video-decoder-webm-vp8: 9c59270c3fd7afecdb556c50c9e8de78 -> 
  custom:scripting/monoscript/fileName/SpriteOutlineModule.cs: 249fecf584323de7d2fd0b14e9a4944c -> 
  custom:SearchIndexIgnoredProperties: e643bd26f0fe6173181afceb89e7c659 -> 
  custom:AudioImporter_EditorPlatform: d09bf68614088b80899f8185d706f6e7 -> 
  custom:scripting/monoscript/fileName/SpriteEditorUtility.cs: 7e2d1f2cb427fd67c5461f9431375c3a -> 
  custom:scripting/monoscript/fileName/SpriteSecondaryTexturesModule.cs: 8f361de5bdfd731e220c415240ad033f -> 
  custom:scripting/monoscript/fileName/IGUIUtility.cs: cad79017f17454feb4e1799b1c42f87c -> 
  custom:scripting/monoscript/fileName/IHandles.cs: d2780a18a3844e49d490d68d5cb3d26a -> 
  custom:scripting/monoscript/fileName/TextureImporterDataProvider.cs: d68f5d5325387f4e38fdcf2610c72ce3 -> 
  custom:scripting/monoscript/fileName/SpriteEditorMenu.cs: f9042f312a91c162ede0d5de48225240 -> 
  custom:scripting/monoscript/fileName/ISpriteEditorDataProvider.cs: 4c01add71bf03a3e1afff21bbd534ee9 -> 
  custom:scripting/monoscript/fileName/IUndoSystem.cs: 841a069a843e48d57d362ca08bca21d4 -> 
  custom:scripting/monoscript/fileName/SpritePolygonModeModuleView.cs: db8ddbee5a89c636987047f4602001ef -> 
  custom:scripting/monoscript/fileName/SpriteEditorData.cs: 79e0d970ecf11ef3020398e38672548f -> 
  custom:video-encoder-webm-vp8: eb34c28f22e8b96e1ab97ce403110664 -> 
  custom:audio-decoder-ogg-vorbis: bf7c407c2cedff20999df2af8eb42d56 -> 
  custom:scripting/monoscript/fileName/SpriteEditorWindowSettings.cs: 8e59c26ada2085b3ebaa83fd01af70e3 -> 
  custom:scripting/monoscript/fileName/SpriteFrameModuleBaseView.cs: 72abaa53c3c1184e23d4d9a45f62d8c2 -> 
  custom:scripting/monoscript/fileName/IAssetDatabase.cs: c40b958675a6cd5b519fa6ca497fede4 -> 
  custom:scripting/monoscript/fileName/SpriteFrameModule.cs: f07011b3ec3622062bef733dc29fedf0 -> 
  custom:scripting/monoscript/fileName/ShapeEditorRectSelection.cs: 1696d724b33ef6168949bbdce78d19c6 -> 
  custom:scripting/monoscript/fileName/TextureImporterDataProviderImplementation.cs: ffb9fda6ca225aa106e9fa84455f4e60 -> 
  custom:audio-encoder-webm-vorbis: bf7c407c2cedff20999df2af8eb42d56 -> 
  custom:scripting/monoscript/fileName/SpriteUtilityWindow.cs: 4827aafd0c4d893166845eac1266c4ed -> 
  custom:scripting/monoscript/fileName/SpriteFrameModuleBase.cs: 82472910b376b3c28a6f5b31b28f5f51 -> 
  custom:scripting/precompiled-assembly-types:Assembly-CSharp: e8ed9741bcbf294b9c3e9b888859a665 -> 17fd4233e2971542c9b4d9c5fc8a1fc5
  custom:scripting/monoscript/fileName/SpriteFrameModuleView.cs: f07011b3ec3622062bef733dc29fedf0 -> 
========================================================================
Received Prepare
Caller must complete domain reload
Begin MonoManager ReloadAssembly
- Loaded All Assemblies, in  0.526 seconds
Native extension for WindowsStandalone target not found
Mono: successfully reloaded assembly
- Finished resetting the current domain, in  1.100 seconds
Domain Reload Profiling: 1628ms
	BeginReloadAssembly (183ms)
		ExecutionOrderSort (0ms)
		DisableScriptedObjects (6ms)
		BackupInstance (0ms)
		ReleaseScriptingObjects (0ms)
		CreateAndSetChildDomain (39ms)
	RebuildCommonClasses (33ms)
	RebuildNativeTypeToScriptingClass (10ms)
	initialDomainReloadingComplete (28ms)
	LoadAllAssembliesAndSetupDomain (274ms)
		LoadAssemblies (348ms)
		RebuildTransferFunctionScriptingTraits (0ms)
		AnalyzeDomain (33ms)
			TypeCache.Refresh (12ms)
				TypeCache.ScanAssembly (0ms)
			ScanForSourceGeneratedMonoScriptInfo (13ms)
			ResolveRequiredComponents (5ms)
	FinalizeReload (1101ms)
		ReleaseScriptCaches (0ms)
		RebuildScriptCaches (0ms)
		SetupLoadedEditorAssemblies (560ms)
			LogAssemblyErrors (0ms)
			InitializePlatformSupportModulesInManaged (8ms)
			SetLoadedEditorAssemblies (6ms)
			RefreshPlugins (0ms)
			BeforeProcessingInitializeOnLoad (90ms)
			ProcessInitializeOnLoadAttributes (432ms)
			ProcessInitializeOnLoadMethodAttributes (22ms)
			AfterProcessingInitializeOnLoad (2ms)
			EditorAssembliesLoaded (0ms)
		ExecutionOrderSort2 (0ms)
		AwakeInstancesAfterBackupRestoration (6ms)
Refreshing native plugins compatible for Editor in 3.32 ms, found 3 plugins.
Preloading 0 native plugins for Editor in 0.00 ms.
Unloading 3578 Unused Serialized files (Serialized files now loaded: 0)
Unloading 14 unused Assets / (28.5 KB). Loaded Objects now: 4182.
Memory consumption went from 127.9 MB to 127.9 MB.
Total: 3.058000 ms (FindLiveObjects: 0.318900 ms CreateObjectMapping: 0.252000 ms MarkObjects: 2.442000 ms  DeleteObjects: 0.044100 ms)

Prepare: number of updated asset objects reloaded= 0
AssetImportParameters requested are different than current active one (requested -> active):
  custom:scripting/monoscript/fileName/RandomHitPlacer.cs: 0e520bb249608fd9a2ce5ff96c591009 -> 
  custom:container-demuxer-ogg: 62fdf1f143b41e24485cea50d1cbac27 -> 
  custom:scripting/monoscript/fileName/SpriteEditorWindow.cs: 1629bd700639d5abf7ee9c1a15128fda -> 
  custom:scripting/monoscript/fileName/SpriteRect.cs: 8da6d12a5fbd75a0eba31cfa62842428 -> 
  custom:scripting/monoscript/fileName/ISpriteEditorModule.cs: f35f8b8d39dcfd448fbbe9ea48566c2f -> 
  custom:video-decoder-ogg-theora: a1e56fd34408186e4bbccfd4996cb3dc -> 
  custom:scripting/monoscript/fileName/MenuItems.cs: 3ea3522373e3b4d2ef39113c39531efd -> 
  custom:scripting/monoscript/fileName/DefaultSpriteNameFileIdDataProvider.cs: cd965ed390b21ec0302c3211a9f903ff -> 
  custom:framework-win-MediaFoundation: 216162199b28c13a410421893ffa2e32 -> 
  custom:scripting/monoscript/fileName/PlayerInteract.cs: 73ffd8c360dbab24565d6c0e90133a24 -> 
  custom:scripting/monoscript/fileName/ShapeEditor.cs: 7eba0c642af179a392c34e527393b30b -> 
  custom:scripting/monoscript/fileName/SpritePolygonModeModule.cs: 8b4aa126b968b0772b9e20476364e690 -> 
  custom:scripting/precompiled-assembly-types:Unity.2D.Sprite.Editor: c80415e041d636416599f4ac20098905 -> 
  custom:scripting/monoscript/fileName/ItemCreationUtility.cs: d1c4ddba747ed633116f555c0d69ace7 -> 
  custom:CustomObjectIndexerAttribute: 9a22284fe3817be447336de3de66b15e -> 
  custom:scripting/monoscript/fileName/SpriteEditorHandles.cs: 8b78502b9b56b3c556563a6e935b52ad -> 
  custom:container-demuxer-webm: 4f35f7cbe854078d1ac9338744f61a02 -> 
  custom:scripting/monoscript/fileName/SpriteNameFileIdPair.cs: 8dab74045e538d5698ea3c4caed3e48c -> 
  custom:scripting/monoscript/fileName/IGL.cs: 8903f8a1304142ec1aefe33b7a4db28c -> 
  custom:scripting/monoscript/fileName/SpritePhysicsShapeModule.cs: 35688b9e178698712b557d50761dc7c2 -> 
  custom:scripting/monoscript/fileName/ITexture.cs: dbb4c87e1c028ce779185d5d3d566460 -> 
  custom:container-muxer-webm: aa71ff27fc2769a1b78a27578f13a17b -> 
  custom:scripting/monoscript/fileName/IEvent.cs: c25d501578d8ebe48d7b30415b0df4c5 -> 
  custom:video-decoder-webm-vp8: 9c59270c3fd7afecdb556c50c9e8de78 -> 
  custom:scripting/monoscript/fileName/SpriteOutlineModule.cs: 249fecf584323de7d2fd0b14e9a4944c -> 
  custom:SearchIndexIgnoredProperties: e643bd26f0fe6173181afceb89e7c659 -> 
  custom:AudioImporter_EditorPlatform: d09bf68614088b80899f8185d706f6e7 -> 
  custom:scripting/monoscript/fileName/SpriteEditorUtility.cs: 7e2d1f2cb427fd67c5461f9431375c3a -> 
  custom:scripting/monoscript/fileName/SpriteSecondaryTexturesModule.cs: 8f361de5bdfd731e220c415240ad033f -> 
  custom:scripting/monoscript/fileName/IGUIUtility.cs: cad79017f17454feb4e1799b1c42f87c -> 
  custom:scripting/monoscript/fileName/IHandles.cs: d2780a18a3844e49d490d68d5cb3d26a -> 
  custom:scripting/monoscript/fileName/TextureImporterDataProvider.cs: d68f5d5325387f4e38fdcf2610c72ce3 -> 
  custom:scripting/monoscript/fileName/SpriteEditorMenu.cs: f9042f312a91c162ede0d5de48225240 -> 
  custom:scripting/monoscript/fileName/ISpriteEditorDataProvider.cs: 4c01add71bf03a3e1afff21bbd534ee9 -> 
  custom:scripting/monoscript/fileName/IUndoSystem.cs: 841a069a843e48d57d362ca08bca21d4 -> 
  custom:scripting/monoscript/fileName/SpritePolygonModeModuleView.cs: db8ddbee5a89c636987047f4602001ef -> 
  custom:scripting/monoscript/fileName/SpriteEditorData.cs: 79e0d970ecf11ef3020398e38672548f -> 
  custom:video-encoder-webm-vp8: eb34c28f22e8b96e1ab97ce403110664 -> 
  custom:audio-decoder-ogg-vorbis: bf7c407c2cedff20999df2af8eb42d56 -> 
  custom:scripting/monoscript/fileName/SpriteEditorWindowSettings.cs: 8e59c26ada2085b3ebaa83fd01af70e3 -> 
  custom:scripting/monoscript/fileName/SpriteFrameModuleBaseView.cs: 72abaa53c3c1184e23d4d9a45f62d8c2 -> 
  custom:scripting/monoscript/fileName/IAssetDatabase.cs: c40b958675a6cd5b519fa6ca497fede4 -> 
  custom:scripting/monoscript/fileName/SpriteFrameModule.cs: f07011b3ec3622062bef733dc29fedf0 -> 
  custom:scripting/monoscript/fileName/ShapeEditorRectSelection.cs: 1696d724b33ef6168949bbdce78d19c6 -> 
  custom:scripting/monoscript/fileName/TextureImporterDataProviderImplementation.cs: ffb9fda6ca225aa106e9fa84455f4e60 -> 
  custom:audio-encoder-webm-vorbis: bf7c407c2cedff20999df2af8eb42d56 -> 
  custom:scripting/monoscript/fileName/SpriteUtilityWindow.cs: 4827aafd0c4d893166845eac1266c4ed -> 
  custom:scripting/monoscript/fileName/SpriteFrameModuleBase.cs: 82472910b376b3c28a6f5b31b28f5f51 -> 
  custom:scripting/precompiled-assembly-types:Assembly-CSharp: e8ed9741bcbf294b9c3e9b888859a665 -> 17fd4233e2971542c9b4d9c5fc8a1fc5
  custom:scripting/monoscript/fileName/SpriteFrameModuleView.cs: f07011b3ec3622062bef733dc29fedf0 -> 
========================================================================
Received Prepare
Caller must complete domain reload
Begin MonoManager ReloadAssembly
- Loaded All Assemblies, in  0.485 seconds
Native extension for WindowsStandalone target not found
Mono: successfully reloaded assembly
- Finished resetting the current domain, in  1.106 seconds
Domain Reload Profiling: 1591ms
	BeginReloadAssembly (173ms)
		ExecutionOrderSort (0ms)
		DisableScriptedObjects (6ms)
		BackupInstance (0ms)
		ReleaseScriptingObjects (0ms)
		CreateAndSetChildDomain (32ms)
	RebuildCommonClasses (30ms)
	RebuildNativeTypeToScriptingClass (11ms)
	initialDomainReloadingComplete (26ms)
	LoadAllAssembliesAndSetupDomain (244ms)
		LoadAssemblies (333ms)
		RebuildTransferFunctionScriptingTraits (0ms)
		AnalyzeDomain (18ms)
			TypeCache.Refresh (10ms)
				TypeCache.ScanAssembly (0ms)
			ScanForSourceGeneratedMonoScriptInfo (0ms)
			ResolveRequiredComponents (6ms)
	FinalizeReload (1106ms)
		ReleaseScriptCaches (0ms)
		RebuildScriptCaches (0ms)
		SetupLoadedEditorAssemblies (605ms)
			LogAssemblyErrors (0ms)
			InitializePlatformSupportModulesInManaged (5ms)
			SetLoadedEditorAssemblies (6ms)
			RefreshPlugins (0ms)
			BeforeProcessingInitializeOnLoad (99ms)
			ProcessInitializeOnLoadAttributes (462ms)
			ProcessInitializeOnLoadMethodAttributes (29ms)
			AfterProcessingInitializeOnLoad (3ms)
			EditorAssembliesLoaded (0ms)
		ExecutionOrderSort2 (0ms)
		AwakeInstancesAfterBackupRestoration (7ms)
Refreshing native plugins compatible for Editor in 2.82 ms, found 3 plugins.
Preloading 0 native plugins for Editor in 0.00 ms.
Unloading 3578 Unused Serialized files (Serialized files now loaded: 0)
Unloading 14 unused Assets / (28.5 KB). Loaded Objects now: 4185.
Memory consumption went from 127.9 MB to 127.9 MB.
Total: 3.333600 ms (FindLiveObjects: 0.445400 ms CreateObjectMapping: 0.311000 ms MarkObjects: 2.516100 ms  DeleteObjects: 0.060100 ms)

Prepare: number of updated asset objects reloaded= 0
AssetImportParameters requested are different than current active one (requested -> active):
  custom:scripting/monoscript/fileName/RandomHitPlacer.cs: 0e520bb249608fd9a2ce5ff96c591009 -> 
  custom:container-demuxer-ogg: 62fdf1f143b41e24485cea50d1cbac27 -> 
  custom:scripting/monoscript/fileName/SpriteEditorWindow.cs: 1629bd700639d5abf7ee9c1a15128fda -> 
  custom:scripting/monoscript/fileName/SpriteRect.cs: 8da6d12a5fbd75a0eba31cfa62842428 -> 
  custom:scripting/monoscript/fileName/ISpriteEditorModule.cs: f35f8b8d39dcfd448fbbe9ea48566c2f -> 
  custom:video-decoder-ogg-theora: a1e56fd34408186e4bbccfd4996cb3dc -> 
  custom:scripting/monoscript/fileName/MenuItems.cs: 3ea3522373e3b4d2ef39113c39531efd -> 
  custom:scripting/monoscript/fileName/DefaultSpriteNameFileIdDataProvider.cs: cd965ed390b21ec0302c3211a9f903ff -> 
  custom:framework-win-MediaFoundation: 216162199b28c13a410421893ffa2e32 -> 
  custom:scripting/monoscript/fileName/PlayerInteract.cs: 73ffd8c360dbab24565d6c0e90133a24 -> 
  custom:scripting/monoscript/fileName/ShapeEditor.cs: 7eba0c642af179a392c34e527393b30b -> 
  custom:scripting/monoscript/fileName/SpritePolygonModeModule.cs: 8b4aa126b968b0772b9e20476364e690 -> 
  custom:scripting/precompiled-assembly-types:Unity.2D.Sprite.Editor: c80415e041d636416599f4ac20098905 -> 
  custom:scripting/monoscript/fileName/ItemCreationUtility.cs: d1c4ddba747ed633116f555c0d69ace7 -> 
  custom:CustomObjectIndexerAttribute: 9a22284fe3817be447336de3de66b15e -> 
  custom:scripting/monoscript/fileName/SpriteEditorHandles.cs: 8b78502b9b56b3c556563a6e935b52ad -> 
  custom:container-demuxer-webm: 4f35f7cbe854078d1ac9338744f61a02 -> 
  custom:scripting/monoscript/fileName/SpriteNameFileIdPair.cs: 8dab74045e538d5698ea3c4caed3e48c -> 
  custom:scripting/monoscript/fileName/IGL.cs: 8903f8a1304142ec1aefe33b7a4db28c -> 
  custom:scripting/monoscript/fileName/SpritePhysicsShapeModule.cs: 35688b9e178698712b557d50761dc7c2 -> 
  custom:scripting/monoscript/fileName/ITexture.cs: dbb4c87e1c028ce779185d5d3d566460 -> 
  custom:container-muxer-webm: aa71ff27fc2769a1b78a27578f13a17b -> 
  custom:scripting/monoscript/fileName/IEvent.cs: c25d501578d8ebe48d7b30415b0df4c5 -> 
  custom:video-decoder-webm-vp8: 9c59270c3fd7afecdb556c50c9e8de78 -> 
  custom:scripting/monoscript/fileName/SpriteOutlineModule.cs: 249fecf584323de7d2fd0b14e9a4944c -> 
  custom:SearchIndexIgnoredProperties: e643bd26f0fe6173181afceb89e7c659 -> 
  custom:AudioImporter_EditorPlatform: d09bf68614088b80899f8185d706f6e7 -> 
  custom:scripting/monoscript/fileName/SpriteEditorUtility.cs: 7e2d1f2cb427fd67c5461f9431375c3a -> 
  custom:scripting/monoscript/fileName/SpriteSecondaryTexturesModule.cs: 8f361de5bdfd731e220c415240ad033f -> 
  custom:scripting/monoscript/fileName/IGUIUtility.cs: cad79017f17454feb4e1799b1c42f87c -> 
  custom:scripting/monoscript/fileName/IHandles.cs: d2780a18a3844e49d490d68d5cb3d26a -> 
  custom:scripting/monoscript/fileName/TextureImporterDataProvider.cs: d68f5d5325387f4e38fdcf2610c72ce3 -> 
  custom:scripting/monoscript/fileName/SpriteEditorMenu.cs: f9042f312a91c162ede0d5de48225240 -> 
  custom:scripting/monoscript/fileName/ISpriteEditorDataProvider.cs: 4c01add71bf03a3e1afff21bbd534ee9 -> 
  custom:scripting/monoscript/fileName/IUndoSystem.cs: 841a069a843e48d57d362ca08bca21d4 -> 
  custom:scripting/monoscript/fileName/SpritePolygonModeModuleView.cs: db8ddbee5a89c636987047f4602001ef -> 
  custom:scripting/monoscript/fileName/SpriteEditorData.cs: 79e0d970ecf11ef3020398e38672548f -> 
  custom:video-encoder-webm-vp8: eb34c28f22e8b96e1ab97ce403110664 -> 
  custom:audio-decoder-ogg-vorbis: bf7c407c2cedff20999df2af8eb42d56 -> 
  custom:scripting/monoscript/fileName/SpriteEditorWindowSettings.cs: 8e59c26ada2085b3ebaa83fd01af70e3 -> 
  custom:scripting/monoscript/fileName/SpriteFrameModuleBaseView.cs: 72abaa53c3c1184e23d4d9a45f62d8c2 -> 
  custom:scripting/monoscript/fileName/IAssetDatabase.cs: c40b958675a6cd5b519fa6ca497fede4 -> 
  custom:scripting/monoscript/fileName/SpriteFrameModule.cs: f07011b3ec3622062bef733dc29fedf0 -> 
  custom:scripting/monoscript/fileName/ShapeEditorRectSelection.cs: 1696d724b33ef6168949bbdce78d19c6 -> 
  custom:scripting/monoscript/fileName/TextureImporterDataProviderImplementation.cs: ffb9fda6ca225aa106e9fa84455f4e60 -> 
  custom:audio-encoder-webm-vorbis: bf7c407c2cedff20999df2af8eb42d56 -> 
  custom:scripting/monoscript/fileName/SpriteUtilityWindow.cs: 4827aafd0c4d893166845eac1266c4ed -> 
  custom:scripting/monoscript/fileName/SpriteFrameModuleBase.cs: 82472910b376b3c28a6f5b31b28f5f51 -> 
  custom:scripting/precompiled-assembly-types:Assembly-CSharp: e8ed9741bcbf294b9c3e9b888859a665 -> 17fd4233e2971542c9b4d9c5fc8a1fc5
  custom:scripting/monoscript/fileName/SpriteFrameModuleView.cs: f07011b3ec3622062bef733dc29fedf0 -> 
========================================================================
Received Prepare
Caller must complete domain reload
Begin MonoManager ReloadAssembly
- Loaded All Assemblies, in  0.501 seconds
Native extension for WindowsStandalone target not found
Mono: successfully reloaded assembly
- Finished resetting the current domain, in  1.127 seconds
Domain Reload Profiling: 1628ms
	BeginReloadAssembly (180ms)
		ExecutionOrderSort (0ms)
		DisableScriptedObjects (7ms)
		BackupInstance (0ms)
		ReleaseScriptingObjects (0ms)
		CreateAndSetChildDomain (30ms)
	RebuildCommonClasses (32ms)
	RebuildNativeTypeToScriptingClass (12ms)
	initialDomainReloadingComplete (25ms)
	LoadAllAssembliesAndSetupDomain (251ms)
		LoadAssemblies (345ms)
		RebuildTransferFunctionScriptingTraits (0ms)
		AnalyzeDomain (19ms)
			TypeCache.Refresh (12ms)
				TypeCache.ScanAssembly (0ms)
			ScanForSourceGeneratedMonoScriptInfo (0ms)
			ResolveRequiredComponents (6ms)
	FinalizeReload (1128ms)
		ReleaseScriptCaches (0ms)
		RebuildScriptCaches (0ms)
		SetupLoadedEditorAssemblies (620ms)
			LogAssemblyErrors (0ms)
			InitializePlatformSupportModulesInManaged (6ms)
			SetLoadedEditorAssemblies (5ms)
			RefreshPlugins (0ms)
			BeforeProcessingInitializeOnLoad (100ms)
			ProcessInitializeOnLoadAttributes (482ms)
			ProcessInitializeOnLoadMethodAttributes (24ms)
			AfterProcessingInitializeOnLoad (2ms)
			EditorAssembliesLoaded (0ms)
		ExecutionOrderSort2 (0ms)
		AwakeInstancesAfterBackupRestoration (6ms)
Refreshing native plugins compatible for Editor in 2.59 ms, found 3 plugins.
Preloading 0 native plugins for Editor in 0.00 ms.
Unloading 3578 Unused Serialized files (Serialized files now loaded: 0)
Unloading 14 unused Assets / (28.5 KB). Loaded Objects now: 4188.
Memory consumption went from 127.9 MB to 127.9 MB.
Total: 3.588400 ms (FindLiveObjects: 0.414300 ms CreateObjectMapping: 0.257400 ms MarkObjects: 2.875600 ms  DeleteObjects: 0.040100 ms)

Prepare: number of updated asset objects reloaded= 0
AssetImportParameters requested are different than current active one (requested -> active):
  custom:scripting/monoscript/fileName/RandomHitPlacer.cs: 0e520bb249608fd9a2ce5ff96c591009 -> 
  custom:container-demuxer-ogg: 62fdf1f143b41e24485cea50d1cbac27 -> 
  custom:scripting/monoscript/fileName/SpriteEditorWindow.cs: 1629bd700639d5abf7ee9c1a15128fda -> 
  custom:scripting/monoscript/fileName/SpriteRect.cs: 8da6d12a5fbd75a0eba31cfa62842428 -> 
  custom:scripting/monoscript/fileName/ISpriteEditorModule.cs: f35f8b8d39dcfd448fbbe9ea48566c2f -> 
  custom:video-decoder-ogg-theora: a1e56fd34408186e4bbccfd4996cb3dc -> 
  custom:scripting/monoscript/fileName/MenuItems.cs: 3ea3522373e3b4d2ef39113c39531efd -> 
  custom:scripting/monoscript/fileName/DefaultSpriteNameFileIdDataProvider.cs: cd965ed390b21ec0302c3211a9f903ff -> 
  custom:framework-win-MediaFoundation: 216162199b28c13a410421893ffa2e32 -> 
  custom:scripting/monoscript/fileName/PlayerInteract.cs: 73ffd8c360dbab24565d6c0e90133a24 -> 
  custom:scripting/monoscript/fileName/ShapeEditor.cs: 7eba0c642af179a392c34e527393b30b -> 
  custom:scripting/monoscript/fileName/SpritePolygonModeModule.cs: 8b4aa126b968b0772b9e20476364e690 -> 
  custom:scripting/precompiled-assembly-types:Unity.2D.Sprite.Editor: c80415e041d636416599f4ac20098905 -> 
  custom:scripting/monoscript/fileName/ItemCreationUtility.cs: d1c4ddba747ed633116f555c0d69ace7 -> 
  custom:CustomObjectIndexerAttribute: 9a22284fe3817be447336de3de66b15e -> 
  custom:scripting/monoscript/fileName/SpriteEditorHandles.cs: 8b78502b9b56b3c556563a6e935b52ad -> 
  custom:container-demuxer-webm: 4f35f7cbe854078d1ac9338744f61a02 -> 
  custom:scripting/monoscript/fileName/SpriteNameFileIdPair.cs: 8dab74045e538d5698ea3c4caed3e48c -> 
  custom:scripting/monoscript/fileName/IGL.cs: 8903f8a1304142ec1aefe33b7a4db28c -> 
  custom:scripting/monoscript/fileName/SpritePhysicsShapeModule.cs: 35688b9e178698712b557d50761dc7c2 -> 
  custom:scripting/monoscript/fileName/ITexture.cs: dbb4c87e1c028ce779185d5d3d566460 -> 
  custom:container-muxer-webm: aa71ff27fc2769a1b78a27578f13a17b -> 
  custom:scripting/monoscript/fileName/IEvent.cs: c25d501578d8ebe48d7b30415b0df4c5 -> 
  custom:video-decoder-webm-vp8: 9c59270c3fd7afecdb556c50c9e8de78 -> 
  custom:scripting/monoscript/fileName/SpriteOutlineModule.cs: 249fecf584323de7d2fd0b14e9a4944c -> 
  custom:SearchIndexIgnoredProperties: e643bd26f0fe6173181afceb89e7c659 -> 
  custom:AudioImporter_EditorPlatform: d09bf68614088b80899f8185d706f6e7 -> 
  custom:scripting/monoscript/fileName/SpriteEditorUtility.cs: 7e2d1f2cb427fd67c5461f9431375c3a -> 
  custom:scripting/monoscript/fileName/SpriteSecondaryTexturesModule.cs: 8f361de5bdfd731e220c415240ad033f -> 
  custom:scripting/monoscript/fileName/IGUIUtility.cs: cad79017f17454feb4e1799b1c42f87c -> 
  custom:scripting/monoscript/fileName/IHandles.cs: d2780a18a3844e49d490d68d5cb3d26a -> 
  custom:scripting/monoscript/fileName/TextureImporterDataProvider.cs: d68f5d5325387f4e38fdcf2610c72ce3 -> 
  custom:scripting/monoscript/fileName/SpriteEditorMenu.cs: f9042f312a91c162ede0d5de48225240 -> 
  custom:scripting/monoscript/fileName/ISpriteEditorDataProvider.cs: 4c01add71bf03a3e1afff21bbd534ee9 -> 
  custom:scripting/monoscript/fileName/IUndoSystem.cs: 841a069a843e48d57d362ca08bca21d4 -> 
  custom:scripting/monoscript/fileName/SpritePolygonModeModuleView.cs: db8ddbee5a89c636987047f4602001ef -> 
  custom:scripting/monoscript/fileName/SpriteEditorData.cs: 79e0d970ecf11ef3020398e38672548f -> 
  custom:video-encoder-webm-vp8: eb34c28f22e8b96e1ab97ce403110664 -> 
  custom:audio-decoder-ogg-vorbis: bf7c407c2cedff20999df2af8eb42d56 -> 
  custom:scripting/monoscript/fileName/SpriteEditorWindowSettings.cs: 8e59c26ada2085b3ebaa83fd01af70e3 -> 
  custom:scripting/monoscript/fileName/SpriteFrameModuleBaseView.cs: 72abaa53c3c1184e23d4d9a45f62d8c2 -> 
  custom:scripting/monoscript/fileName/IAssetDatabase.cs: c40b958675a6cd5b519fa6ca497fede4 -> 
  custom:scripting/monoscript/fileName/SpriteFrameModule.cs: f07011b3ec3622062bef733dc29fedf0 -> 
  custom:scripting/monoscript/fileName/ShapeEditorRectSelection.cs: 1696d724b33ef6168949bbdce78d19c6 -> 
  custom:scripting/monoscript/fileName/TextureImporterDataProviderImplementation.cs: ffb9fda6ca225aa106e9fa84455f4e60 -> 
  custom:audio-encoder-webm-vorbis: bf7c407c2cedff20999df2af8eb42d56 -> 
  custom:scripting/monoscript/fileName/SpriteUtilityWindow.cs: 4827aafd0c4d893166845eac1266c4ed -> 
  custom:scripting/monoscript/fileName/SpriteFrameModuleBase.cs: 82472910b376b3c28a6f5b31b28f5f51 -> 
  custom:scripting/precompiled-assembly-types:Assembly-CSharp: e8ed9741bcbf294b9c3e9b888859a665 -> 17fd4233e2971542c9b4d9c5fc8a1fc5
  custom:scripting/monoscript/fileName/SpriteFrameModuleView.cs: f07011b3ec3622062bef733dc29fedf0 -> 
========================================================================
Received Prepare
Caller must complete domain reload
Begin MonoManager ReloadAssembly
- Loaded All Assemblies, in  0.556 seconds
Native extension for WindowsStandalone target not found
Mono: successfully reloaded assembly
- Finished resetting the current domain, in  1.079 seconds
Domain Reload Profiling: 1635ms
	BeginReloadAssembly (184ms)
		ExecutionOrderSort (0ms)
		DisableScriptedObjects (5ms)
		BackupInstance (0ms)
		ReleaseScriptingObjects (0ms)
		CreateAndSetChildDomain (35ms)
	RebuildCommonClasses (31ms)
	RebuildNativeTypeToScriptingClass (10ms)
	initialDomainReloadingComplete (29ms)
	LoadAllAssembliesAndSetupDomain (302ms)
		LoadAssemblies (380ms)
		RebuildTransferFunctionScriptingTraits (0ms)
		AnalyzeDomain (34ms)
			TypeCache.Refresh (12ms)
				TypeCache.ScanAssembly (0ms)
			ScanForSourceGeneratedMonoScriptInfo (13ms)
			ResolveRequiredComponents (7ms)
	FinalizeReload (1080ms)
		ReleaseScriptCaches (0ms)
		RebuildScriptCaches (0ms)
		SetupLoadedEditorAssemblies (581ms)
			LogAssemblyErrors (0ms)
			InitializePlatformSupportModulesInManaged (5ms)
			SetLoadedEditorAssemblies (5ms)
			RefreshPlugins (0ms)
			BeforeProcessingInitializeOnLoad (112ms)
			ProcessInitializeOnLoadAttributes (432ms)
			ProcessInitializeOnLoadMethodAttributes (25ms)
			AfterProcessingInitializeOnLoad (2ms)
			EditorAssembliesLoaded (0ms)
		ExecutionOrderSort2 (0ms)
		AwakeInstancesAfterBackupRestoration (8ms)
Refreshing native plugins compatible for Editor in 2.62 ms, found 3 plugins.
Preloading 0 native plugins for Editor in 0.00 ms.
Unloading 3578 Unused Serialized files (Serialized files now loaded: 0)
Unloading 14 unused Assets / (28.5 KB). Loaded Objects now: 4191.
Memory consumption went from 127.9 MB to 127.9 MB.
Total: 2.904700 ms (FindLiveObjects: 0.303000 ms CreateObjectMapping: 0.247000 ms MarkObjects: 2.317000 ms  DeleteObjects: 0.036900 ms)

Prepare: number of updated asset objects reloaded= 0
AssetImportParameters requested are different than current active one (requested -> active):
  custom:scripting/monoscript/fileName/RandomHitPlacer.cs: 0e520bb249608fd9a2ce5ff96c591009 -> 
  custom:container-demuxer-ogg: 62fdf1f143b41e24485cea50d1cbac27 -> 
  custom:scripting/monoscript/fileName/SpriteEditorWindow.cs: 1629bd700639d5abf7ee9c1a15128fda -> 
  custom:scripting/monoscript/fileName/SpriteRect.cs: 8da6d12a5fbd75a0eba31cfa62842428 -> 
  custom:scripting/monoscript/fileName/ISpriteEditorModule.cs: f35f8b8d39dcfd448fbbe9ea48566c2f -> 
  custom:video-decoder-ogg-theora: a1e56fd34408186e4bbccfd4996cb3dc -> 
  custom:scripting/monoscript/fileName/MenuItems.cs: 3ea3522373e3b4d2ef39113c39531efd -> 
  custom:scripting/monoscript/fileName/DefaultSpriteNameFileIdDataProvider.cs: cd965ed390b21ec0302c3211a9f903ff -> 
  custom:framework-win-MediaFoundation: 216162199b28c13a410421893ffa2e32 -> 
  custom:scripting/monoscript/fileName/PlayerInteract.cs: 73ffd8c360dbab24565d6c0e90133a24 -> 
  custom:scripting/monoscript/fileName/ShapeEditor.cs: 7eba0c642af179a392c34e527393b30b -> 
  custom:scripting/monoscript/fileName/SpritePolygonModeModule.cs: 8b4aa126b968b0772b9e20476364e690 -> 
  custom:scripting/precompiled-assembly-types:Unity.2D.Sprite.Editor: c80415e041d636416599f4ac20098905 -> 
  custom:scripting/monoscript/fileName/ItemCreationUtility.cs: d1c4ddba747ed633116f555c0d69ace7 -> 
  custom:CustomObjectIndexerAttribute: 9a22284fe3817be447336de3de66b15e -> 
  custom:scripting/monoscript/fileName/SpriteEditorHandles.cs: 8b78502b9b56b3c556563a6e935b52ad -> 
  custom:container-demuxer-webm: 4f35f7cbe854078d1ac9338744f61a02 -> 
  custom:scripting/monoscript/fileName/SpriteNameFileIdPair.cs: 8dab74045e538d5698ea3c4caed3e48c -> 
  custom:scripting/monoscript/fileName/IGL.cs: 8903f8a1304142ec1aefe33b7a4db28c -> 
  custom:scripting/monoscript/fileName/SpritePhysicsShapeModule.cs: 35688b9e178698712b557d50761dc7c2 -> 
  custom:scripting/monoscript/fileName/ITexture.cs: dbb4c87e1c028ce779185d5d3d566460 -> 
  custom:container-muxer-webm: aa71ff27fc2769a1b78a27578f13a17b -> 
  custom:scripting/monoscript/fileName/IEvent.cs: c25d501578d8ebe48d7b30415b0df4c5 -> 
  custom:video-decoder-webm-vp8: 9c59270c3fd7afecdb556c50c9e8de78 -> 
  custom:scripting/monoscript/fileName/SpriteOutlineModule.cs: 249fecf584323de7d2fd0b14e9a4944c -> 
  custom:SearchIndexIgnoredProperties: e643bd26f0fe6173181afceb89e7c659 -> 
  custom:AudioImporter_EditorPlatform: d09bf68614088b80899f8185d706f6e7 -> 
  custom:scripting/monoscript/fileName/SpriteEditorUtility.cs: 7e2d1f2cb427fd67c5461f9431375c3a -> 
  custom:scripting/monoscript/fileName/SpriteSecondaryTexturesModule.cs: 8f361de5bdfd731e220c415240ad033f -> 
  custom:scripting/monoscript/fileName/IGUIUtility.cs: cad79017f17454feb4e1799b1c42f87c -> 
  custom:scripting/monoscript/fileName/IHandles.cs: d2780a18a3844e49d490d68d5cb3d26a -> 
  custom:scripting/monoscript/fileName/TextureImporterDataProvider.cs: d68f5d5325387f4e38fdcf2610c72ce3 -> 
  custom:scripting/monoscript/fileName/SpriteEditorMenu.cs: f9042f312a91c162ede0d5de48225240 -> 
  custom:scripting/monoscript/fileName/ISpriteEditorDataProvider.cs: 4c01add71bf03a3e1afff21bbd534ee9 -> 
  custom:scripting/monoscript/fileName/IUndoSystem.cs: 841a069a843e48d57d362ca08bca21d4 -> 
  custom:scripting/monoscript/fileName/SpritePolygonModeModuleView.cs: db8ddbee5a89c636987047f4602001ef -> 
  custom:scripting/monoscript/fileName/SpriteEditorData.cs: 79e0d970ecf11ef3020398e38672548f -> 
  custom:video-encoder-webm-vp8: eb34c28f22e8b96e1ab97ce403110664 -> 
  custom:audio-decoder-ogg-vorbis: bf7c407c2cedff20999df2af8eb42d56 -> 
  custom:scripting/monoscript/fileName/SpriteEditorWindowSettings.cs: 8e59c26ada2085b3ebaa83fd01af70e3 -> 
  custom:scripting/monoscript/fileName/SpriteFrameModuleBaseView.cs: 72abaa53c3c1184e23d4d9a45f62d8c2 -> 
  custom:scripting/monoscript/fileName/IAssetDatabase.cs: c40b958675a6cd5b519fa6ca497fede4 -> 
  custom:scripting/monoscript/fileName/SpriteFrameModule.cs: f07011b3ec3622062bef733dc29fedf0 -> 
  custom:scripting/monoscript/fileName/ShapeEditorRectSelection.cs: 1696d724b33ef6168949bbdce78d19c6 -> 
  custom:scripting/monoscript/fileName/TextureImporterDataProviderImplementation.cs: ffb9fda6ca225aa106e9fa84455f4e60 -> 
  custom:audio-encoder-webm-vorbis: bf7c407c2cedff20999df2af8eb42d56 -> 
  custom:scripting/monoscript/fileName/SpriteUtilityWindow.cs: 4827aafd0c4d893166845eac1266c4ed -> 
  custom:scripting/monoscript/fileName/SpriteFrameModuleBase.cs: 82472910b376b3c28a6f5b31b28f5f51 -> 
  custom:scripting/precompiled-assembly-types:Assembly-CSharp: e8ed9741bcbf294b9c3e9b888859a665 -> 17fd4233e2971542c9b4d9c5fc8a1fc5
  custom:scripting/monoscript/fileName/SpriteFrameModuleView.cs: f07011b3ec3622062bef733dc29fedf0 -> 
========================================================================
Received Prepare
Caller must complete domain reload
Begin MonoManager ReloadAssembly
- Loaded All Assemblies, in  0.528 seconds
Native extension for WindowsStandalone target not found
Mono: successfully reloaded assembly
- Finished resetting the current domain, in  1.083 seconds
Domain Reload Profiling: 1610ms
	BeginReloadAssembly (175ms)
		ExecutionOrderSort (0ms)
		DisableScriptedObjects (5ms)
		BackupInstance (0ms)
		ReleaseScriptingObjects (0ms)
		CreateAndSetChildDomain (39ms)
	RebuildCommonClasses (31ms)
	RebuildNativeTypeToScriptingClass (10ms)
	initialDomainReloadingComplete (25ms)
	LoadAllAssembliesAndSetupDomain (286ms)
		LoadAssemblies (357ms)
		RebuildTransferFunctionScriptingTraits (0ms)
		AnalyzeDomain (32ms)
			TypeCache.Refresh (11ms)
				TypeCache.ScanAssembly (0ms)
			ScanForSourceGeneratedMonoScriptInfo (13ms)
			ResolveRequiredComponents (6ms)
	FinalizeReload (1083ms)
		ReleaseScriptCaches (0ms)
		RebuildScriptCaches (0ms)
		SetupLoadedEditorAssemblies (567ms)
			LogAssemblyErrors (0ms)
			InitializePlatformSupportModulesInManaged (5ms)
			SetLoadedEditorAssemblies (6ms)
			RefreshPlugins (0ms)
			BeforeProcessingInitializeOnLoad (97ms)
			ProcessInitializeOnLoadAttributes (437ms)
			ProcessInitializeOnLoadMethodAttributes (21ms)
			AfterProcessingInitializeOnLoad (2ms)
			EditorAssembliesLoaded (0ms)
		ExecutionOrderSort2 (0ms)
		AwakeInstancesAfterBackupRestoration (7ms)
Refreshing native plugins compatible for Editor in 3.69 ms, found 3 plugins.
Preloading 0 native plugins for Editor in 0.00 ms.
Unloading 3578 Unused Serialized files (Serialized files now loaded: 0)
Unloading 14 unused Assets / (28.6 KB). Loaded Objects now: 4194.
Memory consumption went from 127.9 MB to 127.9 MB.
Total: 3.173500 ms (FindLiveObjects: 0.320500 ms CreateObjectMapping: 0.215900 ms MarkObjects: 2.579800 ms  DeleteObjects: 0.056100 ms)

Prepare: number of updated asset objects reloaded= 0
AssetImportParameters requested are different than current active one (requested -> active):
  custom:scripting/monoscript/fileName/RandomHitPlacer.cs: 0e520bb249608fd9a2ce5ff96c591009 -> 
  custom:container-demuxer-ogg: 62fdf1f143b41e24485cea50d1cbac27 -> 
  custom:scripting/monoscript/fileName/SpriteEditorWindow.cs: 1629bd700639d5abf7ee9c1a15128fda -> 
  custom:scripting/monoscript/fileName/SpriteRect.cs: 8da6d12a5fbd75a0eba31cfa62842428 -> 
  custom:scripting/monoscript/fileName/ISpriteEditorModule.cs: f35f8b8d39dcfd448fbbe9ea48566c2f -> 
  custom:video-decoder-ogg-theora: a1e56fd34408186e4bbccfd4996cb3dc -> 
  custom:scripting/monoscript/fileName/MenuItems.cs: 3ea3522373e3b4d2ef39113c39531efd -> 
  custom:scripting/monoscript/fileName/DefaultSpriteNameFileIdDataProvider.cs: cd965ed390b21ec0302c3211a9f903ff -> 
  custom:framework-win-MediaFoundation: 216162199b28c13a410421893ffa2e32 -> 
  custom:scripting/monoscript/fileName/PlayerInteract.cs: 73ffd8c360dbab24565d6c0e90133a24 -> 
  custom:scripting/monoscript/fileName/ShapeEditor.cs: 7eba0c642af179a392c34e527393b30b -> 
  custom:scripting/monoscript/fileName/SpritePolygonModeModule.cs: 8b4aa126b968b0772b9e20476364e690 -> 
  custom:scripting/precompiled-assembly-types:Unity.2D.Sprite.Editor: c80415e041d636416599f4ac20098905 -> 
  custom:scripting/monoscript/fileName/ItemCreationUtility.cs: d1c4ddba747ed633116f555c0d69ace7 -> 
  custom:CustomObjectIndexerAttribute: 9a22284fe3817be447336de3de66b15e -> 
  custom:scripting/monoscript/fileName/SpriteEditorHandles.cs: 8b78502b9b56b3c556563a6e935b52ad -> 
  custom:container-demuxer-webm: 4f35f7cbe854078d1ac9338744f61a02 -> 
  custom:scripting/monoscript/fileName/SpriteNameFileIdPair.cs: 8dab74045e538d5698ea3c4caed3e48c -> 
  custom:scripting/monoscript/fileName/IGL.cs: 8903f8a1304142ec1aefe33b7a4db28c -> 
  custom:scripting/monoscript/fileName/SpritePhysicsShapeModule.cs: 35688b9e178698712b557d50761dc7c2 -> 
  custom:scripting/monoscript/fileName/ITexture.cs: dbb4c87e1c028ce779185d5d3d566460 -> 
  custom:container-muxer-webm: aa71ff27fc2769a1b78a27578f13a17b -> 
  custom:scripting/monoscript/fileName/IEvent.cs: c25d501578d8ebe48d7b30415b0df4c5 -> 
  custom:video-decoder-webm-vp8: 9c59270c3fd7afecdb556c50c9e8de78 -> 
  custom:scripting/monoscript/fileName/SpriteOutlineModule.cs: 249fecf584323de7d2fd0b14e9a4944c -> 
  custom:SearchIndexIgnoredProperties: e643bd26f0fe6173181afceb89e7c659 -> 
  custom:AudioImporter_EditorPlatform: d09bf68614088b80899f8185d706f6e7 -> 
  custom:scripting/monoscript/fileName/SpriteEditorUtility.cs: 7e2d1f2cb427fd67c5461f9431375c3a -> 
  custom:scripting/monoscript/fileName/SpriteSecondaryTexturesModule.cs: 8f361de5bdfd731e220c415240ad033f -> 
  custom:scripting/monoscript/fileName/IGUIUtility.cs: cad79017f17454feb4e1799b1c42f87c -> 
  custom:scripting/monoscript/fileName/IHandles.cs: d2780a18a3844e49d490d68d5cb3d26a -> 
  custom:scripting/monoscript/fileName/TextureImporterDataProvider.cs: d68f5d5325387f4e38fdcf2610c72ce3 -> 
  custom:scripting/monoscript/fileName/SpriteEditorMenu.cs: f9042f312a91c162ede0d5de48225240 -> 
  custom:scripting/monoscript/fileName/ISpriteEditorDataProvider.cs: 4c01add71bf03a3e1afff21bbd534ee9 -> 
  custom:scripting/monoscript/fileName/IUndoSystem.cs: 841a069a843e48d57d362ca08bca21d4 -> 
  custom:scripting/monoscript/fileName/SpritePolygonModeModuleView.cs: db8ddbee5a89c636987047f4602001ef -> 
  custom:scripting/monoscript/fileName/SpriteEditorData.cs: 79e0d970ecf11ef3020398e38672548f -> 
  custom:video-encoder-webm-vp8: eb34c28f22e8b96e1ab97ce403110664 -> 
  custom:audio-decoder-ogg-vorbis: bf7c407c2cedff20999df2af8eb42d56 -> 
  custom:scripting/monoscript/fileName/SpriteEditorWindowSettings.cs: 8e59c26ada2085b3ebaa83fd01af70e3 -> 
  custom:scripting/monoscript/fileName/SpriteFrameModuleBaseView.cs: 72abaa53c3c1184e23d4d9a45f62d8c2 -> 
  custom:scripting/monoscript/fileName/IAssetDatabase.cs: c40b958675a6cd5b519fa6ca497fede4 -> 
  custom:scripting/monoscript/fileName/SpriteFrameModule.cs: f07011b3ec3622062bef733dc29fedf0 -> 
  custom:scripting/monoscript/fileName/ShapeEditorRectSelection.cs: 1696d724b33ef6168949bbdce78d19c6 -> 
  custom:scripting/monoscript/fileName/TextureImporterDataProviderImplementation.cs: ffb9fda6ca225aa106e9fa84455f4e60 -> 
  custom:audio-encoder-webm-vorbis: bf7c407c2cedff20999df2af8eb42d56 -> 
  custom:scripting/monoscript/fileName/SpriteUtilityWindow.cs: 4827aafd0c4d893166845eac1266c4ed -> 
  custom:scripting/monoscript/fileName/SpriteFrameModuleBase.cs: 82472910b376b3c28a6f5b31b28f5f51 -> 
  custom:scripting/precompiled-assembly-types:Assembly-CSharp: e8ed9741bcbf294b9c3e9b888859a665 -> 17fd4233e2971542c9b4d9c5fc8a1fc5
  custom:scripting/monoscript/fileName/SpriteFrameModuleView.cs: f07011b3ec3622062bef733dc29fedf0 -> 
========================================================================
Received Prepare
Caller must complete domain reload
Begin MonoManager ReloadAssembly
- Loaded All Assemblies, in  0.497 seconds
Native extension for WindowsStandalone target not found
Mono: successfully reloaded assembly
- Finished resetting the current domain, in  1.185 seconds
Domain Reload Profiling: 1682ms
	BeginReloadAssembly (173ms)
		ExecutionOrderSort (0ms)
		DisableScriptedObjects (5ms)
		BackupInstance (0ms)
		ReleaseScriptingObjects (0ms)
		CreateAndSetChildDomain (34ms)
	RebuildCommonClasses (32ms)
	RebuildNativeTypeToScriptingClass (11ms)
	initialDomainReloadingComplete (25ms)
	LoadAllAssembliesAndSetupDomain (255ms)
		LoadAssemblies (333ms)
		RebuildTransferFunctionScriptingTraits (0ms)
		AnalyzeDomain (22ms)
			TypeCache.Refresh (13ms)
				TypeCache.ScanAssembly (0ms)
			ScanForSourceGeneratedMonoScriptInfo (0ms)
			ResolveRequiredComponents (7ms)
	FinalizeReload (1186ms)
		ReleaseScriptCaches (0ms)
		RebuildScriptCaches (0ms)
		SetupLoadedEditorAssemblies (650ms)
			LogAssemblyErrors (0ms)
			InitializePlatformSupportModulesInManaged (6ms)
			SetLoadedEditorAssemblies (6ms)
			RefreshPlugins (0ms)
			BeforeProcessingInitializeOnLoad (112ms)
			ProcessInitializeOnLoadAttributes (489ms)
			ProcessInitializeOnLoadMethodAttributes (31ms)
			AfterProcessingInitializeOnLoad (5ms)
			EditorAssembliesLoaded (0ms)
		ExecutionOrderSort2 (0ms)
		AwakeInstancesAfterBackupRestoration (6ms)
Refreshing native plugins compatible for Editor in 2.83 ms, found 3 plugins.
Preloading 0 native plugins for Editor in 0.00 ms.
Unloading 3578 Unused Serialized files (Serialized files now loaded: 0)
Unloading 14 unused Assets / (28.6 KB). Loaded Objects now: 4197.
Memory consumption went from 127.9 MB to 127.9 MB.
Total: 5.489500 ms (FindLiveObjects: 0.348600 ms CreateObjectMapping: 2.169300 ms MarkObjects: 2.932000 ms  DeleteObjects: 0.038600 ms)

Prepare: number of updated asset objects reloaded= 0
AssetImportParameters requested are different than current active one (requested -> active):
  custom:scripting/monoscript/fileName/RandomHitPlacer.cs: 0e520bb249608fd9a2ce5ff96c591009 -> 
  custom:container-demuxer-ogg: 62fdf1f143b41e24485cea50d1cbac27 -> 
  custom:scripting/monoscript/fileName/SpriteEditorWindow.cs: 1629bd700639d5abf7ee9c1a15128fda -> 
  custom:scripting/monoscript/fileName/SpriteRect.cs: 8da6d12a5fbd75a0eba31cfa62842428 -> 
  custom:scripting/monoscript/fileName/ISpriteEditorModule.cs: f35f8b8d39dcfd448fbbe9ea48566c2f -> 
  custom:video-decoder-ogg-theora: a1e56fd34408186e4bbccfd4996cb3dc -> 
  custom:scripting/monoscript/fileName/MenuItems.cs: 3ea3522373e3b4d2ef39113c39531efd -> 
  custom:scripting/monoscript/fileName/DefaultSpriteNameFileIdDataProvider.cs: cd965ed390b21ec0302c3211a9f903ff -> 
  custom:framework-win-MediaFoundation: 216162199b28c13a410421893ffa2e32 -> 
  custom:scripting/monoscript/fileName/PlayerInteract.cs: 73ffd8c360dbab24565d6c0e90133a24 -> 
  custom:scripting/monoscript/fileName/ShapeEditor.cs: 7eba0c642af179a392c34e527393b30b -> 
  custom:scripting/monoscript/fileName/SpritePolygonModeModule.cs: 8b4aa126b968b0772b9e20476364e690 -> 
  custom:scripting/precompiled-assembly-types:Unity.2D.Sprite.Editor: c80415e041d636416599f4ac20098905 -> 
  custom:scripting/monoscript/fileName/ItemCreationUtility.cs: d1c4ddba747ed633116f555c0d69ace7 -> 
  custom:CustomObjectIndexerAttribute: 9a22284fe3817be447336de3de66b15e -> 
  custom:scripting/monoscript/fileName/SpriteEditorHandles.cs: 8b78502b9b56b3c556563a6e935b52ad -> 
  custom:container-demuxer-webm: 4f35f7cbe854078d1ac9338744f61a02 -> 
  custom:scripting/monoscript/fileName/SpriteNameFileIdPair.cs: 8dab74045e538d5698ea3c4caed3e48c -> 
  custom:scripting/monoscript/fileName/IGL.cs: 8903f8a1304142ec1aefe33b7a4db28c -> 
  custom:scripting/monoscript/fileName/SpritePhysicsShapeModule.cs: 35688b9e178698712b557d50761dc7c2 -> 
  custom:scripting/monoscript/fileName/ITexture.cs: dbb4c87e1c028ce779185d5d3d566460 -> 
  custom:container-muxer-webm: aa71ff27fc2769a1b78a27578f13a17b -> 
  custom:scripting/monoscript/fileName/IEvent.cs: c25d501578d8ebe48d7b30415b0df4c5 -> 
  custom:video-decoder-webm-vp8: 9c59270c3fd7afecdb556c50c9e8de78 -> 
  custom:scripting/monoscript/fileName/SpriteOutlineModule.cs: 249fecf584323de7d2fd0b14e9a4944c -> 
  custom:SearchIndexIgnoredProperties: e643bd26f0fe6173181afceb89e7c659 -> 
  custom:AudioImporter_EditorPlatform: d09bf68614088b80899f8185d706f6e7 -> 
  custom:scripting/monoscript/fileName/SpriteEditorUtility.cs: 7e2d1f2cb427fd67c5461f9431375c3a -> 
  custom:scripting/monoscript/fileName/SpriteSecondaryTexturesModule.cs: 8f361de5bdfd731e220c415240ad033f -> 
  custom:scripting/monoscript/fileName/IGUIUtility.cs: cad79017f17454feb4e1799b1c42f87c -> 
  custom:scripting/monoscript/fileName/IHandles.cs: d2780a18a3844e49d490d68d5cb3d26a -> 
  custom:scripting/monoscript/fileName/TextureImporterDataProvider.cs: d68f5d5325387f4e38fdcf2610c72ce3 -> 
  custom:scripting/monoscript/fileName/SpriteEditorMenu.cs: f9042f312a91c162ede0d5de48225240 -> 
  custom:scripting/monoscript/fileName/ISpriteEditorDataProvider.cs: 4c01add71bf03a3e1afff21bbd534ee9 -> 
  custom:scripting/monoscript/fileName/IUndoSystem.cs: 841a069a843e48d57d362ca08bca21d4 -> 
  custom:scripting/monoscript/fileName/SpritePolygonModeModuleView.cs: db8ddbee5a89c636987047f4602001ef -> 
  custom:scripting/monoscript/fileName/SpriteEditorData.cs: 79e0d970ecf11ef3020398e38672548f -> 
  custom:video-encoder-webm-vp8: eb34c28f22e8b96e1ab97ce403110664 -> 
  custom:audio-decoder-ogg-vorbis: bf7c407c2cedff20999df2af8eb42d56 -> 
  custom:scripting/monoscript/fileName/SpriteEditorWindowSettings.cs: 8e59c26ada2085b3ebaa83fd01af70e3 -> 
  custom:scripting/monoscript/fileName/SpriteFrameModuleBaseView.cs: 72abaa53c3c1184e23d4d9a45f62d8c2 -> 
  custom:scripting/monoscript/fileName/IAssetDatabase.cs: c40b958675a6cd5b519fa6ca497fede4 -> 
  custom:scripting/monoscript/fileName/SpriteFrameModule.cs: f07011b3ec3622062bef733dc29fedf0 -> 
  custom:scripting/monoscript/fileName/ShapeEditorRectSelection.cs: 1696d724b33ef6168949bbdce78d19c6 -> 
  custom:scripting/monoscript/fileName/TextureImporterDataProviderImplementation.cs: ffb9fda6ca225aa106e9fa84455f4e60 -> 
  custom:audio-encoder-webm-vorbis: bf7c407c2cedff20999df2af8eb42d56 -> 
  custom:scripting/monoscript/fileName/SpriteUtilityWindow.cs: 4827aafd0c4d893166845eac1266c4ed -> 
  custom:scripting/monoscript/fileName/SpriteFrameModuleBase.cs: 82472910b376b3c28a6f5b31b28f5f51 -> 
  custom:scripting/precompiled-assembly-types:Assembly-CSharp: e8ed9741bcbf294b9c3e9b888859a665 -> 17fd4233e2971542c9b4d9c5fc8a1fc5
  custom:scripting/monoscript/fileName/SpriteFrameModuleView.cs: f07011b3ec3622062bef733dc29fedf0 -> 
========================================================================
Received Prepare
Caller must complete domain reload
Begin MonoManager ReloadAssembly
- Loaded All Assemblies, in  0.542 seconds
Native extension for WindowsStandalone target not found
Mono: successfully reloaded assembly
- Finished resetting the current domain, in  1.102 seconds
Domain Reload Profiling: 1644ms
	BeginReloadAssembly (183ms)
		ExecutionOrderSort (0ms)
		DisableScriptedObjects (7ms)
		BackupInstance (0ms)
		ReleaseScriptingObjects (0ms)
		CreateAndSetChildDomain (37ms)
	RebuildCommonClasses (48ms)
	RebuildNativeTypeToScriptingClass (10ms)
	initialDomainReloadingComplete (26ms)
	LoadAllAssembliesAndSetupDomain (275ms)
		LoadAssemblies (350ms)
		RebuildTransferFunctionScriptingTraits (0ms)
		AnalyzeDomain (35ms)
			TypeCache.Refresh (12ms)
				TypeCache.ScanAssembly (0ms)
			ScanForSourceGeneratedMonoScriptInfo (14ms)
			ResolveRequiredComponents (5ms)
	FinalizeReload (1102ms)
		ReleaseScriptCaches (0ms)
		RebuildScriptCaches (0ms)
		SetupLoadedEditorAssemblies (576ms)
			LogAssemblyErrors (0ms)
			InitializePlatformSupportModulesInManaged (5ms)
			SetLoadedEditorAssemblies (6ms)
			RefreshPlugins (0ms)
			BeforeProcessingInitializeOnLoad (94ms)
			ProcessInitializeOnLoadAttributes (444ms)
			ProcessInitializeOnLoadMethodAttributes (25ms)
			AfterProcessingInitializeOnLoad (2ms)
			EditorAssembliesLoaded (0ms)
		ExecutionOrderSort2 (0ms)
		AwakeInstancesAfterBackupRestoration (6ms)
Refreshing native plugins compatible for Editor in 2.42 ms, found 3 plugins.
Preloading 0 native plugins for Editor in 0.00 ms.
Unloading 3578 Unused Serialized files (Serialized files now loaded: 0)
Unloading 14 unused Assets / (28.6 KB). Loaded Objects now: 4200.
Memory consumption went from 127.9 MB to 127.9 MB.
Total: 2.902800 ms (FindLiveObjects: 0.295100 ms CreateObjectMapping: 0.187900 ms MarkObjects: 2.387500 ms  DeleteObjects: 0.031500 ms)

Prepare: number of updated asset objects reloaded= 0
AssetImportParameters requested are different than current active one (requested -> active):
  custom:scripting/monoscript/fileName/RandomHitPlacer.cs: 0e520bb249608fd9a2ce5ff96c591009 -> 
  custom:container-demuxer-ogg: 62fdf1f143b41e24485cea50d1cbac27 -> 
  custom:scripting/monoscript/fileName/SpriteEditorWindow.cs: 1629bd700639d5abf7ee9c1a15128fda -> 
  custom:scripting/monoscript/fileName/SpriteRect.cs: 8da6d12a5fbd75a0eba31cfa62842428 -> 
  custom:scripting/monoscript/fileName/ISpriteEditorModule.cs: f35f8b8d39dcfd448fbbe9ea48566c2f -> 
  custom:video-decoder-ogg-theora: a1e56fd34408186e4bbccfd4996cb3dc -> 
  custom:scripting/monoscript/fileName/MenuItems.cs: 3ea3522373e3b4d2ef39113c39531efd -> 
  custom:scripting/monoscript/fileName/DefaultSpriteNameFileIdDataProvider.cs: cd965ed390b21ec0302c3211a9f903ff -> 
  custom:framework-win-MediaFoundation: 216162199b28c13a410421893ffa2e32 -> 
  custom:scripting/monoscript/fileName/PlayerInteract.cs: 73ffd8c360dbab24565d6c0e90133a24 -> 
  custom:scripting/monoscript/fileName/ShapeEditor.cs: 7eba0c642af179a392c34e527393b30b -> 
  custom:scripting/monoscript/fileName/SpritePolygonModeModule.cs: 8b4aa126b968b0772b9e20476364e690 -> 
  custom:scripting/precompiled-assembly-types:Unity.2D.Sprite.Editor: c80415e041d636416599f4ac20098905 -> 
  custom:scripting/monoscript/fileName/ItemCreationUtility.cs: d1c4ddba747ed633116f555c0d69ace7 -> 
  custom:CustomObjectIndexerAttribute: 9a22284fe3817be447336de3de66b15e -> 
  custom:scripting/monoscript/fileName/SpriteEditorHandles.cs: 8b78502b9b56b3c556563a6e935b52ad -> 
  custom:container-demuxer-webm: 4f35f7cbe854078d1ac9338744f61a02 -> 
  custom:scripting/monoscript/fileName/SpriteNameFileIdPair.cs: 8dab74045e538d5698ea3c4caed3e48c -> 
  custom:scripting/monoscript/fileName/IGL.cs: 8903f8a1304142ec1aefe33b7a4db28c -> 
  custom:scripting/monoscript/fileName/SpritePhysicsShapeModule.cs: 35688b9e178698712b557d50761dc7c2 -> 
  custom:scripting/monoscript/fileName/ITexture.cs: dbb4c87e1c028ce779185d5d3d566460 -> 
  custom:container-muxer-webm: aa71ff27fc2769a1b78a27578f13a17b -> 
  custom:scripting/monoscript/fileName/IEvent.cs: c25d501578d8ebe48d7b30415b0df4c5 -> 
  custom:video-decoder-webm-vp8: 9c59270c3fd7afecdb556c50c9e8de78 -> 
  custom:scripting/monoscript/fileName/SpriteOutlineModule.cs: 249fecf584323de7d2fd0b14e9a4944c -> 
  custom:SearchIndexIgnoredProperties: e643bd26f0fe6173181afceb89e7c659 -> 
  custom:AudioImporter_EditorPlatform: d09bf68614088b80899f8185d706f6e7 -> 
  custom:scripting/monoscript/fileName/SpriteEditorUtility.cs: 7e2d1f2cb427fd67c5461f9431375c3a -> 
  custom:scripting/monoscript/fileName/SpriteSecondaryTexturesModule.cs: 8f361de5bdfd731e220c415240ad033f -> 
  custom:scripting/monoscript/fileName/IGUIUtility.cs: cad79017f17454feb4e1799b1c42f87c -> 
  custom:scripting/monoscript/fileName/IHandles.cs: d2780a18a3844e49d490d68d5cb3d26a -> 
  custom:scripting/monoscript/fileName/TextureImporterDataProvider.cs: d68f5d5325387f4e38fdcf2610c72ce3 -> 
  custom:scripting/monoscript/fileName/SpriteEditorMenu.cs: f9042f312a91c162ede0d5de48225240 -> 
  custom:scripting/monoscript/fileName/ISpriteEditorDataProvider.cs: 4c01add71bf03a3e1afff21bbd534ee9 -> 
  custom:scripting/monoscript/fileName/IUndoSystem.cs: 841a069a843e48d57d362ca08bca21d4 -> 
  custom:scripting/monoscript/fileName/SpritePolygonModeModuleView.cs: db8ddbee5a89c636987047f4602001ef -> 
  custom:scripting/monoscript/fileName/SpriteEditorData.cs: 79e0d970ecf11ef3020398e38672548f -> 
  custom:video-encoder-webm-vp8: eb34c28f22e8b96e1ab97ce403110664 -> 
  custom:audio-decoder-ogg-vorbis: bf7c407c2cedff20999df2af8eb42d56 -> 
  custom:scripting/monoscript/fileName/SpriteEditorWindowSettings.cs: 8e59c26ada2085b3ebaa83fd01af70e3 -> 
  custom:scripting/monoscript/fileName/SpriteFrameModuleBaseView.cs: 72abaa53c3c1184e23d4d9a45f62d8c2 -> 
  custom:scripting/monoscript/fileName/IAssetDatabase.cs: c40b958675a6cd5b519fa6ca497fede4 -> 
  custom:scripting/monoscript/fileName/SpriteFrameModule.cs: f07011b3ec3622062bef733dc29fedf0 -> 
  custom:scripting/monoscript/fileName/ShapeEditorRectSelection.cs: 1696d724b33ef6168949bbdce78d19c6 -> 
  custom:scripting/monoscript/fileName/TextureImporterDataProviderImplementation.cs: ffb9fda6ca225aa106e9fa84455f4e60 -> 
  custom:audio-encoder-webm-vorbis: bf7c407c2cedff20999df2af8eb42d56 -> 
  custom:scripting/monoscript/fileName/SpriteUtilityWindow.cs: 4827aafd0c4d893166845eac1266c4ed -> 
  custom:scripting/monoscript/fileName/SpriteFrameModuleBase.cs: 82472910b376b3c28a6f5b31b28f5f51 -> 
  custom:scripting/precompiled-assembly-types:Assembly-CSharp: e8ed9741bcbf294b9c3e9b888859a665 -> 17fd4233e2971542c9b4d9c5fc8a1fc5
  custom:scripting/monoscript/fileName/SpriteFrameModuleView.cs: f07011b3ec3622062bef733dc29fedf0 -> 
========================================================================
Received Prepare
Caller must complete domain reload
Begin MonoManager ReloadAssembly
- Loaded All Assemblies, in  0.544 seconds
Native extension for WindowsStandalone target not found
Mono: successfully reloaded assembly
- Finished resetting the current domain, in  1.162 seconds
Domain Reload Profiling: 1707ms
	BeginReloadAssembly (183ms)
		ExecutionOrderSort (0ms)
		DisableScriptedObjects (7ms)
		BackupInstance (0ms)
		ReleaseScriptingObjects (0ms)
		CreateAndSetChildDomain (36ms)
	RebuildCommonClasses (71ms)
	RebuildNativeTypeToScriptingClass (24ms)
	initialDomainReloadingComplete (25ms)
	LoadAllAssembliesAndSetupDomain (240ms)
		LoadAssemblies (328ms)
		RebuildTransferFunctionScriptingTraits (0ms)
		AnalyzeDomain (19ms)
			TypeCache.Refresh (10ms)
				TypeCache.ScanAssembly (0ms)
			ScanForSourceGeneratedMonoScriptInfo (0ms)
			ResolveRequiredComponents (8ms)
	FinalizeReload (1163ms)
		ReleaseScriptCaches (0ms)
		RebuildScriptCaches (0ms)
		SetupLoadedEditorAssemblies (629ms)
			LogAssemblyErrors (0ms)
			InitializePlatformSupportModulesInManaged (6ms)
			SetLoadedEditorAssemblies (6ms)
			RefreshPlugins (0ms)
			BeforeProcessingInitializeOnLoad (109ms)
			ProcessInitializeOnLoadAttributes (476ms)
			ProcessInitializeOnLoadMethodAttributes (27ms)
			AfterProcessingInitializeOnLoad (5ms)
			EditorAssembliesLoaded (1ms)
		ExecutionOrderSort2 (0ms)
		AwakeInstancesAfterBackupRestoration (6ms)
Refreshing native plugins compatible for Editor in 4.47 ms, found 3 plugins.
Preloading 0 native plugins for Editor in 0.00 ms.
Unloading 3578 Unused Serialized files (Serialized files now loaded: 0)
Unloading 14 unused Assets / (28.6 KB). Loaded Objects now: 4203.
Memory consumption went from 127.9 MB to 127.9 MB.
Total: 2.817800 ms (FindLiveObjects: 0.295500 ms CreateObjectMapping: 0.217500 ms MarkObjects: 2.267600 ms  DeleteObjects: 0.036400 ms)

Prepare: number of updated asset objects reloaded= 0
AssetImportParameters requested are different than current active one (requested -> active):
  custom:scripting/monoscript/fileName/RandomHitPlacer.cs: 0e520bb249608fd9a2ce5ff96c591009 -> 
  custom:container-demuxer-ogg: 62fdf1f143b41e24485cea50d1cbac27 -> 
  custom:scripting/monoscript/fileName/SpriteEditorWindow.cs: 1629bd700639d5abf7ee9c1a15128fda -> 
  custom:scripting/monoscript/fileName/SpriteRect.cs: 8da6d12a5fbd75a0eba31cfa62842428 -> 
  custom:scripting/monoscript/fileName/ISpriteEditorModule.cs: f35f8b8d39dcfd448fbbe9ea48566c2f -> 
  custom:video-decoder-ogg-theora: a1e56fd34408186e4bbccfd4996cb3dc -> 
  custom:scripting/monoscript/fileName/MenuItems.cs: 3ea3522373e3b4d2ef39113c39531efd -> 
  custom:scripting/monoscript/fileName/DefaultSpriteNameFileIdDataProvider.cs: cd965ed390b21ec0302c3211a9f903ff -> 
  custom:framework-win-MediaFoundation: 216162199b28c13a410421893ffa2e32 -> 
  custom:scripting/monoscript/fileName/PlayerInteract.cs: 73ffd8c360dbab24565d6c0e90133a24 -> 
  custom:scripting/monoscript/fileName/ShapeEditor.cs: 7eba0c642af179a392c34e527393b30b -> 
  custom:scripting/monoscript/fileName/SpritePolygonModeModule.cs: 8b4aa126b968b0772b9e20476364e690 -> 
  custom:scripting/precompiled-assembly-types:Unity.2D.Sprite.Editor: c80415e041d636416599f4ac20098905 -> 
  custom:scripting/monoscript/fileName/ItemCreationUtility.cs: d1c4ddba747ed633116f555c0d69ace7 -> 
  custom:CustomObjectIndexerAttribute: 9a22284fe3817be447336de3de66b15e -> 
  custom:scripting/monoscript/fileName/SpriteEditorHandles.cs: 8b78502b9b56b3c556563a6e935b52ad -> 
  custom:container-demuxer-webm: 4f35f7cbe854078d1ac9338744f61a02 -> 
  custom:scripting/monoscript/fileName/SpriteNameFileIdPair.cs: 8dab74045e538d5698ea3c4caed3e48c -> 
  custom:scripting/monoscript/fileName/IGL.cs: 8903f8a1304142ec1aefe33b7a4db28c -> 
  custom:scripting/monoscript/fileName/SpritePhysicsShapeModule.cs: 35688b9e178698712b557d50761dc7c2 -> 
  custom:scripting/monoscript/fileName/ITexture.cs: dbb4c87e1c028ce779185d5d3d566460 -> 
  custom:container-muxer-webm: aa71ff27fc2769a1b78a27578f13a17b -> 
  custom:scripting/monoscript/fileName/IEvent.cs: c25d501578d8ebe48d7b30415b0df4c5 -> 
  custom:video-decoder-webm-vp8: 9c59270c3fd7afecdb556c50c9e8de78 -> 
  custom:scripting/monoscript/fileName/SpriteOutlineModule.cs: 249fecf584323de7d2fd0b14e9a4944c -> 
  custom:SearchIndexIgnoredProperties: e643bd26f0fe6173181afceb89e7c659 -> 
  custom:AudioImporter_EditorPlatform: d09bf68614088b80899f8185d706f6e7 -> 
  custom:scripting/monoscript/fileName/SpriteEditorUtility.cs: 7e2d1f2cb427fd67c5461f9431375c3a -> 
  custom:scripting/monoscript/fileName/SpriteSecondaryTexturesModule.cs: 8f361de5bdfd731e220c415240ad033f -> 
  custom:scripting/monoscript/fileName/IGUIUtility.cs: cad79017f17454feb4e1799b1c42f87c -> 
  custom:scripting/monoscript/fileName/IHandles.cs: d2780a18a3844e49d490d68d5cb3d26a -> 
  custom:scripting/monoscript/fileName/TextureImporterDataProvider.cs: d68f5d5325387f4e38fdcf2610c72ce3 -> 
  custom:scripting/monoscript/fileName/SpriteEditorMenu.cs: f9042f312a91c162ede0d5de48225240 -> 
  custom:scripting/monoscript/fileName/ISpriteEditorDataProvider.cs: 4c01add71bf03a3e1afff21bbd534ee9 -> 
  custom:scripting/monoscript/fileName/IUndoSystem.cs: 841a069a843e48d57d362ca08bca21d4 -> 
  custom:scripting/monoscript/fileName/SpritePolygonModeModuleView.cs: db8ddbee5a89c636987047f4602001ef -> 
  custom:scripting/monoscript/fileName/SpriteEditorData.cs: 79e0d970ecf11ef3020398e38672548f -> 
  custom:video-encoder-webm-vp8: eb34c28f22e8b96e1ab97ce403110664 -> 
  custom:audio-decoder-ogg-vorbis: bf7c407c2cedff20999df2af8eb42d56 -> 
  custom:scripting/monoscript/fileName/SpriteEditorWindowSettings.cs: 8e59c26ada2085b3ebaa83fd01af70e3 -> 
  custom:scripting/monoscript/fileName/SpriteFrameModuleBaseView.cs: 72abaa53c3c1184e23d4d9a45f62d8c2 -> 
  custom:scripting/monoscript/fileName/IAssetDatabase.cs: c40b958675a6cd5b519fa6ca497fede4 -> 
  custom:scripting/monoscript/fileName/SpriteFrameModule.cs: f07011b3ec3622062bef733dc29fedf0 -> 
  custom:scripting/monoscript/fileName/ShapeEditorRectSelection.cs: 1696d724b33ef6168949bbdce78d19c6 -> 
  custom:scripting/monoscript/fileName/TextureImporterDataProviderImplementation.cs: ffb9fda6ca225aa106e9fa84455f4e60 -> 
  custom:audio-encoder-webm-vorbis: bf7c407c2cedff20999df2af8eb42d56 -> 
  custom:scripting/monoscript/fileName/SpriteUtilityWindow.cs: 4827aafd0c4d893166845eac1266c4ed -> 
  custom:scripting/monoscript/fileName/SpriteFrameModuleBase.cs: 82472910b376b3c28a6f5b31b28f5f51 -> 
  custom:scripting/precompiled-assembly-types:Assembly-CSharp: e8ed9741bcbf294b9c3e9b888859a665 -> 17fd4233e2971542c9b4d9c5fc8a1fc5
  custom:scripting/monoscript/fileName/SpriteFrameModuleView.cs: f07011b3ec3622062bef733dc29fedf0 -> 
========================================================================
Received Prepare
Caller must complete domain reload
Begin MonoManager ReloadAssembly
- Loaded All Assemblies, in  0.587 seconds
Native extension for WindowsStandalone target not found
Mono: successfully reloaded assembly
- Finished resetting the current domain, in  1.127 seconds
Domain Reload Profiling: 1715ms
	BeginReloadAssembly (205ms)
		ExecutionOrderSort (0ms)
		DisableScriptedObjects (6ms)
		BackupInstance (0ms)
		ReleaseScriptingObjects (0ms)
		CreateAndSetChildDomain (38ms)
	RebuildCommonClasses (36ms)
	RebuildNativeTypeToScriptingClass (13ms)
	initialDomainReloadingComplete (32ms)
	LoadAllAssembliesAndSetupDomain (301ms)
		LoadAssemblies (386ms)
		RebuildTransferFunctionScriptingTraits (0ms)
		AnalyzeDomain (44ms)
			TypeCache.Refresh (18ms)
				TypeCache.ScanAssembly (0ms)
			ScanForSourceGeneratedMonoScriptInfo (18ms)
			ResolveRequiredComponents (6ms)
	FinalizeReload (1128ms)
		ReleaseScriptCaches (0ms)
		RebuildScriptCaches (0ms)
		SetupLoadedEditorAssemblies (589ms)
			LogAssemblyErrors (0ms)
			InitializePlatformSupportModulesInManaged (5ms)
			SetLoadedEditorAssemblies (5ms)
			RefreshPlugins (0ms)
			BeforeProcessingInitializeOnLoad (131ms)
			ProcessInitializeOnLoadAttributes (423ms)
			ProcessInitializeOnLoadMethodAttributes (22ms)
			AfterProcessingInitializeOnLoad (2ms)
			EditorAssembliesLoaded (0ms)
		ExecutionOrderSort2 (0ms)
		AwakeInstancesAfterBackupRestoration (6ms)
Refreshing native plugins compatible for Editor in 2.37 ms, found 3 plugins.
Preloading 0 native plugins for Editor in 0.00 ms.
Unloading 3578 Unused Serialized files (Serialized files now loaded: 0)
Unloading 14 unused Assets / (28.6 KB). Loaded Objects now: 4206.
Memory consumption went from 127.9 MB to 127.9 MB.
Total: 2.977500 ms (FindLiveObjects: 0.306500 ms CreateObjectMapping: 0.232100 ms MarkObjects: 2.400900 ms  DeleteObjects: 0.037400 ms)

Prepare: number of updated asset objects reloaded= 0
AssetImportParameters requested are different than current active one (requested -> active):
  custom:scripting/monoscript/fileName/RandomHitPlacer.cs: 0e520bb249608fd9a2ce5ff96c591009 -> 
  custom:container-demuxer-ogg: 62fdf1f143b41e24485cea50d1cbac27 -> 
  custom:scripting/monoscript/fileName/SpriteEditorWindow.cs: 1629bd700639d5abf7ee9c1a15128fda -> 
  custom:scripting/monoscript/fileName/SpriteRect.cs: 8da6d12a5fbd75a0eba31cfa62842428 -> 
  custom:scripting/monoscript/fileName/ISpriteEditorModule.cs: f35f8b8d39dcfd448fbbe9ea48566c2f -> 
  custom:video-decoder-ogg-theora: a1e56fd34408186e4bbccfd4996cb3dc -> 
  custom:scripting/monoscript/fileName/MenuItems.cs: 3ea3522373e3b4d2ef39113c39531efd -> 
  custom:scripting/monoscript/fileName/DefaultSpriteNameFileIdDataProvider.cs: cd965ed390b21ec0302c3211a9f903ff -> 
  custom:framework-win-MediaFoundation: 216162199b28c13a410421893ffa2e32 -> 
  custom:scripting/monoscript/fileName/PlayerInteract.cs: 73ffd8c360dbab24565d6c0e90133a24 -> 
  custom:scripting/monoscript/fileName/ShapeEditor.cs: 7eba0c642af179a392c34e527393b30b -> 
  custom:scripting/monoscript/fileName/SpritePolygonModeModule.cs: 8b4aa126b968b0772b9e20476364e690 -> 
  custom:scripting/precompiled-assembly-types:Unity.2D.Sprite.Editor: c80415e041d636416599f4ac20098905 -> 
  custom:scripting/monoscript/fileName/ItemCreationUtility.cs: d1c4ddba747ed633116f555c0d69ace7 -> 
  custom:CustomObjectIndexerAttribute: 9a22284fe3817be447336de3de66b15e -> 
  custom:scripting/monoscript/fileName/SpriteEditorHandles.cs: 8b78502b9b56b3c556563a6e935b52ad -> 
  custom:container-demuxer-webm: 4f35f7cbe854078d1ac9338744f61a02 -> 
  custom:scripting/monoscript/fileName/SpriteNameFileIdPair.cs: 8dab74045e538d5698ea3c4caed3e48c -> 
  custom:scripting/monoscript/fileName/IGL.cs: 8903f8a1304142ec1aefe33b7a4db28c -> 
  custom:scripting/monoscript/fileName/SpritePhysicsShapeModule.cs: 35688b9e178698712b557d50761dc7c2 -> 
  custom:scripting/monoscript/fileName/ITexture.cs: dbb4c87e1c028ce779185d5d3d566460 -> 
  custom:container-muxer-webm: aa71ff27fc2769a1b78a27578f13a17b -> 
  custom:scripting/monoscript/fileName/IEvent.cs: c25d501578d8ebe48d7b30415b0df4c5 -> 
  custom:video-decoder-webm-vp8: 9c59270c3fd7afecdb556c50c9e8de78 -> 
  custom:scripting/monoscript/fileName/SpriteOutlineModule.cs: 249fecf584323de7d2fd0b14e9a4944c -> 
  custom:SearchIndexIgnoredProperties: e643bd26f0fe6173181afceb89e7c659 -> 
  custom:AudioImporter_EditorPlatform: d09bf68614088b80899f8185d706f6e7 -> 
  custom:scripting/monoscript/fileName/SpriteEditorUtility.cs: 7e2d1f2cb427fd67c5461f9431375c3a -> 
  custom:scripting/monoscript/fileName/SpriteSecondaryTexturesModule.cs: 8f361de5bdfd731e220c415240ad033f -> 
  custom:scripting/monoscript/fileName/IGUIUtility.cs: cad79017f17454feb4e1799b1c42f87c -> 
  custom:scripting/monoscript/fileName/IHandles.cs: d2780a18a3844e49d490d68d5cb3d26a -> 
  custom:scripting/monoscript/fileName/TextureImporterDataProvider.cs: d68f5d5325387f4e38fdcf2610c72ce3 -> 
  custom:scripting/monoscript/fileName/SpriteEditorMenu.cs: f9042f312a91c162ede0d5de48225240 -> 
  custom:scripting/monoscript/fileName/ISpriteEditorDataProvider.cs: 4c01add71bf03a3e1afff21bbd534ee9 -> 
  custom:scripting/monoscript/fileName/IUndoSystem.cs: 841a069a843e48d57d362ca08bca21d4 -> 
  custom:scripting/monoscript/fileName/SpritePolygonModeModuleView.cs: db8ddbee5a89c636987047f4602001ef -> 
  custom:scripting/monoscript/fileName/SpriteEditorData.cs: 79e0d970ecf11ef3020398e38672548f -> 
  custom:video-encoder-webm-vp8: eb34c28f22e8b96e1ab97ce403110664 -> 
  custom:audio-decoder-ogg-vorbis: bf7c407c2cedff20999df2af8eb42d56 -> 
  custom:scripting/monoscript/fileName/SpriteEditorWindowSettings.cs: 8e59c26ada2085b3ebaa83fd01af70e3 -> 
  custom:scripting/monoscript/fileName/SpriteFrameModuleBaseView.cs: 72abaa53c3c1184e23d4d9a45f62d8c2 -> 
  custom:scripting/monoscript/fileName/IAssetDatabase.cs: c40b958675a6cd5b519fa6ca497fede4 -> 
  custom:scripting/monoscript/fileName/SpriteFrameModule.cs: f07011b3ec3622062bef733dc29fedf0 -> 
  custom:scripting/monoscript/fileName/ShapeEditorRectSelection.cs: 1696d724b33ef6168949bbdce78d19c6 -> 
  custom:scripting/monoscript/fileName/TextureImporterDataProviderImplementation.cs: ffb9fda6ca225aa106e9fa84455f4e60 -> 
  custom:audio-encoder-webm-vorbis: bf7c407c2cedff20999df2af8eb42d56 -> 
  custom:scripting/monoscript/fileName/SpriteUtilityWindow.cs: 4827aafd0c4d893166845eac1266c4ed -> 
  custom:scripting/monoscript/fileName/SpriteFrameModuleBase.cs: 82472910b376b3c28a6f5b31b28f5f51 -> 
  custom:scripting/precompiled-assembly-types:Assembly-CSharp: e8ed9741bcbf294b9c3e9b888859a665 -> 17fd4233e2971542c9b4d9c5fc8a1fc5
  custom:scripting/monoscript/fileName/SpriteFrameModuleView.cs: f07011b3ec3622062bef733dc29fedf0 -> 
========================================================================
Received Prepare
Caller must complete domain reload
Begin MonoManager ReloadAssembly
- Loaded All Assemblies, in  0.555 seconds
Native extension for WindowsStandalone target not found
Mono: successfully reloaded assembly
- Finished resetting the current domain, in  1.053 seconds
Domain Reload Profiling: 1607ms
	BeginReloadAssembly (184ms)
		ExecutionOrderSort (0ms)
		DisableScriptedObjects (6ms)
		BackupInstance (0ms)
		ReleaseScriptingObjects (0ms)
		CreateAndSetChildDomain (32ms)
	RebuildCommonClasses (31ms)
	RebuildNativeTypeToScriptingClass (13ms)
	initialDomainReloadingComplete (44ms)
	LoadAllAssembliesAndSetupDomain (283ms)
		LoadAssemblies (360ms)
		RebuildTransferFunctionScriptingTraits (0ms)
		AnalyzeDomain (39ms)
			TypeCache.Refresh (14ms)
				TypeCache.ScanAssembly (0ms)
			ScanForSourceGeneratedMonoScriptInfo (16ms)
			ResolveRequiredComponents (7ms)
	FinalizeReload (1053ms)
		ReleaseScriptCaches (0ms)
		RebuildScriptCaches (0ms)
		SetupLoadedEditorAssemblies (558ms)
			LogAssemblyErrors (0ms)
			InitializePlatformSupportModulesInManaged (5ms)
			SetLoadedEditorAssemblies (7ms)
			RefreshPlugins (0ms)
			BeforeProcessingInitializeOnLoad (90ms)
			ProcessInitializeOnLoadAttributes (432ms)
			ProcessInitializeOnLoadMethodAttributes (22ms)
			AfterProcessingInitializeOnLoad (2ms)
			EditorAssembliesLoaded (0ms)
		ExecutionOrderSort2 (0ms)
		AwakeInstancesAfterBackupRestoration (6ms)
Refreshing native plugins compatible for Editor in 2.42 ms, found 3 plugins.
Preloading 0 native plugins for Editor in 0.00 ms.
Unloading 3578 Unused Serialized files (Serialized files now loaded: 0)
Unloading 14 unused Assets / (28.6 KB). Loaded Objects now: 4209.
Memory consumption went from 127.9 MB to 127.9 MB.
Total: 2.807500 ms (FindLiveObjects: 0.309700 ms CreateObjectMapping: 0.192700 ms MarkObjects: 2.272600 ms  DeleteObjects: 0.031800 ms)

Prepare: number of updated asset objects reloaded= 0
AssetImportParameters requested are different than current active one (requested -> active):
  custom:scripting/monoscript/fileName/RandomHitPlacer.cs: 0e520bb249608fd9a2ce5ff96c591009 -> 
  custom:container-demuxer-ogg: 62fdf1f143b41e24485cea50d1cbac27 -> 
  custom:scripting/monoscript/fileName/SpriteEditorWindow.cs: 1629bd700639d5abf7ee9c1a15128fda -> 
  custom:scripting/monoscript/fileName/SpriteRect.cs: 8da6d12a5fbd75a0eba31cfa62842428 -> 
  custom:scripting/monoscript/fileName/ISpriteEditorModule.cs: f35f8b8d39dcfd448fbbe9ea48566c2f -> 
  custom:video-decoder-ogg-theora: a1e56fd34408186e4bbccfd4996cb3dc -> 
  custom:scripting/monoscript/fileName/MenuItems.cs: 3ea3522373e3b4d2ef39113c39531efd -> 
  custom:scripting/monoscript/fileName/DefaultSpriteNameFileIdDataProvider.cs: cd965ed390b21ec0302c3211a9f903ff -> 
  custom:framework-win-MediaFoundation: 216162199b28c13a410421893ffa2e32 -> 
  custom:scripting/monoscript/fileName/PlayerInteract.cs: 73ffd8c360dbab24565d6c0e90133a24 -> 
  custom:scripting/monoscript/fileName/ShapeEditor.cs: 7eba0c642af179a392c34e527393b30b -> 
  custom:scripting/monoscript/fileName/SpritePolygonModeModule.cs: 8b4aa126b968b0772b9e20476364e690 -> 
  custom:scripting/precompiled-assembly-types:Unity.2D.Sprite.Editor: c80415e041d636416599f4ac20098905 -> 
  custom:scripting/monoscript/fileName/ItemCreationUtility.cs: d1c4ddba747ed633116f555c0d69ace7 -> 
  custom:CustomObjectIndexerAttribute: 9a22284fe3817be447336de3de66b15e -> 
  custom:scripting/monoscript/fileName/SpriteEditorHandles.cs: 8b78502b9b56b3c556563a6e935b52ad -> 
  custom:container-demuxer-webm: 4f35f7cbe854078d1ac9338744f61a02 -> 
  custom:scripting/monoscript/fileName/SpriteNameFileIdPair.cs: 8dab74045e538d5698ea3c4caed3e48c -> 
  custom:scripting/monoscript/fileName/IGL.cs: 8903f8a1304142ec1aefe33b7a4db28c -> 
  custom:scripting/monoscript/fileName/SpritePhysicsShapeModule.cs: 35688b9e178698712b557d50761dc7c2 -> 
  custom:scripting/monoscript/fileName/ITexture.cs: dbb4c87e1c028ce779185d5d3d566460 -> 
  custom:container-muxer-webm: aa71ff27fc2769a1b78a27578f13a17b -> 
  custom:scripting/monoscript/fileName/IEvent.cs: c25d501578d8ebe48d7b30415b0df4c5 -> 
  custom:video-decoder-webm-vp8: 9c59270c3fd7afecdb556c50c9e8de78 -> 
  custom:scripting/monoscript/fileName/SpriteOutlineModule.cs: 249fecf584323de7d2fd0b14e9a4944c -> 
  custom:SearchIndexIgnoredProperties: e643bd26f0fe6173181afceb89e7c659 -> 
  custom:AudioImporter_EditorPlatform: d09bf68614088b80899f8185d706f6e7 -> 
  custom:scripting/monoscript/fileName/SpriteEditorUtility.cs: 7e2d1f2cb427fd67c5461f9431375c3a -> 
  custom:scripting/monoscript/fileName/SpriteSecondaryTexturesModule.cs: 8f361de5bdfd731e220c415240ad033f -> 
  custom:scripting/monoscript/fileName/IGUIUtility.cs: cad79017f17454feb4e1799b1c42f87c -> 
  custom:scripting/monoscript/fileName/IHandles.cs: d2780a18a3844e49d490d68d5cb3d26a -> 
  custom:scripting/monoscript/fileName/TextureImporterDataProvider.cs: d68f5d5325387f4e38fdcf2610c72ce3 -> 
  custom:scripting/monoscript/fileName/SpriteEditorMenu.cs: f9042f312a91c162ede0d5de48225240 -> 
  custom:scripting/monoscript/fileName/ISpriteEditorDataProvider.cs: 4c01add71bf03a3e1afff21bbd534ee9 -> 
  custom:scripting/monoscript/fileName/IUndoSystem.cs: 841a069a843e48d57d362ca08bca21d4 -> 
  custom:scripting/monoscript/fileName/SpritePolygonModeModuleView.cs: db8ddbee5a89c636987047f4602001ef -> 
  custom:scripting/monoscript/fileName/SpriteEditorData.cs: 79e0d970ecf11ef3020398e38672548f -> 
  custom:video-encoder-webm-vp8: eb34c28f22e8b96e1ab97ce403110664 -> 
  custom:audio-decoder-ogg-vorbis: bf7c407c2cedff20999df2af8eb42d56 -> 
  custom:scripting/monoscript/fileName/SpriteEditorWindowSettings.cs: 8e59c26ada2085b3ebaa83fd01af70e3 -> 
  custom:scripting/monoscript/fileName/SpriteFrameModuleBaseView.cs: 72abaa53c3c1184e23d4d9a45f62d8c2 -> 
  custom:scripting/monoscript/fileName/IAssetDatabase.cs: c40b958675a6cd5b519fa6ca497fede4 -> 
  custom:scripting/monoscript/fileName/SpriteFrameModule.cs: f07011b3ec3622062bef733dc29fedf0 -> 
  custom:scripting/monoscript/fileName/ShapeEditorRectSelection.cs: 1696d724b33ef6168949bbdce78d19c6 -> 
  custom:scripting/monoscript/fileName/TextureImporterDataProviderImplementation.cs: ffb9fda6ca225aa106e9fa84455f4e60 -> 
  custom:audio-encoder-webm-vorbis: bf7c407c2cedff20999df2af8eb42d56 -> 
  custom:scripting/monoscript/fileName/SpriteUtilityWindow.cs: 4827aafd0c4d893166845eac1266c4ed -> 
  custom:scripting/monoscript/fileName/SpriteFrameModuleBase.cs: 82472910b376b3c28a6f5b31b28f5f51 -> 
  custom:scripting/precompiled-assembly-types:Assembly-CSharp: e8ed9741bcbf294b9c3e9b888859a665 -> 17fd4233e2971542c9b4d9c5fc8a1fc5
  custom:scripting/monoscript/fileName/SpriteFrameModuleView.cs: f07011b3ec3622062bef733dc29fedf0 -> 
========================================================================
Received Prepare
Caller must complete domain reload
Begin MonoManager ReloadAssembly
- Loaded All Assemblies, in  0.501 seconds
Native extension for WindowsStandalone target not found
Mono: successfully reloaded assembly
- Finished resetting the current domain, in  1.147 seconds
Domain Reload Profiling: 1648ms
	BeginReloadAssembly (167ms)
		ExecutionOrderSort (0ms)
		DisableScriptedObjects (5ms)
		BackupInstance (0ms)
		ReleaseScriptingObjects (0ms)
		CreateAndSetChildDomain (31ms)
	RebuildCommonClasses (33ms)
	RebuildNativeTypeToScriptingClass (10ms)
	initialDomainReloadingComplete (27ms)
	LoadAllAssembliesAndSetupDomain (263ms)
		LoadAssemblies (349ms)
		RebuildTransferFunctionScriptingTraits (0ms)
		AnalyzeDomain (16ms)
			TypeCache.Refresh (9ms)
				TypeCache.ScanAssembly (0ms)
			ScanForSourceGeneratedMonoScriptInfo (0ms)
			ResolveRequiredComponents (6ms)
	FinalizeReload (1148ms)
		ReleaseScriptCaches (0ms)
		RebuildScriptCaches (0ms)
		SetupLoadedEditorAssemblies (628ms)
			LogAssemblyErrors (0ms)
			InitializePlatformSupportModulesInManaged (5ms)
			SetLoadedEditorAssemblies (8ms)
			RefreshPlugins (0ms)
			BeforeProcessingInitializeOnLoad (98ms)
			ProcessInitializeOnLoadAttributes (489ms)
			ProcessInitializeOnLoadMethodAttributes (25ms)
			AfterProcessingInitializeOnLoad (3ms)
			EditorAssembliesLoaded (0ms)
		ExecutionOrderSort2 (0ms)
		AwakeInstancesAfterBackupRestoration (6ms)
Refreshing native plugins compatible for Editor in 2.61 ms, found 3 plugins.
Preloading 0 native plugins for Editor in 0.00 ms.
Unloading 3578 Unused Serialized files (Serialized files now loaded: 0)
Unloading 14 unused Assets / (28.6 KB). Loaded Objects now: 4212.
Memory consumption went from 127.9 MB to 127.9 MB.
Total: 3.595300 ms (FindLiveObjects: 0.406800 ms CreateObjectMapping: 0.322900 ms MarkObjects: 2.816800 ms  DeleteObjects: 0.048000 ms)

Prepare: number of updated asset objects reloaded= 0
AssetImportParameters requested are different than current active one (requested -> active):
  custom:scripting/monoscript/fileName/RandomHitPlacer.cs: 0e520bb249608fd9a2ce5ff96c591009 -> 
  custom:container-demuxer-ogg: 62fdf1f143b41e24485cea50d1cbac27 -> 
  custom:scripting/monoscript/fileName/SpriteEditorWindow.cs: 1629bd700639d5abf7ee9c1a15128fda -> 
  custom:scripting/monoscript/fileName/SpriteRect.cs: 8da6d12a5fbd75a0eba31cfa62842428 -> 
  custom:scripting/monoscript/fileName/ISpriteEditorModule.cs: f35f8b8d39dcfd448fbbe9ea48566c2f -> 
  custom:video-decoder-ogg-theora: a1e56fd34408186e4bbccfd4996cb3dc -> 
  custom:scripting/monoscript/fileName/MenuItems.cs: 3ea3522373e3b4d2ef39113c39531efd -> 
  custom:scripting/monoscript/fileName/DefaultSpriteNameFileIdDataProvider.cs: cd965ed390b21ec0302c3211a9f903ff -> 
  custom:framework-win-MediaFoundation: 216162199b28c13a410421893ffa2e32 -> 
  custom:scripting/monoscript/fileName/PlayerInteract.cs: 73ffd8c360dbab24565d6c0e90133a24 -> 
  custom:scripting/monoscript/fileName/ShapeEditor.cs: 7eba0c642af179a392c34e527393b30b -> 
  custom:scripting/monoscript/fileName/SpritePolygonModeModule.cs: 8b4aa126b968b0772b9e20476364e690 -> 
  custom:scripting/precompiled-assembly-types:Unity.2D.Sprite.Editor: c80415e041d636416599f4ac20098905 -> 
  custom:scripting/monoscript/fileName/ItemCreationUtility.cs: d1c4ddba747ed633116f555c0d69ace7 -> 
  custom:CustomObjectIndexerAttribute: 9a22284fe3817be447336de3de66b15e -> 
  custom:scripting/monoscript/fileName/SpriteEditorHandles.cs: 8b78502b9b56b3c556563a6e935b52ad -> 
  custom:container-demuxer-webm: 4f35f7cbe854078d1ac9338744f61a02 -> 
  custom:scripting/monoscript/fileName/SpriteNameFileIdPair.cs: 8dab74045e538d5698ea3c4caed3e48c -> 
  custom:scripting/monoscript/fileName/IGL.cs: 8903f8a1304142ec1aefe33b7a4db28c -> 
  custom:scripting/monoscript/fileName/SpritePhysicsShapeModule.cs: 35688b9e178698712b557d50761dc7c2 -> 
  custom:scripting/monoscript/fileName/ITexture.cs: dbb4c87e1c028ce779185d5d3d566460 -> 
  custom:container-muxer-webm: aa71ff27fc2769a1b78a27578f13a17b -> 
  custom:scripting/monoscript/fileName/IEvent.cs: c25d501578d8ebe48d7b30415b0df4c5 -> 
  custom:video-decoder-webm-vp8: 9c59270c3fd7afecdb556c50c9e8de78 -> 
  custom:scripting/monoscript/fileName/SpriteOutlineModule.cs: 249fecf584323de7d2fd0b14e9a4944c -> 
  custom:SearchIndexIgnoredProperties: e643bd26f0fe6173181afceb89e7c659 -> 
  custom:AudioImporter_EditorPlatform: d09bf68614088b80899f8185d706f6e7 -> 
  custom:scripting/monoscript/fileName/SpriteEditorUtility.cs: 7e2d1f2cb427fd67c5461f9431375c3a -> 
  custom:scripting/monoscript/fileName/SpriteSecondaryTexturesModule.cs: 8f361de5bdfd731e220c415240ad033f -> 
  custom:scripting/monoscript/fileName/IGUIUtility.cs: cad79017f17454feb4e1799b1c42f87c -> 
  custom:scripting/monoscript/fileName/IHandles.cs: d2780a18a3844e49d490d68d5cb3d26a -> 
  custom:scripting/monoscript/fileName/TextureImporterDataProvider.cs: d68f5d5325387f4e38fdcf2610c72ce3 -> 
  custom:scripting/monoscript/fileName/SpriteEditorMenu.cs: f9042f312a91c162ede0d5de48225240 -> 
  custom:scripting/monoscript/fileName/ISpriteEditorDataProvider.cs: 4c01add71bf03a3e1afff21bbd534ee9 -> 
  custom:scripting/monoscript/fileName/IUndoSystem.cs: 841a069a843e48d57d362ca08bca21d4 -> 
  custom:scripting/monoscript/fileName/SpritePolygonModeModuleView.cs: db8ddbee5a89c636987047f4602001ef -> 
  custom:scripting/monoscript/fileName/SpriteEditorData.cs: 79e0d970ecf11ef3020398e38672548f -> 
  custom:video-encoder-webm-vp8: eb34c28f22e8b96e1ab97ce403110664 -> 
  custom:audio-decoder-ogg-vorbis: bf7c407c2cedff20999df2af8eb42d56 -> 
  custom:scripting/monoscript/fileName/SpriteEditorWindowSettings.cs: 8e59c26ada2085b3ebaa83fd01af70e3 -> 
  custom:scripting/monoscript/fileName/SpriteFrameModuleBaseView.cs: 72abaa53c3c1184e23d4d9a45f62d8c2 -> 
  custom:scripting/monoscript/fileName/IAssetDatabase.cs: c40b958675a6cd5b519fa6ca497fede4 -> 
  custom:scripting/monoscript/fileName/SpriteFrameModule.cs: f07011b3ec3622062bef733dc29fedf0 -> 
  custom:scripting/monoscript/fileName/ShapeEditorRectSelection.cs: 1696d724b33ef6168949bbdce78d19c6 -> 
  custom:scripting/monoscript/fileName/TextureImporterDataProviderImplementation.cs: ffb9fda6ca225aa106e9fa84455f4e60 -> 
  custom:audio-encoder-webm-vorbis: bf7c407c2cedff20999df2af8eb42d56 -> 
  custom:scripting/monoscript/fileName/SpriteUtilityWindow.cs: 4827aafd0c4d893166845eac1266c4ed -> 
  custom:scripting/monoscript/fileName/SpriteFrameModuleBase.cs: 82472910b376b3c28a6f5b31b28f5f51 -> 
  custom:scripting/precompiled-assembly-types:Assembly-CSharp: e8ed9741bcbf294b9c3e9b888859a665 -> 17fd4233e2971542c9b4d9c5fc8a1fc5
  custom:scripting/monoscript/fileName/SpriteFrameModuleView.cs: f07011b3ec3622062bef733dc29fedf0 -> 
========================================================================
Received Prepare
Caller must complete domain reload
Begin MonoManager ReloadAssembly
- Loaded All Assemblies, in  0.540 seconds
Native extension for WindowsStandalone target not found
Mono: successfully reloaded assembly
- Finished resetting the current domain, in  1.066 seconds
Domain Reload Profiling: 1606ms
	BeginReloadAssembly (173ms)
		ExecutionOrderSort (0ms)
		DisableScriptedObjects (5ms)
		BackupInstance (0ms)
		ReleaseScriptingObjects (0ms)
		CreateAndSetChildDomain (32ms)
	RebuildCommonClasses (31ms)
	RebuildNativeTypeToScriptingClass (10ms)
	initialDomainReloadingComplete (26ms)
	LoadAllAssembliesAndSetupDomain (299ms)
		LoadAssemblies (361ms)
		RebuildTransferFunctionScriptingTraits (0ms)
		AnalyzeDomain (42ms)
			TypeCache.Refresh (16ms)
				TypeCache.ScanAssembly (0ms)
			ScanForSourceGeneratedMonoScriptInfo (18ms)
			ResolveRequiredComponents (7ms)
	FinalizeReload (1067ms)
		ReleaseScriptCaches (0ms)
		RebuildScriptCaches (0ms)
		SetupLoadedEditorAssemblies (528ms)
			LogAssemblyErrors (0ms)
			InitializePlatformSupportModulesInManaged (5ms)
			SetLoadedEditorAssemblies (6ms)
			RefreshPlugins (0ms)
			BeforeProcessingInitializeOnLoad (87ms)
			ProcessInitializeOnLoadAttributes (403ms)
			ProcessInitializeOnLoadMethodAttributes (24ms)
			AfterProcessingInitializeOnLoad (2ms)
			EditorAssembliesLoaded (0ms)
		ExecutionOrderSort2 (0ms)
		AwakeInstancesAfterBackupRestoration (6ms)
Refreshing native plugins compatible for Editor in 3.37 ms, found 3 plugins.
Preloading 0 native plugins for Editor in 0.00 ms.
Unloading 3578 Unused Serialized files (Serialized files now loaded: 0)
Unloading 14 unused Assets / (28.6 KB). Loaded Objects now: 4215.
Memory consumption went from 127.9 MB to 127.9 MB.
Total: 3.201000 ms (FindLiveObjects: 0.280000 ms CreateObjectMapping: 0.178700 ms MarkObjects: 2.682300 ms  DeleteObjects: 0.058800 ms)

Prepare: number of updated asset objects reloaded= 0
AssetImportParameters requested are different than current active one (requested -> active):
  custom:scripting/monoscript/fileName/RandomHitPlacer.cs: 0e520bb249608fd9a2ce5ff96c591009 -> 
  custom:container-demuxer-ogg: 62fdf1f143b41e24485cea50d1cbac27 -> 
  custom:scripting/monoscript/fileName/SpriteEditorWindow.cs: 1629bd700639d5abf7ee9c1a15128fda -> 
  custom:scripting/monoscript/fileName/SpriteRect.cs: 8da6d12a5fbd75a0eba31cfa62842428 -> 
  custom:scripting/monoscript/fileName/ISpriteEditorModule.cs: f35f8b8d39dcfd448fbbe9ea48566c2f -> 
  custom:video-decoder-ogg-theora: a1e56fd34408186e4bbccfd4996cb3dc -> 
  custom:scripting/monoscript/fileName/MenuItems.cs: 3ea3522373e3b4d2ef39113c39531efd -> 
  custom:scripting/monoscript/fileName/DefaultSpriteNameFileIdDataProvider.cs: cd965ed390b21ec0302c3211a9f903ff -> 
  custom:framework-win-MediaFoundation: 216162199b28c13a410421893ffa2e32 -> 
  custom:scripting/monoscript/fileName/PlayerInteract.cs: 73ffd8c360dbab24565d6c0e90133a24 -> 
  custom:scripting/monoscript/fileName/ShapeEditor.cs: 7eba0c642af179a392c34e527393b30b -> 
  custom:scripting/monoscript/fileName/SpritePolygonModeModule.cs: 8b4aa126b968b0772b9e20476364e690 -> 
  custom:scripting/precompiled-assembly-types:Unity.2D.Sprite.Editor: c80415e041d636416599f4ac20098905 -> 
  custom:scripting/monoscript/fileName/ItemCreationUtility.cs: d1c4ddba747ed633116f555c0d69ace7 -> 
  custom:CustomObjectIndexerAttribute: 9a22284fe3817be447336de3de66b15e -> 
  custom:scripting/monoscript/fileName/SpriteEditorHandles.cs: 8b78502b9b56b3c556563a6e935b52ad -> 
  custom:container-demuxer-webm: 4f35f7cbe854078d1ac9338744f61a02 -> 
  custom:scripting/monoscript/fileName/SpriteNameFileIdPair.cs: 8dab74045e538d5698ea3c4caed3e48c -> 
  custom:scripting/monoscript/fileName/IGL.cs: 8903f8a1304142ec1aefe33b7a4db28c -> 
  custom:scripting/monoscript/fileName/SpritePhysicsShapeModule.cs: 35688b9e178698712b557d50761dc7c2 -> 
  custom:scripting/monoscript/fileName/ITexture.cs: dbb4c87e1c028ce779185d5d3d566460 -> 
  custom:container-muxer-webm: aa71ff27fc2769a1b78a27578f13a17b -> 
  custom:scripting/monoscript/fileName/IEvent.cs: c25d501578d8ebe48d7b30415b0df4c5 -> 
  custom:video-decoder-webm-vp8: 9c59270c3fd7afecdb556c50c9e8de78 -> 
  custom:scripting/monoscript/fileName/SpriteOutlineModule.cs: 249fecf584323de7d2fd0b14e9a4944c -> 
  custom:SearchIndexIgnoredProperties: e643bd26f0fe6173181afceb89e7c659 -> 
  custom:AudioImporter_EditorPlatform: d09bf68614088b80899f8185d706f6e7 -> 
  custom:scripting/monoscript/fileName/SpriteEditorUtility.cs: 7e2d1f2cb427fd67c5461f9431375c3a -> 
  custom:scripting/monoscript/fileName/SpriteSecondaryTexturesModule.cs: 8f361de5bdfd731e220c415240ad033f -> 
  custom:scripting/monoscript/fileName/IGUIUtility.cs: cad79017f17454feb4e1799b1c42f87c -> 
  custom:scripting/monoscript/fileName/IHandles.cs: d2780a18a3844e49d490d68d5cb3d26a -> 
  custom:scripting/monoscript/fileName/TextureImporterDataProvider.cs: d68f5d5325387f4e38fdcf2610c72ce3 -> 
  custom:scripting/monoscript/fileName/SpriteEditorMenu.cs: f9042f312a91c162ede0d5de48225240 -> 
  custom:scripting/monoscript/fileName/ISpriteEditorDataProvider.cs: 4c01add71bf03a3e1afff21bbd534ee9 -> 
  custom:scripting/monoscript/fileName/IUndoSystem.cs: 841a069a843e48d57d362ca08bca21d4 -> 
  custom:scripting/monoscript/fileName/SpritePolygonModeModuleView.cs: db8ddbee5a89c636987047f4602001ef -> 
  custom:scripting/monoscript/fileName/SpriteEditorData.cs: 79e0d970ecf11ef3020398e38672548f -> 
  custom:video-encoder-webm-vp8: eb34c28f22e8b96e1ab97ce403110664 -> 
  custom:audio-decoder-ogg-vorbis: bf7c407c2cedff20999df2af8eb42d56 -> 
  custom:scripting/monoscript/fileName/SpriteEditorWindowSettings.cs: 8e59c26ada2085b3ebaa83fd01af70e3 -> 
  custom:scripting/monoscript/fileName/SpriteFrameModuleBaseView.cs: 72abaa53c3c1184e23d4d9a45f62d8c2 -> 
  custom:scripting/monoscript/fileName/IAssetDatabase.cs: c40b958675a6cd5b519fa6ca497fede4 -> 
  custom:scripting/monoscript/fileName/SpriteFrameModule.cs: f07011b3ec3622062bef733dc29fedf0 -> 
  custom:scripting/monoscript/fileName/ShapeEditorRectSelection.cs: 1696d724b33ef6168949bbdce78d19c6 -> 
  custom:scripting/monoscript/fileName/TextureImporterDataProviderImplementation.cs: ffb9fda6ca225aa106e9fa84455f4e60 -> 
  custom:audio-encoder-webm-vorbis: bf7c407c2cedff20999df2af8eb42d56 -> 
  custom:scripting/monoscript/fileName/SpriteUtilityWindow.cs: 4827aafd0c4d893166845eac1266c4ed -> 
  custom:scripting/monoscript/fileName/SpriteFrameModuleBase.cs: 82472910b376b3c28a6f5b31b28f5f51 -> 
  custom:scripting/precompiled-assembly-types:Assembly-CSharp: e8ed9741bcbf294b9c3e9b888859a665 -> 17fd4233e2971542c9b4d9c5fc8a1fc5
  custom:scripting/monoscript/fileName/SpriteFrameModuleView.cs: f07011b3ec3622062bef733dc29fedf0 -> 
========================================================================
Received Prepare
Caller must complete domain reload
Begin MonoManager ReloadAssembly
- Loaded All Assemblies, in  0.506 seconds
Native extension for WindowsStandalone target not found
Mono: successfully reloaded assembly
- Finished resetting the current domain, in  1.194 seconds
Domain Reload Profiling: 1699ms
	BeginReloadAssembly (173ms)
		ExecutionOrderSort (0ms)
		DisableScriptedObjects (5ms)
		BackupInstance (0ms)
		ReleaseScriptingObjects (0ms)
		CreateAndSetChildDomain (34ms)
	RebuildCommonClasses (34ms)
	RebuildNativeTypeToScriptingClass (10ms)
	initialDomainReloadingComplete (29ms)
	LoadAllAssembliesAndSetupDomain (259ms)
		LoadAssemblies (344ms)
		RebuildTransferFunctionScriptingTraits (0ms)
		AnalyzeDomain (16ms)
			TypeCache.Refresh (8ms)
				TypeCache.ScanAssembly (0ms)
			ScanForSourceGeneratedMonoScriptInfo (0ms)
			ResolveRequiredComponents (6ms)
	FinalizeReload (1195ms)
		ReleaseScriptCaches (0ms)
		RebuildScriptCaches (0ms)
		SetupLoadedEditorAssemblies (643ms)
			LogAssemblyErrors (0ms)
			InitializePlatformSupportModulesInManaged (5ms)
			SetLoadedEditorAssemblies (6ms)
			RefreshPlugins (0ms)
			BeforeProcessingInitializeOnLoad (105ms)
			ProcessInitializeOnLoadAttributes (489ms)
			ProcessInitializeOnLoadMethodAttributes (30ms)
			AfterProcessingInitializeOnLoad (3ms)
			EditorAssembliesLoaded (4ms)
		ExecutionOrderSort2 (0ms)
		AwakeInstancesAfterBackupRestoration (6ms)
Refreshing native plugins compatible for Editor in 6.46 ms, found 3 plugins.
Preloading 0 native plugins for Editor in 0.00 ms.
Unloading 3578 Unused Serialized files (Serialized files now loaded: 0)
Unloading 14 unused Assets / (28.5 KB). Loaded Objects now: 4218.
Memory consumption went from 127.9 MB to 127.9 MB.
Total: 2.936100 ms (FindLiveObjects: 0.373300 ms CreateObjectMapping: 0.265400 ms MarkObjects: 2.257300 ms  DeleteObjects: 0.039300 ms)

Prepare: number of updated asset objects reloaded= 0
AssetImportParameters requested are different than current active one (requested -> active):
  custom:scripting/monoscript/fileName/RandomHitPlacer.cs: 0e520bb249608fd9a2ce5ff96c591009 -> 
  custom:container-demuxer-ogg: 62fdf1f143b41e24485cea50d1cbac27 -> 
  custom:scripting/monoscript/fileName/SpriteEditorWindow.cs: 1629bd700639d5abf7ee9c1a15128fda -> 
  custom:scripting/monoscript/fileName/SpriteRect.cs: 8da6d12a5fbd75a0eba31cfa62842428 -> 
  custom:scripting/monoscript/fileName/ISpriteEditorModule.cs: f35f8b8d39dcfd448fbbe9ea48566c2f -> 
  custom:video-decoder-ogg-theora: a1e56fd34408186e4bbccfd4996cb3dc -> 
  custom:scripting/monoscript/fileName/MenuItems.cs: 3ea3522373e3b4d2ef39113c39531efd -> 
  custom:scripting/monoscript/fileName/DefaultSpriteNameFileIdDataProvider.cs: cd965ed390b21ec0302c3211a9f903ff -> 
  custom:framework-win-MediaFoundation: 216162199b28c13a410421893ffa2e32 -> 
  custom:scripting/monoscript/fileName/PlayerInteract.cs: 73ffd8c360dbab24565d6c0e90133a24 -> 
  custom:scripting/monoscript/fileName/ShapeEditor.cs: 7eba0c642af179a392c34e527393b30b -> 
  custom:scripting/monoscript/fileName/SpritePolygonModeModule.cs: 8b4aa126b968b0772b9e20476364e690 -> 
  custom:scripting/precompiled-assembly-types:Unity.2D.Sprite.Editor: c80415e041d636416599f4ac20098905 -> 
  custom:scripting/monoscript/fileName/ItemCreationUtility.cs: d1c4ddba747ed633116f555c0d69ace7 -> 
  custom:CustomObjectIndexerAttribute: 9a22284fe3817be447336de3de66b15e -> 
  custom:scripting/monoscript/fileName/SpriteEditorHandles.cs: 8b78502b9b56b3c556563a6e935b52ad -> 
  custom:container-demuxer-webm: 4f35f7cbe854078d1ac9338744f61a02 -> 
  custom:scripting/monoscript/fileName/SpriteNameFileIdPair.cs: 8dab74045e538d5698ea3c4caed3e48c -> 
  custom:scripting/monoscript/fileName/IGL.cs: 8903f8a1304142ec1aefe33b7a4db28c -> 
  custom:scripting/monoscript/fileName/SpritePhysicsShapeModule.cs: 35688b9e178698712b557d50761dc7c2 -> 
  custom:scripting/monoscript/fileName/ITexture.cs: dbb4c87e1c028ce779185d5d3d566460 -> 
  custom:container-muxer-webm: aa71ff27fc2769a1b78a27578f13a17b -> 
  custom:scripting/monoscript/fileName/IEvent.cs: c25d501578d8ebe48d7b30415b0df4c5 -> 
  custom:video-decoder-webm-vp8: 9c59270c3fd7afecdb556c50c9e8de78 -> 
  custom:scripting/monoscript/fileName/SpriteOutlineModule.cs: 249fecf584323de7d2fd0b14e9a4944c -> 
  custom:SearchIndexIgnoredProperties: e643bd26f0fe6173181afceb89e7c659 -> 
  custom:AudioImporter_EditorPlatform: d09bf68614088b80899f8185d706f6e7 -> 
  custom:scripting/monoscript/fileName/SpriteEditorUtility.cs: 7e2d1f2cb427fd67c5461f9431375c3a -> 
  custom:scripting/monoscript/fileName/SpriteSecondaryTexturesModule.cs: 8f361de5bdfd731e220c415240ad033f -> 
  custom:scripting/monoscript/fileName/IGUIUtility.cs: cad79017f17454feb4e1799b1c42f87c -> 
  custom:scripting/monoscript/fileName/IHandles.cs: d2780a18a3844e49d490d68d5cb3d26a -> 
  custom:scripting/monoscript/fileName/TextureImporterDataProvider.cs: d68f5d5325387f4e38fdcf2610c72ce3 -> 
  custom:scripting/monoscript/fileName/SpriteEditorMenu.cs: f9042f312a91c162ede0d5de48225240 -> 
  custom:scripting/monoscript/fileName/ISpriteEditorDataProvider.cs: 4c01add71bf03a3e1afff21bbd534ee9 -> 
  custom:scripting/monoscript/fileName/IUndoSystem.cs: 841a069a843e48d57d362ca08bca21d4 -> 
  custom:scripting/monoscript/fileName/SpritePolygonModeModuleView.cs: db8ddbee5a89c636987047f4602001ef -> 
  custom:scripting/monoscript/fileName/SpriteEditorData.cs: 79e0d970ecf11ef3020398e38672548f -> 
  custom:video-encoder-webm-vp8: eb34c28f22e8b96e1ab97ce403110664 -> 
  custom:audio-decoder-ogg-vorbis: bf7c407c2cedff20999df2af8eb42d56 -> 
  custom:scripting/monoscript/fileName/SpriteEditorWindowSettings.cs: 8e59c26ada2085b3ebaa83fd01af70e3 -> 
  custom:scripting/monoscript/fileName/SpriteFrameModuleBaseView.cs: 72abaa53c3c1184e23d4d9a45f62d8c2 -> 
  custom:scripting/monoscript/fileName/IAssetDatabase.cs: c40b958675a6cd5b519fa6ca497fede4 -> 
  custom:scripting/monoscript/fileName/SpriteFrameModule.cs: f07011b3ec3622062bef733dc29fedf0 -> 
  custom:scripting/monoscript/fileName/ShapeEditorRectSelection.cs: 1696d724b33ef6168949bbdce78d19c6 -> 
  custom:scripting/monoscript/fileName/TextureImporterDataProviderImplementation.cs: ffb9fda6ca225aa106e9fa84455f4e60 -> 
  custom:audio-encoder-webm-vorbis: bf7c407c2cedff20999df2af8eb42d56 -> 
  custom:scripting/monoscript/fileName/SpriteUtilityWindow.cs: 4827aafd0c4d893166845eac1266c4ed -> 
  custom:scripting/monoscript/fileName/SpriteFrameModuleBase.cs: 82472910b376b3c28a6f5b31b28f5f51 -> 
  custom:scripting/precompiled-assembly-types:Assembly-CSharp: e8ed9741bcbf294b9c3e9b888859a665 -> 17fd4233e2971542c9b4d9c5fc8a1fc5
  custom:scripting/monoscript/fileName/SpriteFrameModuleView.cs: f07011b3ec3622062bef733dc29fedf0 -> 
========================================================================
Received Prepare
Caller must complete domain reload
Begin MonoManager ReloadAssembly
- Loaded All Assemblies, in  0.613 seconds
Native extension for WindowsStandalone target not found
Mono: successfully reloaded assembly
- Finished resetting the current domain, in  1.073 seconds
Domain Reload Profiling: 1687ms
	BeginReloadAssembly (180ms)
		ExecutionOrderSort (0ms)
		DisableScriptedObjects (5ms)
		BackupInstance (0ms)
		ReleaseScriptingObjects (0ms)
		CreateAndSetChildDomain (39ms)
	RebuildCommonClasses (31ms)
	RebuildNativeTypeToScriptingClass (11ms)
	initialDomainReloadingComplete (26ms)
	LoadAllAssembliesAndSetupDomain (366ms)
		LoadAssemblies (415ms)
		RebuildTransferFunctionScriptingTraits (0ms)
		AnalyzeDomain (52ms)
			TypeCache.Refresh (18ms)
				TypeCache.ScanAssembly (0ms)
			ScanForSourceGeneratedMonoScriptInfo (18ms)
			ResolveRequiredComponents (12ms)
	FinalizeReload (1074ms)
		ReleaseScriptCaches (0ms)
		RebuildScriptCaches (0ms)
		SetupLoadedEditorAssemblies (560ms)
			LogAssemblyErrors (0ms)
			InitializePlatformSupportModulesInManaged (5ms)
			SetLoadedEditorAssemblies (6ms)
			RefreshPlugins (0ms)
			BeforeProcessingInitializeOnLoad (90ms)
			ProcessInitializeOnLoadAttributes (431ms)
			ProcessInitializeOnLoadMethodAttributes (24ms)
			AfterProcessingInitializeOnLoad (2ms)
			EditorAssembliesLoaded (0ms)
		ExecutionOrderSort2 (0ms)
		AwakeInstancesAfterBackupRestoration (6ms)
Refreshing native plugins compatible for Editor in 2.50 ms, found 3 plugins.
Preloading 0 native plugins for Editor in 0.00 ms.
Unloading 3578 Unused Serialized files (Serialized files now loaded: 0)
Unloading 14 unused Assets / (28.5 KB). Loaded Objects now: 4221.
Memory consumption went from 127.9 MB to 127.9 MB.
Total: 2.903100 ms (FindLiveObjects: 0.290100 ms CreateObjectMapping: 0.206900 ms MarkObjects: 2.374400 ms  DeleteObjects: 0.031000 ms)

Prepare: number of updated asset objects reloaded= 0
AssetImportParameters requested are different than current active one (requested -> active):
  custom:scripting/monoscript/fileName/RandomHitPlacer.cs: 0e520bb249608fd9a2ce5ff96c591009 -> 
  custom:container-demuxer-ogg: 62fdf1f143b41e24485cea50d1cbac27 -> 
  custom:scripting/monoscript/fileName/SpriteEditorWindow.cs: 1629bd700639d5abf7ee9c1a15128fda -> 
  custom:scripting/monoscript/fileName/SpriteRect.cs: 8da6d12a5fbd75a0eba31cfa62842428 -> 
  custom:scripting/monoscript/fileName/ISpriteEditorModule.cs: f35f8b8d39dcfd448fbbe9ea48566c2f -> 
  custom:video-decoder-ogg-theora: a1e56fd34408186e4bbccfd4996cb3dc -> 
  custom:scripting/monoscript/fileName/MenuItems.cs: 3ea3522373e3b4d2ef39113c39531efd -> 
  custom:scripting/monoscript/fileName/DefaultSpriteNameFileIdDataProvider.cs: cd965ed390b21ec0302c3211a9f903ff -> 
  custom:framework-win-MediaFoundation: 216162199b28c13a410421893ffa2e32 -> 
  custom:scripting/monoscript/fileName/PlayerInteract.cs: 73ffd8c360dbab24565d6c0e90133a24 -> 
  custom:scripting/monoscript/fileName/ShapeEditor.cs: 7eba0c642af179a392c34e527393b30b -> 
  custom:scripting/monoscript/fileName/SpritePolygonModeModule.cs: 8b4aa126b968b0772b9e20476364e690 -> 
  custom:scripting/precompiled-assembly-types:Unity.2D.Sprite.Editor: c80415e041d636416599f4ac20098905 -> 
  custom:scripting/monoscript/fileName/ItemCreationUtility.cs: d1c4ddba747ed633116f555c0d69ace7 -> 
  custom:CustomObjectIndexerAttribute: 9a22284fe3817be447336de3de66b15e -> 
  custom:scripting/monoscript/fileName/SpriteEditorHandles.cs: 8b78502b9b56b3c556563a6e935b52ad -> 
  custom:container-demuxer-webm: 4f35f7cbe854078d1ac9338744f61a02 -> 
  custom:scripting/monoscript/fileName/SpriteNameFileIdPair.cs: 8dab74045e538d5698ea3c4caed3e48c -> 
  custom:scripting/monoscript/fileName/IGL.cs: 8903f8a1304142ec1aefe33b7a4db28c -> 
  custom:scripting/monoscript/fileName/SpritePhysicsShapeModule.cs: 35688b9e178698712b557d50761dc7c2 -> 
  custom:scripting/monoscript/fileName/ITexture.cs: dbb4c87e1c028ce779185d5d3d566460 -> 
  custom:container-muxer-webm: aa71ff27fc2769a1b78a27578f13a17b -> 
  custom:scripting/monoscript/fileName/IEvent.cs: c25d501578d8ebe48d7b30415b0df4c5 -> 
  custom:video-decoder-webm-vp8: 9c59270c3fd7afecdb556c50c9e8de78 -> 
  custom:scripting/monoscript/fileName/SpriteOutlineModule.cs: 249fecf584323de7d2fd0b14e9a4944c -> 
  custom:SearchIndexIgnoredProperties: e643bd26f0fe6173181afceb89e7c659 -> 
  custom:AudioImporter_EditorPlatform: d09bf68614088b80899f8185d706f6e7 -> 
  custom:scripting/monoscript/fileName/SpriteEditorUtility.cs: 7e2d1f2cb427fd67c5461f9431375c3a -> 
  custom:scripting/monoscript/fileName/SpriteSecondaryTexturesModule.cs: 8f361de5bdfd731e220c415240ad033f -> 
  custom:scripting/monoscript/fileName/IGUIUtility.cs: cad79017f17454feb4e1799b1c42f87c -> 
  custom:scripting/monoscript/fileName/IHandles.cs: d2780a18a3844e49d490d68d5cb3d26a -> 
  custom:scripting/monoscript/fileName/TextureImporterDataProvider.cs: d68f5d5325387f4e38fdcf2610c72ce3 -> 
  custom:scripting/monoscript/fileName/SpriteEditorMenu.cs: f9042f312a91c162ede0d5de48225240 -> 
  custom:scripting/monoscript/fileName/ISpriteEditorDataProvider.cs: 4c01add71bf03a3e1afff21bbd534ee9 -> 
  custom:scripting/monoscript/fileName/IUndoSystem.cs: 841a069a843e48d57d362ca08bca21d4 -> 
  custom:scripting/monoscript/fileName/SpritePolygonModeModuleView.cs: db8ddbee5a89c636987047f4602001ef -> 
  custom:scripting/monoscript/fileName/SpriteEditorData.cs: 79e0d970ecf11ef3020398e38672548f -> 
  custom:video-encoder-webm-vp8: eb34c28f22e8b96e1ab97ce403110664 -> 
  custom:audio-decoder-ogg-vorbis: bf7c407c2cedff20999df2af8eb42d56 -> 
  custom:scripting/monoscript/fileName/SpriteEditorWindowSettings.cs: 8e59c26ada2085b3ebaa83fd01af70e3 -> 
  custom:scripting/monoscript/fileName/SpriteFrameModuleBaseView.cs: 72abaa53c3c1184e23d4d9a45f62d8c2 -> 
  custom:scripting/monoscript/fileName/IAssetDatabase.cs: c40b958675a6cd5b519fa6ca497fede4 -> 
  custom:scripting/monoscript/fileName/SpriteFrameModule.cs: f07011b3ec3622062bef733dc29fedf0 -> 
  custom:scripting/monoscript/fileName/ShapeEditorRectSelection.cs: 1696d724b33ef6168949bbdce78d19c6 -> 
  custom:scripting/monoscript/fileName/TextureImporterDataProviderImplementation.cs: ffb9fda6ca225aa106e9fa84455f4e60 -> 
  custom:audio-encoder-webm-vorbis: bf7c407c2cedff20999df2af8eb42d56 -> 
  custom:scripting/monoscript/fileName/SpriteUtilityWindow.cs: 4827aafd0c4d893166845eac1266c4ed -> 
  custom:scripting/monoscript/fileName/SpriteFrameModuleBase.cs: 82472910b376b3c28a6f5b31b28f5f51 -> 
  custom:scripting/precompiled-assembly-types:Assembly-CSharp: e8ed9741bcbf294b9c3e9b888859a665 -> 17fd4233e2971542c9b4d9c5fc8a1fc5
  custom:scripting/monoscript/fileName/SpriteFrameModuleView.cs: f07011b3ec3622062bef733dc29fedf0 -> 
========================================================================
Received Prepare
Caller must complete domain reload
Begin MonoManager ReloadAssembly
- Loaded All Assemblies, in  0.514 seconds
Native extension for WindowsStandalone target not found
Mono: successfully reloaded assembly
- Finished resetting the current domain, in  1.052 seconds
Domain Reload Profiling: 1566ms
	BeginReloadAssembly (180ms)
		ExecutionOrderSort (0ms)
		DisableScriptedObjects (6ms)
		BackupInstance (0ms)
		ReleaseScriptingObjects (0ms)
		CreateAndSetChildDomain (37ms)
	RebuildCommonClasses (33ms)
	RebuildNativeTypeToScriptingClass (10ms)
	initialDomainReloadingComplete (26ms)
	LoadAllAssembliesAndSetupDomain (265ms)
		LoadAssemblies (342ms)
		RebuildTransferFunctionScriptingTraits (0ms)
		AnalyzeDomain (32ms)
			TypeCache.Refresh (10ms)
				TypeCache.ScanAssembly (0ms)
			ScanForSourceGeneratedMonoScriptInfo (15ms)
			ResolveRequiredComponents (6ms)
	FinalizeReload (1052ms)
		ReleaseScriptCaches (0ms)
		RebuildScriptCaches (0ms)
		SetupLoadedEditorAssemblies (549ms)
			LogAssemblyErrors (0ms)
			InitializePlatformSupportModulesInManaged (7ms)
			SetLoadedEditorAssemblies (5ms)
			RefreshPlugins (0ms)
			BeforeProcessingInitializeOnLoad (106ms)
			ProcessInitializeOnLoadAttributes (402ms)
			ProcessInitializeOnLoadMethodAttributes (27ms)
			AfterProcessingInitializeOnLoad (3ms)
			EditorAssembliesLoaded (0ms)
		ExecutionOrderSort2 (0ms)
		AwakeInstancesAfterBackupRestoration (6ms)
Refreshing native plugins compatible for Editor in 2.71 ms, found 3 plugins.
Preloading 0 native plugins for Editor in 0.00 ms.
Unloading 3578 Unused Serialized files (Serialized files now loaded: 0)
Unloading 14 unused Assets / (28.6 KB). Loaded Objects now: 4224.
Memory consumption went from 127.9 MB to 127.9 MB.
Total: 3.068000 ms (FindLiveObjects: 0.301300 ms CreateObjectMapping: 0.202200 ms MarkObjects: 2.529200 ms  DeleteObjects: 0.034600 ms)

Prepare: number of updated asset objects reloaded= 0
AssetImportParameters requested are different than current active one (requested -> active):
  custom:scripting/monoscript/fileName/RandomHitPlacer.cs: 0e520bb249608fd9a2ce5ff96c591009 -> 
  custom:container-demuxer-ogg: 62fdf1f143b41e24485cea50d1cbac27 -> 
  custom:scripting/monoscript/fileName/SpriteEditorWindow.cs: 1629bd700639d5abf7ee9c1a15128fda -> 
  custom:scripting/monoscript/fileName/SpriteRect.cs: 8da6d12a5fbd75a0eba31cfa62842428 -> 
  custom:scripting/monoscript/fileName/ISpriteEditorModule.cs: f35f8b8d39dcfd448fbbe9ea48566c2f -> 
  custom:video-decoder-ogg-theora: a1e56fd34408186e4bbccfd4996cb3dc -> 
  custom:scripting/monoscript/fileName/MenuItems.cs: 3ea3522373e3b4d2ef39113c39531efd -> 
  custom:scripting/monoscript/fileName/DefaultSpriteNameFileIdDataProvider.cs: cd965ed390b21ec0302c3211a9f903ff -> 
  custom:framework-win-MediaFoundation: 216162199b28c13a410421893ffa2e32 -> 
  custom:scripting/monoscript/fileName/PlayerInteract.cs: 73ffd8c360dbab24565d6c0e90133a24 -> 
  custom:scripting/monoscript/fileName/ShapeEditor.cs: 7eba0c642af179a392c34e527393b30b -> 
  custom:scripting/monoscript/fileName/SpritePolygonModeModule.cs: 8b4aa126b968b0772b9e20476364e690 -> 
  custom:scripting/precompiled-assembly-types:Unity.2D.Sprite.Editor: c80415e041d636416599f4ac20098905 -> 
  custom:scripting/monoscript/fileName/ItemCreationUtility.cs: d1c4ddba747ed633116f555c0d69ace7 -> 
  custom:CustomObjectIndexerAttribute: 9a22284fe3817be447336de3de66b15e -> 
  custom:scripting/monoscript/fileName/SpriteEditorHandles.cs: 8b78502b9b56b3c556563a6e935b52ad -> 
  custom:container-demuxer-webm: 4f35f7cbe854078d1ac9338744f61a02 -> 
  custom:scripting/monoscript/fileName/SpriteNameFileIdPair.cs: 8dab74045e538d5698ea3c4caed3e48c -> 
  custom:scripting/monoscript/fileName/IGL.cs: 8903f8a1304142ec1aefe33b7a4db28c -> 
  custom:scripting/monoscript/fileName/SpritePhysicsShapeModule.cs: 35688b9e178698712b557d50761dc7c2 -> 
  custom:scripting/monoscript/fileName/ITexture.cs: dbb4c87e1c028ce779185d5d3d566460 -> 
  custom:container-muxer-webm: aa71ff27fc2769a1b78a27578f13a17b -> 
  custom:scripting/monoscript/fileName/IEvent.cs: c25d501578d8ebe48d7b30415b0df4c5 -> 
  custom:video-decoder-webm-vp8: 9c59270c3fd7afecdb556c50c9e8de78 -> 
  custom:scripting/monoscript/fileName/SpriteOutlineModule.cs: 249fecf584323de7d2fd0b14e9a4944c -> 
  custom:SearchIndexIgnoredProperties: e643bd26f0fe6173181afceb89e7c659 -> 
  custom:AudioImporter_EditorPlatform: d09bf68614088b80899f8185d706f6e7 -> 
  custom:scripting/monoscript/fileName/SpriteEditorUtility.cs: 7e2d1f2cb427fd67c5461f9431375c3a -> 
  custom:scripting/monoscript/fileName/SpriteSecondaryTexturesModule.cs: 8f361de5bdfd731e220c415240ad033f -> 
  custom:scripting/monoscript/fileName/IGUIUtility.cs: cad79017f17454feb4e1799b1c42f87c -> 
  custom:scripting/monoscript/fileName/IHandles.cs: d2780a18a3844e49d490d68d5cb3d26a -> 
  custom:scripting/monoscript/fileName/TextureImporterDataProvider.cs: d68f5d5325387f4e38fdcf2610c72ce3 -> 
  custom:scripting/monoscript/fileName/SpriteEditorMenu.cs: f9042f312a91c162ede0d5de48225240 -> 
  custom:scripting/monoscript/fileName/ISpriteEditorDataProvider.cs: 4c01add71bf03a3e1afff21bbd534ee9 -> 
  custom:scripting/monoscript/fileName/IUndoSystem.cs: 841a069a843e48d57d362ca08bca21d4 -> 
  custom:scripting/monoscript/fileName/SpritePolygonModeModuleView.cs: db8ddbee5a89c636987047f4602001ef -> 
  custom:scripting/monoscript/fileName/SpriteEditorData.cs: 79e0d970ecf11ef3020398e38672548f -> 
  custom:video-encoder-webm-vp8: eb34c28f22e8b96e1ab97ce403110664 -> 
  custom:audio-decoder-ogg-vorbis: bf7c407c2cedff20999df2af8eb42d56 -> 
  custom:scripting/monoscript/fileName/SpriteEditorWindowSettings.cs: 8e59c26ada2085b3ebaa83fd01af70e3 -> 
  custom:scripting/monoscript/fileName/SpriteFrameModuleBaseView.cs: 72abaa53c3c1184e23d4d9a45f62d8c2 -> 
  custom:scripting/monoscript/fileName/IAssetDatabase.cs: c40b958675a6cd5b519fa6ca497fede4 -> 
  custom:scripting/monoscript/fileName/SpriteFrameModule.cs: f07011b3ec3622062bef733dc29fedf0 -> 
  custom:scripting/monoscript/fileName/ShapeEditorRectSelection.cs: 1696d724b33ef6168949bbdce78d19c6 -> 
  custom:scripting/monoscript/fileName/TextureImporterDataProviderImplementation.cs: ffb9fda6ca225aa106e9fa84455f4e60 -> 
  custom:audio-encoder-webm-vorbis: bf7c407c2cedff20999df2af8eb42d56 -> 
  custom:scripting/monoscript/fileName/SpriteUtilityWindow.cs: 4827aafd0c4d893166845eac1266c4ed -> 
  custom:scripting/monoscript/fileName/SpriteFrameModuleBase.cs: 82472910b376b3c28a6f5b31b28f5f51 -> 
  custom:scripting/precompiled-assembly-types:Assembly-CSharp: e8ed9741bcbf294b9c3e9b888859a665 -> 17fd4233e2971542c9b4d9c5fc8a1fc5
  custom:scripting/monoscript/fileName/SpriteFrameModuleView.cs: f07011b3ec3622062bef733dc29fedf0 -> 
========================================================================
Received Prepare
Caller must complete domain reload
Begin MonoManager ReloadAssembly
- Loaded All Assemblies, in  0.492 seconds
Native extension for WindowsStandalone target not found
Mono: successfully reloaded assembly
- Finished resetting the current domain, in  1.136 seconds
Domain Reload Profiling: 1628ms
	BeginReloadAssembly (174ms)
		ExecutionOrderSort (0ms)
		DisableScriptedObjects (6ms)
		BackupInstance (0ms)
		ReleaseScriptingObjects (0ms)
		CreateAndSetChildDomain (36ms)
	RebuildCommonClasses (32ms)
	RebuildNativeTypeToScriptingClass (11ms)
	initialDomainReloadingComplete (24ms)
	LoadAllAssembliesAndSetupDomain (250ms)
		LoadAssemblies (327ms)
		RebuildTransferFunctionScriptingTraits (0ms)
		AnalyzeDomain (23ms)
			TypeCache.Refresh (15ms)
				TypeCache.ScanAssembly (0ms)
			ScanForSourceGeneratedMonoScriptInfo (0ms)
			ResolveRequiredComponents (6ms)
	FinalizeReload (1137ms)
		ReleaseScriptCaches (0ms)
		RebuildScriptCaches (0ms)
		SetupLoadedEditorAssemblies (601ms)
			LogAssemblyErrors (0ms)
			InitializePlatformSupportModulesInManaged (7ms)
			SetLoadedEditorAssemblies (5ms)
			RefreshPlugins (0ms)
			BeforeProcessingInitializeOnLoad (99ms)
			ProcessInitializeOnLoadAttributes (459ms)
			ProcessInitializeOnLoadMethodAttributes (29ms)
			AfterProcessingInitializeOnLoad (3ms)
			EditorAssembliesLoaded (0ms)
		ExecutionOrderSort2 (0ms)
		AwakeInstancesAfterBackupRestoration (7ms)
Refreshing native plugins compatible for Editor in 3.15 ms, found 3 plugins.
Preloading 0 native plugins for Editor in 0.00 ms.
Unloading 3578 Unused Serialized files (Serialized files now loaded: 0)
Unloading 14 unused Assets / (28.5 KB). Loaded Objects now: 4227.
Memory consumption went from 128.0 MB to 127.9 MB.
Total: 3.153300 ms (FindLiveObjects: 0.344500 ms CreateObjectMapping: 0.380000 ms MarkObjects: 2.391000 ms  DeleteObjects: 0.036700 ms)

Prepare: number of updated asset objects reloaded= 0
AssetImportParameters requested are different than current active one (requested -> active):
  custom:scripting/monoscript/fileName/RandomHitPlacer.cs: 0e520bb249608fd9a2ce5ff96c591009 -> 
  custom:container-demuxer-ogg: 62fdf1f143b41e24485cea50d1cbac27 -> 
  custom:scripting/monoscript/fileName/SpriteEditorWindow.cs: 1629bd700639d5abf7ee9c1a15128fda -> 
  custom:scripting/monoscript/fileName/SpriteRect.cs: 8da6d12a5fbd75a0eba31cfa62842428 -> 
  custom:scripting/monoscript/fileName/ISpriteEditorModule.cs: f35f8b8d39dcfd448fbbe9ea48566c2f -> 
  custom:video-decoder-ogg-theora: a1e56fd34408186e4bbccfd4996cb3dc -> 
  custom:scripting/monoscript/fileName/MenuItems.cs: 3ea3522373e3b4d2ef39113c39531efd -> 
  custom:scripting/monoscript/fileName/DefaultSpriteNameFileIdDataProvider.cs: cd965ed390b21ec0302c3211a9f903ff -> 
  custom:framework-win-MediaFoundation: 216162199b28c13a410421893ffa2e32 -> 
  custom:scripting/monoscript/fileName/PlayerInteract.cs: 73ffd8c360dbab24565d6c0e90133a24 -> 
  custom:scripting/monoscript/fileName/ShapeEditor.cs: 7eba0c642af179a392c34e527393b30b -> 
  custom:scripting/monoscript/fileName/SpritePolygonModeModule.cs: 8b4aa126b968b0772b9e20476364e690 -> 
  custom:scripting/precompiled-assembly-types:Unity.2D.Sprite.Editor: c80415e041d636416599f4ac20098905 -> 
  custom:scripting/monoscript/fileName/ItemCreationUtility.cs: d1c4ddba747ed633116f555c0d69ace7 -> 
  custom:CustomObjectIndexerAttribute: 9a22284fe3817be447336de3de66b15e -> 
  custom:scripting/monoscript/fileName/SpriteEditorHandles.cs: 8b78502b9b56b3c556563a6e935b52ad -> 
  custom:container-demuxer-webm: 4f35f7cbe854078d1ac9338744f61a02 -> 
  custom:scripting/monoscript/fileName/SpriteNameFileIdPair.cs: 8dab74045e538d5698ea3c4caed3e48c -> 
  custom:scripting/monoscript/fileName/IGL.cs: 8903f8a1304142ec1aefe33b7a4db28c -> 
  custom:scripting/monoscript/fileName/SpritePhysicsShapeModule.cs: 35688b9e178698712b557d50761dc7c2 -> 
  custom:scripting/monoscript/fileName/ITexture.cs: dbb4c87e1c028ce779185d5d3d566460 -> 
  custom:container-muxer-webm: aa71ff27fc2769a1b78a27578f13a17b -> 
  custom:scripting/monoscript/fileName/IEvent.cs: c25d501578d8ebe48d7b30415b0df4c5 -> 
  custom:video-decoder-webm-vp8: 9c59270c3fd7afecdb556c50c9e8de78 -> 
  custom:scripting/monoscript/fileName/SpriteOutlineModule.cs: 249fecf584323de7d2fd0b14e9a4944c -> 
  custom:SearchIndexIgnoredProperties: e643bd26f0fe6173181afceb89e7c659 -> 
  custom:AudioImporter_EditorPlatform: d09bf68614088b80899f8185d706f6e7 -> 
  custom:scripting/monoscript/fileName/SpriteEditorUtility.cs: 7e2d1f2cb427fd67c5461f9431375c3a -> 
  custom:scripting/monoscript/fileName/SpriteSecondaryTexturesModule.cs: 8f361de5bdfd731e220c415240ad033f -> 
  custom:scripting/monoscript/fileName/IGUIUtility.cs: cad79017f17454feb4e1799b1c42f87c -> 
  custom:scripting/monoscript/fileName/IHandles.cs: d2780a18a3844e49d490d68d5cb3d26a -> 
  custom:scripting/monoscript/fileName/TextureImporterDataProvider.cs: d68f5d5325387f4e38fdcf2610c72ce3 -> 
  custom:scripting/monoscript/fileName/SpriteEditorMenu.cs: f9042f312a91c162ede0d5de48225240 -> 
  custom:scripting/monoscript/fileName/ISpriteEditorDataProvider.cs: 4c01add71bf03a3e1afff21bbd534ee9 -> 
  custom:scripting/monoscript/fileName/IUndoSystem.cs: 841a069a843e48d57d362ca08bca21d4 -> 
  custom:scripting/monoscript/fileName/SpritePolygonModeModuleView.cs: db8ddbee5a89c636987047f4602001ef -> 
  custom:scripting/monoscript/fileName/SpriteEditorData.cs: 79e0d970ecf11ef3020398e38672548f -> 
  custom:video-encoder-webm-vp8: eb34c28f22e8b96e1ab97ce403110664 -> 
  custom:audio-decoder-ogg-vorbis: bf7c407c2cedff20999df2af8eb42d56 -> 
  custom:scripting/monoscript/fileName/SpriteEditorWindowSettings.cs: 8e59c26ada2085b3ebaa83fd01af70e3 -> 
  custom:scripting/monoscript/fileName/SpriteFrameModuleBaseView.cs: 72abaa53c3c1184e23d4d9a45f62d8c2 -> 
  custom:scripting/monoscript/fileName/IAssetDatabase.cs: c40b958675a6cd5b519fa6ca497fede4 -> 
  custom:scripting/monoscript/fileName/SpriteFrameModule.cs: f07011b3ec3622062bef733dc29fedf0 -> 
  custom:scripting/monoscript/fileName/ShapeEditorRectSelection.cs: 1696d724b33ef6168949bbdce78d19c6 -> 
  custom:scripting/monoscript/fileName/TextureImporterDataProviderImplementation.cs: ffb9fda6ca225aa106e9fa84455f4e60 -> 
  custom:audio-encoder-webm-vorbis: bf7c407c2cedff20999df2af8eb42d56 -> 
  custom:scripting/monoscript/fileName/SpriteUtilityWindow.cs: 4827aafd0c4d893166845eac1266c4ed -> 
  custom:scripting/monoscript/fileName/SpriteFrameModuleBase.cs: 82472910b376b3c28a6f5b31b28f5f51 -> 
  custom:scripting/precompiled-assembly-types:Assembly-CSharp: e8ed9741bcbf294b9c3e9b888859a665 -> 17fd4233e2971542c9b4d9c5fc8a1fc5
  custom:scripting/monoscript/fileName/SpriteFrameModuleView.cs: f07011b3ec3622062bef733dc29fedf0 -> 
========================================================================
Received Prepare
Caller must complete domain reload
Begin MonoManager ReloadAssembly
- Loaded All Assemblies, in  0.878 seconds
Native extension for WindowsStandalone target not found
Mono: successfully reloaded assembly
- Finished resetting the current domain, in  1.430 seconds
Domain Reload Profiling: 2308ms
	BeginReloadAssembly (220ms)
		ExecutionOrderSort (0ms)
		DisableScriptedObjects (5ms)
		BackupInstance (0ms)
		ReleaseScriptingObjects (0ms)
		CreateAndSetChildDomain (37ms)
	RebuildCommonClasses (38ms)
	RebuildNativeTypeToScriptingClass (11ms)
	initialDomainReloadingComplete (33ms)
	LoadAllAssembliesAndSetupDomain (576ms)
		LoadAssemblies (652ms)
		RebuildTransferFunctionScriptingTraits (0ms)
		AnalyzeDomain (72ms)
			TypeCache.Refresh (11ms)
				TypeCache.ScanAssembly (0ms)
			ScanForSourceGeneratedMonoScriptInfo (52ms)
			ResolveRequiredComponents (7ms)
	FinalizeReload (1430ms)
		ReleaseScriptCaches (0ms)
		RebuildScriptCaches (0ms)
		SetupLoadedEditorAssemblies (729ms)
			LogAssemblyErrors (0ms)
			InitializePlatformSupportModulesInManaged (8ms)
			SetLoadedEditorAssemblies (10ms)
			RefreshPlugins (0ms)
			BeforeProcessingInitializeOnLoad (122ms)
			ProcessInitializeOnLoadAttributes (535ms)
			ProcessInitializeOnLoadMethodAttributes (51ms)
			AfterProcessingInitializeOnLoad (3ms)
			EditorAssembliesLoaded (0ms)
		ExecutionOrderSort2 (0ms)
		AwakeInstancesAfterBackupRestoration (9ms)
Refreshing native plugins compatible for Editor in 4.71 ms, found 3 plugins.
Preloading 0 native plugins for Editor in 0.00 ms.
Unloading 3578 Unused Serialized files (Serialized files now loaded: 0)
Unloading 14 unused Assets / (28.6 KB). Loaded Objects now: 4230.
Memory consumption went from 128.0 MB to 127.9 MB.
Total: 3.613400 ms (FindLiveObjects: 0.658100 ms CreateObjectMapping: 0.492700 ms MarkObjects: 2.392500 ms  DeleteObjects: 0.068400 ms)

Prepare: number of updated asset objects reloaded= 0
AssetImportParameters requested are different than current active one (requested -> active):
  custom:scripting/monoscript/fileName/RandomHitPlacer.cs: 0e520bb249608fd9a2ce5ff96c591009 -> 
  custom:container-demuxer-ogg: 62fdf1f143b41e24485cea50d1cbac27 -> 
  custom:scripting/monoscript/fileName/SpriteEditorWindow.cs: 1629bd700639d5abf7ee9c1a15128fda -> 
  custom:scripting/monoscript/fileName/SpriteRect.cs: 8da6d12a5fbd75a0eba31cfa62842428 -> 
  custom:scripting/monoscript/fileName/ISpriteEditorModule.cs: f35f8b8d39dcfd448fbbe9ea48566c2f -> 
  custom:video-decoder-ogg-theora: a1e56fd34408186e4bbccfd4996cb3dc -> 
  custom:scripting/monoscript/fileName/MenuItems.cs: 3ea3522373e3b4d2ef39113c39531efd -> 
  custom:scripting/monoscript/fileName/DefaultSpriteNameFileIdDataProvider.cs: cd965ed390b21ec0302c3211a9f903ff -> 
  custom:framework-win-MediaFoundation: 216162199b28c13a410421893ffa2e32 -> 
  custom:scripting/monoscript/fileName/PlayerInteract.cs: 73ffd8c360dbab24565d6c0e90133a24 -> 
  custom:scripting/monoscript/fileName/ShapeEditor.cs: 7eba0c642af179a392c34e527393b30b -> 
  custom:scripting/monoscript/fileName/SpritePolygonModeModule.cs: 8b4aa126b968b0772b9e20476364e690 -> 
  custom:scripting/precompiled-assembly-types:Unity.2D.Sprite.Editor: c80415e041d636416599f4ac20098905 -> 
  custom:scripting/monoscript/fileName/ItemCreationUtility.cs: d1c4ddba747ed633116f555c0d69ace7 -> 
  custom:CustomObjectIndexerAttribute: 9a22284fe3817be447336de3de66b15e -> 
  custom:scripting/monoscript/fileName/SpriteEditorHandles.cs: 8b78502b9b56b3c556563a6e935b52ad -> 
  custom:container-demuxer-webm: 4f35f7cbe854078d1ac9338744f61a02 -> 
  custom:scripting/monoscript/fileName/SpriteNameFileIdPair.cs: 8dab74045e538d5698ea3c4caed3e48c -> 
  custom:scripting/monoscript/fileName/IGL.cs: 8903f8a1304142ec1aefe33b7a4db28c -> 
  custom:scripting/monoscript/fileName/SpritePhysicsShapeModule.cs: 35688b9e178698712b557d50761dc7c2 -> 
  custom:scripting/monoscript/fileName/ITexture.cs: dbb4c87e1c028ce779185d5d3d566460 -> 
  custom:container-muxer-webm: aa71ff27fc2769a1b78a27578f13a17b -> 
  custom:scripting/monoscript/fileName/IEvent.cs: c25d501578d8ebe48d7b30415b0df4c5 -> 
  custom:video-decoder-webm-vp8: 9c59270c3fd7afecdb556c50c9e8de78 -> 
  custom:scripting/monoscript/fileName/SpriteOutlineModule.cs: 249fecf584323de7d2fd0b14e9a4944c -> 
  custom:SearchIndexIgnoredProperties: e643bd26f0fe6173181afceb89e7c659 -> 
  custom:AudioImporter_EditorPlatform: d09bf68614088b80899f8185d706f6e7 -> 
  custom:scripting/monoscript/fileName/SpriteEditorUtility.cs: 7e2d1f2cb427fd67c5461f9431375c3a -> 
  custom:scripting/monoscript/fileName/SpriteSecondaryTexturesModule.cs: 8f361de5bdfd731e220c415240ad033f -> 
  custom:scripting/monoscript/fileName/IGUIUtility.cs: cad79017f17454feb4e1799b1c42f87c -> 
  custom:scripting/monoscript/fileName/IHandles.cs: d2780a18a3844e49d490d68d5cb3d26a -> 
  custom:scripting/monoscript/fileName/TextureImporterDataProvider.cs: d68f5d5325387f4e38fdcf2610c72ce3 -> 
  custom:scripting/monoscript/fileName/SpriteEditorMenu.cs: f9042f312a91c162ede0d5de48225240 -> 
  custom:scripting/monoscript/fileName/ISpriteEditorDataProvider.cs: 4c01add71bf03a3e1afff21bbd534ee9 -> 
  custom:scripting/monoscript/fileName/IUndoSystem.cs: 841a069a843e48d57d362ca08bca21d4 -> 
  custom:scripting/monoscript/fileName/SpritePolygonModeModuleView.cs: db8ddbee5a89c636987047f4602001ef -> 
  custom:scripting/monoscript/fileName/SpriteEditorData.cs: 79e0d970ecf11ef3020398e38672548f -> 
  custom:video-encoder-webm-vp8: eb34c28f22e8b96e1ab97ce403110664 -> 
  custom:audio-decoder-ogg-vorbis: bf7c407c2cedff20999df2af8eb42d56 -> 
  custom:scripting/monoscript/fileName/SpriteEditorWindowSettings.cs: 8e59c26ada2085b3ebaa83fd01af70e3 -> 
  custom:scripting/monoscript/fileName/SpriteFrameModuleBaseView.cs: 72abaa53c3c1184e23d4d9a45f62d8c2 -> 
  custom:scripting/monoscript/fileName/IAssetDatabase.cs: c40b958675a6cd5b519fa6ca497fede4 -> 
  custom:scripting/monoscript/fileName/SpriteFrameModule.cs: f07011b3ec3622062bef733dc29fedf0 -> 
  custom:scripting/monoscript/fileName/ShapeEditorRectSelection.cs: 1696d724b33ef6168949bbdce78d19c6 -> 
  custom:scripting/monoscript/fileName/TextureImporterDataProviderImplementation.cs: ffb9fda6ca225aa106e9fa84455f4e60 -> 
  custom:audio-encoder-webm-vorbis: bf7c407c2cedff20999df2af8eb42d56 -> 
  custom:scripting/monoscript/fileName/SpriteUtilityWindow.cs: 4827aafd0c4d893166845eac1266c4ed -> 
  custom:scripting/monoscript/fileName/SpriteFrameModuleBase.cs: 82472910b376b3c28a6f5b31b28f5f51 -> 
  custom:scripting/precompiled-assembly-types:Assembly-CSharp: e8ed9741bcbf294b9c3e9b888859a665 -> 17fd4233e2971542c9b4d9c5fc8a1fc5
  custom:scripting/monoscript/fileName/SpriteFrameModuleView.cs: f07011b3ec3622062bef733dc29fedf0 -> 
========================================================================
Received Prepare
Caller must complete domain reload
Begin MonoManager ReloadAssembly
- Loaded All Assemblies, in  0.548 seconds
Native extension for WindowsStandalone target not found
Mono: successfully reloaded assembly
- Finished resetting the current domain, in  1.087 seconds
Domain Reload Profiling: 1635ms
	BeginReloadAssembly (173ms)
		ExecutionOrderSort (0ms)
		DisableScriptedObjects (6ms)
		BackupInstance (0ms)
		ReleaseScriptingObjects (0ms)
		CreateAndSetChildDomain (32ms)
	RebuildCommonClasses (31ms)
	RebuildNativeTypeToScriptingClass (11ms)
	initialDomainReloadingComplete (25ms)
	LoadAllAssembliesAndSetupDomain (307ms)
		LoadAssemblies (358ms)
		RebuildTransferFunctionScriptingTraits (0ms)
		AnalyzeDomain (54ms)
			TypeCache.Refresh (31ms)
				TypeCache.ScanAssembly (1ms)
			ScanForSourceGeneratedMonoScriptInfo (15ms)
			ResolveRequiredComponents (7ms)
	FinalizeReload (1087ms)
		ReleaseScriptCaches (0ms)
		RebuildScriptCaches (0ms)
		SetupLoadedEditorAssemblies (536ms)
			LogAssemblyErrors (0ms)
			InitializePlatformSupportModulesInManaged (6ms)
			SetLoadedEditorAssemblies (5ms)
			RefreshPlugins (0ms)
			BeforeProcessingInitializeOnLoad (93ms)
			ProcessInitializeOnLoadAttributes (408ms)
			ProcessInitializeOnLoadMethodAttributes (20ms)
			AfterProcessingInitializeOnLoad (3ms)
			EditorAssembliesLoaded (1ms)
		ExecutionOrderSort2 (0ms)
		AwakeInstancesAfterBackupRestoration (6ms)
Refreshing native plugins compatible for Editor in 2.79 ms, found 3 plugins.
Preloading 0 native plugins for Editor in 0.00 ms.
Unloading 3578 Unused Serialized files (Serialized files now loaded: 0)
Unloading 14 unused Assets / (28.5 KB). Loaded Objects now: 4233.
Memory consumption went from 128.0 MB to 127.9 MB.
Total: 2.901000 ms (FindLiveObjects: 0.306000 ms CreateObjectMapping: 0.240900 ms MarkObjects: 2.317900 ms  DeleteObjects: 0.035500 ms)

Prepare: number of updated asset objects reloaded= 0
AssetImportParameters requested are different than current active one (requested -> active):
  custom:scripting/monoscript/fileName/RandomHitPlacer.cs: 0e520bb249608fd9a2ce5ff96c591009 -> 
  custom:container-demuxer-ogg: 62fdf1f143b41e24485cea50d1cbac27 -> 
  custom:scripting/monoscript/fileName/SpriteEditorWindow.cs: 1629bd700639d5abf7ee9c1a15128fda -> 
  custom:scripting/monoscript/fileName/SpriteRect.cs: 8da6d12a5fbd75a0eba31cfa62842428 -> 
  custom:scripting/monoscript/fileName/ISpriteEditorModule.cs: f35f8b8d39dcfd448fbbe9ea48566c2f -> 
  custom:video-decoder-ogg-theora: a1e56fd34408186e4bbccfd4996cb3dc -> 
  custom:scripting/monoscript/fileName/MenuItems.cs: 3ea3522373e3b4d2ef39113c39531efd -> 
  custom:scripting/monoscript/fileName/DefaultSpriteNameFileIdDataProvider.cs: cd965ed390b21ec0302c3211a9f903ff -> 
  custom:framework-win-MediaFoundation: 216162199b28c13a410421893ffa2e32 -> 
  custom:scripting/monoscript/fileName/PlayerInteract.cs: 73ffd8c360dbab24565d6c0e90133a24 -> 
  custom:scripting/monoscript/fileName/ShapeEditor.cs: 7eba0c642af179a392c34e527393b30b -> 
  custom:scripting/monoscript/fileName/SpritePolygonModeModule.cs: 8b4aa126b968b0772b9e20476364e690 -> 
  custom:scripting/precompiled-assembly-types:Unity.2D.Sprite.Editor: c80415e041d636416599f4ac20098905 -> 
  custom:scripting/monoscript/fileName/ItemCreationUtility.cs: d1c4ddba747ed633116f555c0d69ace7 -> 
  custom:CustomObjectIndexerAttribute: 9a22284fe3817be447336de3de66b15e -> 
  custom:scripting/monoscript/fileName/SpriteEditorHandles.cs: 8b78502b9b56b3c556563a6e935b52ad -> 
  custom:container-demuxer-webm: 4f35f7cbe854078d1ac9338744f61a02 -> 
  custom:scripting/monoscript/fileName/SpriteNameFileIdPair.cs: 8dab74045e538d5698ea3c4caed3e48c -> 
  custom:scripting/monoscript/fileName/IGL.cs: 8903f8a1304142ec1aefe33b7a4db28c -> 
  custom:scripting/monoscript/fileName/SpritePhysicsShapeModule.cs: 35688b9e178698712b557d50761dc7c2 -> 
  custom:scripting/monoscript/fileName/ITexture.cs: dbb4c87e1c028ce779185d5d3d566460 -> 
  custom:container-muxer-webm: aa71ff27fc2769a1b78a27578f13a17b -> 
  custom:scripting/monoscript/fileName/IEvent.cs: c25d501578d8ebe48d7b30415b0df4c5 -> 
  custom:video-decoder-webm-vp8: 9c59270c3fd7afecdb556c50c9e8de78 -> 
  custom:scripting/monoscript/fileName/SpriteOutlineModule.cs: 249fecf584323de7d2fd0b14e9a4944c -> 
  custom:SearchIndexIgnoredProperties: e643bd26f0fe6173181afceb89e7c659 -> 
  custom:AudioImporter_EditorPlatform: d09bf68614088b80899f8185d706f6e7 -> 
  custom:scripting/monoscript/fileName/SpriteEditorUtility.cs: 7e2d1f2cb427fd67c5461f9431375c3a -> 
  custom:scripting/monoscript/fileName/SpriteSecondaryTexturesModule.cs: 8f361de5bdfd731e220c415240ad033f -> 
  custom:scripting/monoscript/fileName/IGUIUtility.cs: cad79017f17454feb4e1799b1c42f87c -> 
  custom:scripting/monoscript/fileName/IHandles.cs: d2780a18a3844e49d490d68d5cb3d26a -> 
  custom:scripting/monoscript/fileName/TextureImporterDataProvider.cs: d68f5d5325387f4e38fdcf2610c72ce3 -> 
  custom:scripting/monoscript/fileName/SpriteEditorMenu.cs: f9042f312a91c162ede0d5de48225240 -> 
  custom:scripting/monoscript/fileName/ISpriteEditorDataProvider.cs: 4c01add71bf03a3e1afff21bbd534ee9 -> 
  custom:scripting/monoscript/fileName/IUndoSystem.cs: 841a069a843e48d57d362ca08bca21d4 -> 
  custom:scripting/monoscript/fileName/SpritePolygonModeModuleView.cs: db8ddbee5a89c636987047f4602001ef -> 
  custom:scripting/monoscript/fileName/SpriteEditorData.cs: 79e0d970ecf11ef3020398e38672548f -> 
  custom:video-encoder-webm-vp8: eb34c28f22e8b96e1ab97ce403110664 -> 
  custom:audio-decoder-ogg-vorbis: bf7c407c2cedff20999df2af8eb42d56 -> 
  custom:scripting/monoscript/fileName/SpriteEditorWindowSettings.cs: 8e59c26ada2085b3ebaa83fd01af70e3 -> 
  custom:scripting/monoscript/fileName/SpriteFrameModuleBaseView.cs: 72abaa53c3c1184e23d4d9a45f62d8c2 -> 
  custom:scripting/monoscript/fileName/IAssetDatabase.cs: c40b958675a6cd5b519fa6ca497fede4 -> 
  custom:scripting/monoscript/fileName/SpriteFrameModule.cs: f07011b3ec3622062bef733dc29fedf0 -> 
  custom:scripting/monoscript/fileName/ShapeEditorRectSelection.cs: 1696d724b33ef6168949bbdce78d19c6 -> 
  custom:scripting/monoscript/fileName/TextureImporterDataProviderImplementation.cs: ffb9fda6ca225aa106e9fa84455f4e60 -> 
  custom:audio-encoder-webm-vorbis: bf7c407c2cedff20999df2af8eb42d56 -> 
  custom:scripting/monoscript/fileName/SpriteUtilityWindow.cs: 4827aafd0c4d893166845eac1266c4ed -> 
  custom:scripting/monoscript/fileName/SpriteFrameModuleBase.cs: 82472910b376b3c28a6f5b31b28f5f51 -> 
  custom:scripting/precompiled-assembly-types:Assembly-CSharp: e8ed9741bcbf294b9c3e9b888859a665 -> 17fd4233e2971542c9b4d9c5fc8a1fc5
  custom:scripting/monoscript/fileName/SpriteFrameModuleView.cs: f07011b3ec3622062bef733dc29fedf0 -> 
========================================================================
Received Prepare
Caller must complete domain reload
Begin MonoManager ReloadAssembly
- Loaded All Assemblies, in  0.515 seconds
Native extension for WindowsStandalone target not found
Mono: successfully reloaded assembly
- Finished resetting the current domain, in  1.209 seconds
Domain Reload Profiling: 1724ms
	BeginReloadAssembly (183ms)
		ExecutionOrderSort (0ms)
		DisableScriptedObjects (6ms)
		BackupInstance (0ms)
		ReleaseScriptingObjects (0ms)
		CreateAndSetChildDomain (37ms)
	RebuildCommonClasses (33ms)
	RebuildNativeTypeToScriptingClass (11ms)
	initialDomainReloadingComplete (28ms)
	LoadAllAssembliesAndSetupDomain (260ms)
		LoadAssemblies (350ms)
		RebuildTransferFunctionScriptingTraits (0ms)
		AnalyzeDomain (21ms)
			TypeCache.Refresh (13ms)
				TypeCache.ScanAssembly (0ms)
			ScanForSourceGeneratedMonoScriptInfo (0ms)
			ResolveRequiredComponents (6ms)
	FinalizeReload (1209ms)
		ReleaseScriptCaches (0ms)
		RebuildScriptCaches (0ms)
		SetupLoadedEditorAssemblies (674ms)
			LogAssemblyErrors (0ms)
			InitializePlatformSupportModulesInManaged (7ms)
			SetLoadedEditorAssemblies (6ms)
			RefreshPlugins (0ms)
			BeforeProcessingInitializeOnLoad (108ms)
			ProcessInitializeOnLoadAttributes (526ms)
			ProcessInitializeOnLoadMethodAttributes (25ms)
			AfterProcessingInitializeOnLoad (3ms)
			EditorAssembliesLoaded (0ms)
		ExecutionOrderSort2 (0ms)
		AwakeInstancesAfterBackupRestoration (6ms)
Refreshing native plugins compatible for Editor in 2.89 ms, found 3 plugins.
Preloading 0 native plugins for Editor in 0.00 ms.
Unloading 3578 Unused Serialized files (Serialized files now loaded: 0)
Unloading 14 unused Assets / (28.6 KB). Loaded Objects now: 4236.
Memory consumption went from 128.0 MB to 127.9 MB.
Total: 3.771500 ms (FindLiveObjects: 0.350600 ms CreateObjectMapping: 0.323800 ms MarkObjects: 2.959100 ms  DeleteObjects: 0.136500 ms)

Prepare: number of updated asset objects reloaded= 0
AssetImportParameters requested are different than current active one (requested -> active):
  custom:scripting/monoscript/fileName/RandomHitPlacer.cs: 0e520bb249608fd9a2ce5ff96c591009 -> 
  custom:container-demuxer-ogg: 62fdf1f143b41e24485cea50d1cbac27 -> 
  custom:scripting/monoscript/fileName/SpriteEditorWindow.cs: 1629bd700639d5abf7ee9c1a15128fda -> 
  custom:scripting/monoscript/fileName/SpriteRect.cs: 8da6d12a5fbd75a0eba31cfa62842428 -> 
  custom:scripting/monoscript/fileName/ISpriteEditorModule.cs: f35f8b8d39dcfd448fbbe9ea48566c2f -> 
  custom:video-decoder-ogg-theora: a1e56fd34408186e4bbccfd4996cb3dc -> 
  custom:scripting/monoscript/fileName/MenuItems.cs: 3ea3522373e3b4d2ef39113c39531efd -> 
  custom:scripting/monoscript/fileName/DefaultSpriteNameFileIdDataProvider.cs: cd965ed390b21ec0302c3211a9f903ff -> 
  custom:framework-win-MediaFoundation: 216162199b28c13a410421893ffa2e32 -> 
  custom:scripting/monoscript/fileName/PlayerInteract.cs: 73ffd8c360dbab24565d6c0e90133a24 -> 
  custom:scripting/monoscript/fileName/ShapeEditor.cs: 7eba0c642af179a392c34e527393b30b -> 
  custom:scripting/monoscript/fileName/SpritePolygonModeModule.cs: 8b4aa126b968b0772b9e20476364e690 -> 
  custom:scripting/precompiled-assembly-types:Unity.2D.Sprite.Editor: c80415e041d636416599f4ac20098905 -> 
  custom:scripting/monoscript/fileName/ItemCreationUtility.cs: d1c4ddba747ed633116f555c0d69ace7 -> 
  custom:CustomObjectIndexerAttribute: 9a22284fe3817be447336de3de66b15e -> 
  custom:scripting/monoscript/fileName/SpriteEditorHandles.cs: 8b78502b9b56b3c556563a6e935b52ad -> 
  custom:container-demuxer-webm: 4f35f7cbe854078d1ac9338744f61a02 -> 
  custom:scripting/monoscript/fileName/SpriteNameFileIdPair.cs: 8dab74045e538d5698ea3c4caed3e48c -> 
  custom:scripting/monoscript/fileName/IGL.cs: 8903f8a1304142ec1aefe33b7a4db28c -> 
  custom:scripting/monoscript/fileName/SpritePhysicsShapeModule.cs: 35688b9e178698712b557d50761dc7c2 -> 
  custom:scripting/monoscript/fileName/ITexture.cs: dbb4c87e1c028ce779185d5d3d566460 -> 
  custom:container-muxer-webm: aa71ff27fc2769a1b78a27578f13a17b -> 
  custom:scripting/monoscript/fileName/IEvent.cs: c25d501578d8ebe48d7b30415b0df4c5 -> 
  custom:video-decoder-webm-vp8: 9c59270c3fd7afecdb556c50c9e8de78 -> 
  custom:scripting/monoscript/fileName/SpriteOutlineModule.cs: 249fecf584323de7d2fd0b14e9a4944c -> 
  custom:SearchIndexIgnoredProperties: e643bd26f0fe6173181afceb89e7c659 -> 
  custom:AudioImporter_EditorPlatform: d09bf68614088b80899f8185d706f6e7 -> 
  custom:scripting/monoscript/fileName/SpriteEditorUtility.cs: 7e2d1f2cb427fd67c5461f9431375c3a -> 
  custom:scripting/monoscript/fileName/SpriteSecondaryTexturesModule.cs: 8f361de5bdfd731e220c415240ad033f -> 
  custom:scripting/monoscript/fileName/IGUIUtility.cs: cad79017f17454feb4e1799b1c42f87c -> 
  custom:scripting/monoscript/fileName/IHandles.cs: d2780a18a3844e49d490d68d5cb3d26a -> 
  custom:scripting/monoscript/fileName/TextureImporterDataProvider.cs: d68f5d5325387f4e38fdcf2610c72ce3 -> 
  custom:scripting/monoscript/fileName/SpriteEditorMenu.cs: f9042f312a91c162ede0d5de48225240 -> 
  custom:scripting/monoscript/fileName/ISpriteEditorDataProvider.cs: 4c01add71bf03a3e1afff21bbd534ee9 -> 
  custom:scripting/monoscript/fileName/IUndoSystem.cs: 841a069a843e48d57d362ca08bca21d4 -> 
  custom:scripting/monoscript/fileName/SpritePolygonModeModuleView.cs: db8ddbee5a89c636987047f4602001ef -> 
  custom:scripting/monoscript/fileName/SpriteEditorData.cs: 79e0d970ecf11ef3020398e38672548f -> 
  custom:video-encoder-webm-vp8: eb34c28f22e8b96e1ab97ce403110664 -> 
  custom:audio-decoder-ogg-vorbis: bf7c407c2cedff20999df2af8eb42d56 -> 
  custom:scripting/monoscript/fileName/SpriteEditorWindowSettings.cs: 8e59c26ada2085b3ebaa83fd01af70e3 -> 
  custom:scripting/monoscript/fileName/SpriteFrameModuleBaseView.cs: 72abaa53c3c1184e23d4d9a45f62d8c2 -> 
  custom:scripting/monoscript/fileName/IAssetDatabase.cs: c40b958675a6cd5b519fa6ca497fede4 -> 
  custom:scripting/monoscript/fileName/SpriteFrameModule.cs: f07011b3ec3622062bef733dc29fedf0 -> 
  custom:scripting/monoscript/fileName/ShapeEditorRectSelection.cs: 1696d724b33ef6168949bbdce78d19c6 -> 
  custom:scripting/monoscript/fileName/TextureImporterDataProviderImplementation.cs: ffb9fda6ca225aa106e9fa84455f4e60 -> 
  custom:audio-encoder-webm-vorbis: bf7c407c2cedff20999df2af8eb42d56 -> 
  custom:scripting/monoscript/fileName/SpriteUtilityWindow.cs: 4827aafd0c4d893166845eac1266c4ed -> 
  custom:scripting/monoscript/fileName/SpriteFrameModuleBase.cs: 82472910b376b3c28a6f5b31b28f5f51 -> 
  custom:scripting/precompiled-assembly-types:Assembly-CSharp: e8ed9741bcbf294b9c3e9b888859a665 -> 17fd4233e2971542c9b4d9c5fc8a1fc5
  custom:scripting/monoscript/fileName/SpriteFrameModuleView.cs: f07011b3ec3622062bef733dc29fedf0 -> 
========================================================================
Received Prepare
Caller must complete domain reload
Begin MonoManager ReloadAssembly
- Loaded All Assemblies, in  0.547 seconds
Native extension for WindowsStandalone target not found
Mono: successfully reloaded assembly
- Finished resetting the current domain, in  1.108 seconds
Domain Reload Profiling: 1655ms
	BeginReloadAssembly (178ms)
		ExecutionOrderSort (0ms)
		DisableScriptedObjects (5ms)
		BackupInstance (0ms)
		ReleaseScriptingObjects (0ms)
		CreateAndSetChildDomain (35ms)
	RebuildCommonClasses (32ms)
	RebuildNativeTypeToScriptingClass (11ms)
	initialDomainReloadingComplete (26ms)
	LoadAllAssembliesAndSetupDomain (299ms)
		LoadAssemblies (369ms)
		RebuildTransferFunctionScriptingTraits (0ms)
		AnalyzeDomain (33ms)
			TypeCache.Refresh (12ms)
				TypeCache.ScanAssembly (0ms)
			ScanForSourceGeneratedMonoScriptInfo (12ms)
			ResolveRequiredComponents (6ms)
	FinalizeReload (1109ms)
		ReleaseScriptCaches (0ms)
		RebuildScriptCaches (0ms)
		SetupLoadedEditorAssemblies (604ms)
			LogAssemblyErrors (0ms)
			InitializePlatformSupportModulesInManaged (5ms)
			SetLoadedEditorAssemblies (5ms)
			RefreshPlugins (0ms)
			BeforeProcessingInitializeOnLoad (92ms)
			ProcessInitializeOnLoadAttributes (472ms)
			ProcessInitializeOnLoadMethodAttributes (28ms)
			AfterProcessingInitializeOnLoad (2ms)
			EditorAssembliesLoaded (0ms)
		ExecutionOrderSort2 (0ms)
		AwakeInstancesAfterBackupRestoration (6ms)
Refreshing native plugins compatible for Editor in 2.56 ms, found 3 plugins.
Preloading 0 native plugins for Editor in 0.00 ms.
Unloading 3578 Unused Serialized files (Serialized files now loaded: 0)
Unloading 14 unused Assets / (28.6 KB). Loaded Objects now: 4239.
Memory consumption went from 128.0 MB to 127.9 MB.
Total: 3.252400 ms (FindLiveObjects: 0.340000 ms CreateObjectMapping: 0.229600 ms MarkObjects: 2.631200 ms  DeleteObjects: 0.050300 ms)

Prepare: number of updated asset objects reloaded= 0
AssetImportParameters requested are different than current active one (requested -> active):
  custom:scripting/monoscript/fileName/RandomHitPlacer.cs: 0e520bb249608fd9a2ce5ff96c591009 -> 
  custom:container-demuxer-ogg: 62fdf1f143b41e24485cea50d1cbac27 -> 
  custom:scripting/monoscript/fileName/SpriteEditorWindow.cs: 1629bd700639d5abf7ee9c1a15128fda -> 
  custom:scripting/monoscript/fileName/SpriteRect.cs: 8da6d12a5fbd75a0eba31cfa62842428 -> 
  custom:scripting/monoscript/fileName/ISpriteEditorModule.cs: f35f8b8d39dcfd448fbbe9ea48566c2f -> 
  custom:video-decoder-ogg-theora: a1e56fd34408186e4bbccfd4996cb3dc -> 
  custom:scripting/monoscript/fileName/MenuItems.cs: 3ea3522373e3b4d2ef39113c39531efd -> 
  custom:scripting/monoscript/fileName/DefaultSpriteNameFileIdDataProvider.cs: cd965ed390b21ec0302c3211a9f903ff -> 
  custom:framework-win-MediaFoundation: 216162199b28c13a410421893ffa2e32 -> 
  custom:scripting/monoscript/fileName/PlayerInteract.cs: 73ffd8c360dbab24565d6c0e90133a24 -> 
  custom:scripting/monoscript/fileName/ShapeEditor.cs: 7eba0c642af179a392c34e527393b30b -> 
  custom:scripting/monoscript/fileName/SpritePolygonModeModule.cs: 8b4aa126b968b0772b9e20476364e690 -> 
  custom:scripting/precompiled-assembly-types:Unity.2D.Sprite.Editor: c80415e041d636416599f4ac20098905 -> 
  custom:scripting/monoscript/fileName/ItemCreationUtility.cs: d1c4ddba747ed633116f555c0d69ace7 -> 
  custom:CustomObjectIndexerAttribute: 9a22284fe3817be447336de3de66b15e -> 
  custom:scripting/monoscript/fileName/SpriteEditorHandles.cs: 8b78502b9b56b3c556563a6e935b52ad -> 
  custom:container-demuxer-webm: 4f35f7cbe854078d1ac9338744f61a02 -> 
  custom:scripting/monoscript/fileName/SpriteNameFileIdPair.cs: 8dab74045e538d5698ea3c4caed3e48c -> 
  custom:scripting/monoscript/fileName/IGL.cs: 8903f8a1304142ec1aefe33b7a4db28c -> 
  custom:scripting/monoscript/fileName/SpritePhysicsShapeModule.cs: 35688b9e178698712b557d50761dc7c2 -> 
  custom:scripting/monoscript/fileName/ITexture.cs: dbb4c87e1c028ce779185d5d3d566460 -> 
  custom:container-muxer-webm: aa71ff27fc2769a1b78a27578f13a17b -> 
  custom:scripting/monoscript/fileName/IEvent.cs: c25d501578d8ebe48d7b30415b0df4c5 -> 
  custom:video-decoder-webm-vp8: 9c59270c3fd7afecdb556c50c9e8de78 -> 
  custom:scripting/monoscript/fileName/SpriteOutlineModule.cs: 249fecf584323de7d2fd0b14e9a4944c -> 
  custom:SearchIndexIgnoredProperties: e643bd26f0fe6173181afceb89e7c659 -> 
  custom:AudioImporter_EditorPlatform: d09bf68614088b80899f8185d706f6e7 -> 
  custom:scripting/monoscript/fileName/SpriteEditorUtility.cs: 7e2d1f2cb427fd67c5461f9431375c3a -> 
  custom:scripting/monoscript/fileName/SpriteSecondaryTexturesModule.cs: 8f361de5bdfd731e220c415240ad033f -> 
  custom:scripting/monoscript/fileName/IGUIUtility.cs: cad79017f17454feb4e1799b1c42f87c -> 
  custom:scripting/monoscript/fileName/IHandles.cs: d2780a18a3844e49d490d68d5cb3d26a -> 
  custom:scripting/monoscript/fileName/TextureImporterDataProvider.cs: d68f5d5325387f4e38fdcf2610c72ce3 -> 
  custom:scripting/monoscript/fileName/SpriteEditorMenu.cs: f9042f312a91c162ede0d5de48225240 -> 
  custom:scripting/monoscript/fileName/ISpriteEditorDataProvider.cs: 4c01add71bf03a3e1afff21bbd534ee9 -> 
  custom:scripting/monoscript/fileName/IUndoSystem.cs: 841a069a843e48d57d362ca08bca21d4 -> 
  custom:scripting/monoscript/fileName/SpritePolygonModeModuleView.cs: db8ddbee5a89c636987047f4602001ef -> 
  custom:scripting/monoscript/fileName/SpriteEditorData.cs: 79e0d970ecf11ef3020398e38672548f -> 
  custom:video-encoder-webm-vp8: eb34c28f22e8b96e1ab97ce403110664 -> 
  custom:audio-decoder-ogg-vorbis: bf7c407c2cedff20999df2af8eb42d56 -> 
  custom:scripting/monoscript/fileName/SpriteEditorWindowSettings.cs: 8e59c26ada2085b3ebaa83fd01af70e3 -> 
  custom:scripting/monoscript/fileName/SpriteFrameModuleBaseView.cs: 72abaa53c3c1184e23d4d9a45f62d8c2 -> 
  custom:scripting/monoscript/fileName/IAssetDatabase.cs: c40b958675a6cd5b519fa6ca497fede4 -> 
  custom:scripting/monoscript/fileName/SpriteFrameModule.cs: f07011b3ec3622062bef733dc29fedf0 -> 
  custom:scripting/monoscript/fileName/ShapeEditorRectSelection.cs: 1696d724b33ef6168949bbdce78d19c6 -> 
  custom:scripting/monoscript/fileName/TextureImporterDataProviderImplementation.cs: ffb9fda6ca225aa106e9fa84455f4e60 -> 
  custom:audio-encoder-webm-vorbis: bf7c407c2cedff20999df2af8eb42d56 -> 
  custom:scripting/monoscript/fileName/SpriteUtilityWindow.cs: 4827aafd0c4d893166845eac1266c4ed -> 
  custom:scripting/monoscript/fileName/SpriteFrameModuleBase.cs: 82472910b376b3c28a6f5b31b28f5f51 -> 
  custom:scripting/precompiled-assembly-types:Assembly-CSharp: e8ed9741bcbf294b9c3e9b888859a665 -> 17fd4233e2971542c9b4d9c5fc8a1fc5
  custom:scripting/monoscript/fileName/SpriteFrameModuleView.cs: f07011b3ec3622062bef733dc29fedf0 -> 
========================================================================
Received Prepare
Caller must complete domain reload
Begin MonoManager ReloadAssembly
- Loaded All Assemblies, in  0.509 seconds
Native extension for WindowsStandalone target not found
Mono: successfully reloaded assembly
- Finished resetting the current domain, in  1.192 seconds
Domain Reload Profiling: 1702ms
	BeginReloadAssembly (174ms)
		ExecutionOrderSort (0ms)
		DisableScriptedObjects (5ms)
		BackupInstance (0ms)
		ReleaseScriptingObjects (0ms)
		CreateAndSetChildDomain (35ms)
	RebuildCommonClasses (35ms)
	RebuildNativeTypeToScriptingClass (11ms)
	initialDomainReloadingComplete (27ms)
	LoadAllAssembliesAndSetupDomain (262ms)
		LoadAssemblies (348ms)
		RebuildTransferFunctionScriptingTraits (0ms)
		AnalyzeDomain (17ms)
			TypeCache.Refresh (10ms)
				TypeCache.ScanAssembly (0ms)
			ScanForSourceGeneratedMonoScriptInfo (0ms)
			ResolveRequiredComponents (6ms)
	FinalizeReload (1193ms)
		ReleaseScriptCaches (0ms)
		RebuildScriptCaches (0ms)
		SetupLoadedEditorAssemblies (612ms)
			LogAssemblyErrors (0ms)
			InitializePlatformSupportModulesInManaged (6ms)
			SetLoadedEditorAssemblies (7ms)
			RefreshPlugins (0ms)
			BeforeProcessingInitializeOnLoad (98ms)
			ProcessInitializeOnLoadAttributes (472ms)
			ProcessInitializeOnLoadMethodAttributes (26ms)
			AfterProcessingInitializeOnLoad (3ms)
			EditorAssembliesLoaded (0ms)
		ExecutionOrderSort2 (0ms)
		AwakeInstancesAfterBackupRestoration (6ms)
Refreshing native plugins compatible for Editor in 2.93 ms, found 3 plugins.
Preloading 0 native plugins for Editor in 0.00 ms.
Unloading 3578 Unused Serialized files (Serialized files now loaded: 0)
Unloading 14 unused Assets / (28.6 KB). Loaded Objects now: 4242.
Memory consumption went from 128.0 MB to 127.9 MB.
Total: 3.273900 ms (FindLiveObjects: 0.402000 ms CreateObjectMapping: 0.365300 ms MarkObjects: 2.465400 ms  DeleteObjects: 0.040400 ms)

Prepare: number of updated asset objects reloaded= 0
AssetImportParameters requested are different than current active one (requested -> active):
  custom:scripting/monoscript/fileName/RandomHitPlacer.cs: 0e520bb249608fd9a2ce5ff96c591009 -> 
  custom:container-demuxer-ogg: 62fdf1f143b41e24485cea50d1cbac27 -> 
  custom:scripting/monoscript/fileName/SpriteEditorWindow.cs: 1629bd700639d5abf7ee9c1a15128fda -> 
  custom:scripting/monoscript/fileName/SpriteRect.cs: 8da6d12a5fbd75a0eba31cfa62842428 -> 
  custom:scripting/monoscript/fileName/ISpriteEditorModule.cs: f35f8b8d39dcfd448fbbe9ea48566c2f -> 
  custom:video-decoder-ogg-theora: a1e56fd34408186e4bbccfd4996cb3dc -> 
  custom:scripting/monoscript/fileName/MenuItems.cs: 3ea3522373e3b4d2ef39113c39531efd -> 
  custom:scripting/monoscript/fileName/DefaultSpriteNameFileIdDataProvider.cs: cd965ed390b21ec0302c3211a9f903ff -> 
  custom:framework-win-MediaFoundation: 216162199b28c13a410421893ffa2e32 -> 
  custom:scripting/monoscript/fileName/PlayerInteract.cs: 73ffd8c360dbab24565d6c0e90133a24 -> 
  custom:scripting/monoscript/fileName/ShapeEditor.cs: 7eba0c642af179a392c34e527393b30b -> 
  custom:scripting/monoscript/fileName/SpritePolygonModeModule.cs: 8b4aa126b968b0772b9e20476364e690 -> 
  custom:scripting/precompiled-assembly-types:Unity.2D.Sprite.Editor: c80415e041d636416599f4ac20098905 -> 
  custom:scripting/monoscript/fileName/ItemCreationUtility.cs: d1c4ddba747ed633116f555c0d69ace7 -> 
  custom:CustomObjectIndexerAttribute: 9a22284fe3817be447336de3de66b15e -> 
  custom:scripting/monoscript/fileName/SpriteEditorHandles.cs: 8b78502b9b56b3c556563a6e935b52ad -> 
  custom:container-demuxer-webm: 4f35f7cbe854078d1ac9338744f61a02 -> 
  custom:scripting/monoscript/fileName/SpriteNameFileIdPair.cs: 8dab74045e538d5698ea3c4caed3e48c -> 
  custom:scripting/monoscript/fileName/IGL.cs: 8903f8a1304142ec1aefe33b7a4db28c -> 
  custom:scripting/monoscript/fileName/SpritePhysicsShapeModule.cs: 35688b9e178698712b557d50761dc7c2 -> 
  custom:scripting/monoscript/fileName/ITexture.cs: dbb4c87e1c028ce779185d5d3d566460 -> 
  custom:container-muxer-webm: aa71ff27fc2769a1b78a27578f13a17b -> 
  custom:scripting/monoscript/fileName/IEvent.cs: c25d501578d8ebe48d7b30415b0df4c5 -> 
  custom:video-decoder-webm-vp8: 9c59270c3fd7afecdb556c50c9e8de78 -> 
  custom:scripting/monoscript/fileName/SpriteOutlineModule.cs: 249fecf584323de7d2fd0b14e9a4944c -> 
  custom:SearchIndexIgnoredProperties: e643bd26f0fe6173181afceb89e7c659 -> 
  custom:AudioImporter_EditorPlatform: d09bf68614088b80899f8185d706f6e7 -> 
  custom:scripting/monoscript/fileName/SpriteEditorUtility.cs: 7e2d1f2cb427fd67c5461f9431375c3a -> 
  custom:scripting/monoscript/fileName/SpriteSecondaryTexturesModule.cs: 8f361de5bdfd731e220c415240ad033f -> 
  custom:scripting/monoscript/fileName/IGUIUtility.cs: cad79017f17454feb4e1799b1c42f87c -> 
  custom:scripting/monoscript/fileName/IHandles.cs: d2780a18a3844e49d490d68d5cb3d26a -> 
  custom:scripting/monoscript/fileName/TextureImporterDataProvider.cs: d68f5d5325387f4e38fdcf2610c72ce3 -> 
  custom:scripting/monoscript/fileName/SpriteEditorMenu.cs: f9042f312a91c162ede0d5de48225240 -> 
  custom:scripting/monoscript/fileName/ISpriteEditorDataProvider.cs: 4c01add71bf03a3e1afff21bbd534ee9 -> 
  custom:scripting/monoscript/fileName/IUndoSystem.cs: 841a069a843e48d57d362ca08bca21d4 -> 
  custom:scripting/monoscript/fileName/SpritePolygonModeModuleView.cs: db8ddbee5a89c636987047f4602001ef -> 
  custom:scripting/monoscript/fileName/SpriteEditorData.cs: 79e0d970ecf11ef3020398e38672548f -> 
  custom:video-encoder-webm-vp8: eb34c28f22e8b96e1ab97ce403110664 -> 
  custom:audio-decoder-ogg-vorbis: bf7c407c2cedff20999df2af8eb42d56 -> 
  custom:scripting/monoscript/fileName/SpriteEditorWindowSettings.cs: 8e59c26ada2085b3ebaa83fd01af70e3 -> 
  custom:scripting/monoscript/fileName/SpriteFrameModuleBaseView.cs: 72abaa53c3c1184e23d4d9a45f62d8c2 -> 
  custom:scripting/monoscript/fileName/IAssetDatabase.cs: c40b958675a6cd5b519fa6ca497fede4 -> 
  custom:scripting/monoscript/fileName/SpriteFrameModule.cs: f07011b3ec3622062bef733dc29fedf0 -> 
  custom:scripting/monoscript/fileName/ShapeEditorRectSelection.cs: 1696d724b33ef6168949bbdce78d19c6 -> 
  custom:scripting/monoscript/fileName/TextureImporterDataProviderImplementation.cs: ffb9fda6ca225aa106e9fa84455f4e60 -> 
  custom:audio-encoder-webm-vorbis: bf7c407c2cedff20999df2af8eb42d56 -> 
  custom:scripting/monoscript/fileName/SpriteUtilityWindow.cs: 4827aafd0c4d893166845eac1266c4ed -> 
  custom:scripting/monoscript/fileName/SpriteFrameModuleBase.cs: 82472910b376b3c28a6f5b31b28f5f51 -> 
  custom:scripting/precompiled-assembly-types:Assembly-CSharp: e8ed9741bcbf294b9c3e9b888859a665 -> 17fd4233e2971542c9b4d9c5fc8a1fc5
  custom:scripting/monoscript/fileName/SpriteFrameModuleView.cs: f07011b3ec3622062bef733dc29fedf0 -> 
========================================================================
Received Prepare
Caller must complete domain reload
Begin MonoManager ReloadAssembly
- Loaded All Assemblies, in  0.557 seconds
Native extension for WindowsStandalone target not found
Mono: successfully reloaded assembly
- Finished resetting the current domain, in  1.094 seconds
Domain Reload Profiling: 1650ms
	BeginReloadAssembly (183ms)
		ExecutionOrderSort (0ms)
		DisableScriptedObjects (7ms)
		BackupInstance (0ms)
		ReleaseScriptingObjects (0ms)
		CreateAndSetChildDomain (32ms)
	RebuildCommonClasses (34ms)
	RebuildNativeTypeToScriptingClass (10ms)
	initialDomainReloadingComplete (26ms)
	LoadAllAssembliesAndSetupDomain (303ms)
		LoadAssemblies (381ms)
		RebuildTransferFunctionScriptingTraits (0ms)
		AnalyzeDomain (35ms)
			TypeCache.Refresh (14ms)
				TypeCache.ScanAssembly (0ms)
			ScanForSourceGeneratedMonoScriptInfo (14ms)
			ResolveRequiredComponents (6ms)
	FinalizeReload (1094ms)
		ReleaseScriptCaches (0ms)
		RebuildScriptCaches (0ms)
		SetupLoadedEditorAssemblies (574ms)
			LogAssemblyErrors (0ms)
			InitializePlatformSupportModulesInManaged (5ms)
			SetLoadedEditorAssemblies (7ms)
			RefreshPlugins (0ms)
			BeforeProcessingInitializeOnLoad (98ms)
			ProcessInitializeOnLoadAttributes (437ms)
			ProcessInitializeOnLoadMethodAttributes (24ms)
			AfterProcessingInitializeOnLoad (2ms)
			EditorAssembliesLoaded (0ms)
		ExecutionOrderSort2 (0ms)
		AwakeInstancesAfterBackupRestoration (6ms)
Refreshing native plugins compatible for Editor in 2.60 ms, found 3 plugins.
Preloading 0 native plugins for Editor in 0.00 ms.
Unloading 3578 Unused Serialized files (Serialized files now loaded: 0)
Unloading 14 unused Assets / (28.6 KB). Loaded Objects now: 4245.
Memory consumption went from 128.0 MB to 127.9 MB.
Total: 4.162400 ms (FindLiveObjects: 0.273000 ms CreateObjectMapping: 0.169100 ms MarkObjects: 3.643000 ms  DeleteObjects: 0.076100 ms)

Prepare: number of updated asset objects reloaded= 0
AssetImportParameters requested are different than current active one (requested -> active):
  custom:scripting/monoscript/fileName/RandomHitPlacer.cs: 0e520bb249608fd9a2ce5ff96c591009 -> 
  custom:container-demuxer-ogg: 62fdf1f143b41e24485cea50d1cbac27 -> 
  custom:scripting/monoscript/fileName/SpriteEditorWindow.cs: 1629bd700639d5abf7ee9c1a15128fda -> 
  custom:scripting/monoscript/fileName/SpriteRect.cs: 8da6d12a5fbd75a0eba31cfa62842428 -> 
  custom:scripting/monoscript/fileName/ISpriteEditorModule.cs: f35f8b8d39dcfd448fbbe9ea48566c2f -> 
  custom:video-decoder-ogg-theora: a1e56fd34408186e4bbccfd4996cb3dc -> 
  custom:scripting/monoscript/fileName/MenuItems.cs: 3ea3522373e3b4d2ef39113c39531efd -> 
  custom:scripting/monoscript/fileName/DefaultSpriteNameFileIdDataProvider.cs: cd965ed390b21ec0302c3211a9f903ff -> 
  custom:framework-win-MediaFoundation: 216162199b28c13a410421893ffa2e32 -> 
  custom:scripting/monoscript/fileName/PlayerInteract.cs: 73ffd8c360dbab24565d6c0e90133a24 -> 
  custom:scripting/monoscript/fileName/ShapeEditor.cs: 7eba0c642af179a392c34e527393b30b -> 
  custom:scripting/monoscript/fileName/SpritePolygonModeModule.cs: 8b4aa126b968b0772b9e20476364e690 -> 
  custom:scripting/precompiled-assembly-types:Unity.2D.Sprite.Editor: c80415e041d636416599f4ac20098905 -> 
  custom:scripting/monoscript/fileName/ItemCreationUtility.cs: d1c4ddba747ed633116f555c0d69ace7 -> 
  custom:CustomObjectIndexerAttribute: 9a22284fe3817be447336de3de66b15e -> 
  custom:scripting/monoscript/fileName/SpriteEditorHandles.cs: 8b78502b9b56b3c556563a6e935b52ad -> 
  custom:container-demuxer-webm: 4f35f7cbe854078d1ac9338744f61a02 -> 
  custom:scripting/monoscript/fileName/SpriteNameFileIdPair.cs: 8dab74045e538d5698ea3c4caed3e48c -> 
  custom:scripting/monoscript/fileName/IGL.cs: 8903f8a1304142ec1aefe33b7a4db28c -> 
  custom:scripting/monoscript/fileName/SpritePhysicsShapeModule.cs: 35688b9e178698712b557d50761dc7c2 -> 
  custom:scripting/monoscript/fileName/ITexture.cs: dbb4c87e1c028ce779185d5d3d566460 -> 
  custom:container-muxer-webm: aa71ff27fc2769a1b78a27578f13a17b -> 
  custom:scripting/monoscript/fileName/IEvent.cs: c25d501578d8ebe48d7b30415b0df4c5 -> 
  custom:video-decoder-webm-vp8: 9c59270c3fd7afecdb556c50c9e8de78 -> 
  custom:scripting/monoscript/fileName/SpriteOutlineModule.cs: 249fecf584323de7d2fd0b14e9a4944c -> 
  custom:SearchIndexIgnoredProperties: e643bd26f0fe6173181afceb89e7c659 -> 
  custom:AudioImporter_EditorPlatform: d09bf68614088b80899f8185d706f6e7 -> 
  custom:scripting/monoscript/fileName/SpriteEditorUtility.cs: 7e2d1f2cb427fd67c5461f9431375c3a -> 
  custom:scripting/monoscript/fileName/SpriteSecondaryTexturesModule.cs: 8f361de5bdfd731e220c415240ad033f -> 
  custom:scripting/monoscript/fileName/IGUIUtility.cs: cad79017f17454feb4e1799b1c42f87c -> 
  custom:scripting/monoscript/fileName/IHandles.cs: d2780a18a3844e49d490d68d5cb3d26a -> 
  custom:scripting/monoscript/fileName/TextureImporterDataProvider.cs: d68f5d5325387f4e38fdcf2610c72ce3 -> 
  custom:scripting/monoscript/fileName/SpriteEditorMenu.cs: f9042f312a91c162ede0d5de48225240 -> 
  custom:scripting/monoscript/fileName/ISpriteEditorDataProvider.cs: 4c01add71bf03a3e1afff21bbd534ee9 -> 
  custom:scripting/monoscript/fileName/IUndoSystem.cs: 841a069a843e48d57d362ca08bca21d4 -> 
  custom:scripting/monoscript/fileName/SpritePolygonModeModuleView.cs: db8ddbee5a89c636987047f4602001ef -> 
  custom:scripting/monoscript/fileName/SpriteEditorData.cs: 79e0d970ecf11ef3020398e38672548f -> 
  custom:video-encoder-webm-vp8: eb34c28f22e8b96e1ab97ce403110664 -> 
  custom:audio-decoder-ogg-vorbis: bf7c407c2cedff20999df2af8eb42d56 -> 
  custom:scripting/monoscript/fileName/SpriteEditorWindowSettings.cs: 8e59c26ada2085b3ebaa83fd01af70e3 -> 
  custom:scripting/monoscript/fileName/SpriteFrameModuleBaseView.cs: 72abaa53c3c1184e23d4d9a45f62d8c2 -> 
  custom:scripting/monoscript/fileName/IAssetDatabase.cs: c40b958675a6cd5b519fa6ca497fede4 -> 
  custom:scripting/monoscript/fileName/SpriteFrameModule.cs: f07011b3ec3622062bef733dc29fedf0 -> 
  custom:scripting/monoscript/fileName/ShapeEditorRectSelection.cs: 1696d724b33ef6168949bbdce78d19c6 -> 
  custom:scripting/monoscript/fileName/TextureImporterDataProviderImplementation.cs: ffb9fda6ca225aa106e9fa84455f4e60 -> 
  custom:audio-encoder-webm-vorbis: bf7c407c2cedff20999df2af8eb42d56 -> 
  custom:scripting/monoscript/fileName/SpriteUtilityWindow.cs: 4827aafd0c4d893166845eac1266c4ed -> 
  custom:scripting/monoscript/fileName/SpriteFrameModuleBase.cs: 82472910b376b3c28a6f5b31b28f5f51 -> 
  custom:scripting/precompiled-assembly-types:Assembly-CSharp: e8ed9741bcbf294b9c3e9b888859a665 -> 17fd4233e2971542c9b4d9c5fc8a1fc5
  custom:scripting/monoscript/fileName/SpriteFrameModuleView.cs: f07011b3ec3622062bef733dc29fedf0 -> 
========================================================================
Received Prepare
Caller must complete domain reload
Begin MonoManager ReloadAssembly
- Loaded All Assemblies, in  0.486 seconds
Native extension for WindowsStandalone target not found
Mono: successfully reloaded assembly
- Finished resetting the current domain, in  1.157 seconds
Domain Reload Profiling: 1642ms
	BeginReloadAssembly (166ms)
		ExecutionOrderSort (0ms)
		DisableScriptedObjects (5ms)
		BackupInstance (0ms)
		ReleaseScriptingObjects (0ms)
		CreateAndSetChildDomain (32ms)
	RebuildCommonClasses (32ms)
	RebuildNativeTypeToScriptingClass (10ms)
	initialDomainReloadingComplete (28ms)
	LoadAllAssembliesAndSetupDomain (250ms)
		LoadAssemblies (334ms)
		RebuildTransferFunctionScriptingTraits (0ms)
		AnalyzeDomain (17ms)
			TypeCache.Refresh (9ms)
				TypeCache.ScanAssembly (0ms)
			ScanForSourceGeneratedMonoScriptInfo (0ms)
			ResolveRequiredComponents (7ms)
	FinalizeReload (1157ms)
		ReleaseScriptCaches (0ms)
		RebuildScriptCaches (0ms)
		SetupLoadedEditorAssemblies (637ms)
			LogAssemblyErrors (0ms)
			InitializePlatformSupportModulesInManaged (7ms)
			SetLoadedEditorAssemblies (6ms)
			RefreshPlugins (0ms)
			BeforeProcessingInitializeOnLoad (99ms)
			ProcessInitializeOnLoadAttributes (495ms)
			ProcessInitializeOnLoadMethodAttributes (26ms)
			AfterProcessingInitializeOnLoad (3ms)
			EditorAssembliesLoaded (0ms)
		ExecutionOrderSort2 (0ms)
		AwakeInstancesAfterBackupRestoration (7ms)
Refreshing native plugins compatible for Editor in 3.29 ms, found 3 plugins.
Preloading 0 native plugins for Editor in 0.00 ms.
Unloading 3578 Unused Serialized files (Serialized files now loaded: 0)
Unloading 14 unused Assets / (28.6 KB). Loaded Objects now: 4248.
Memory consumption went from 128.0 MB to 127.9 MB.
Total: 4.274100 ms (FindLiveObjects: 0.429900 ms CreateObjectMapping: 0.286800 ms MarkObjects: 3.480500 ms  DeleteObjects: 0.076000 ms)

Prepare: number of updated asset objects reloaded= 0
AssetImportParameters requested are different than current active one (requested -> active):
  custom:scripting/monoscript/fileName/RandomHitPlacer.cs: 0e520bb249608fd9a2ce5ff96c591009 -> 
  custom:container-demuxer-ogg: 62fdf1f143b41e24485cea50d1cbac27 -> 
  custom:scripting/monoscript/fileName/SpriteEditorWindow.cs: 1629bd700639d5abf7ee9c1a15128fda -> 
  custom:scripting/monoscript/fileName/SpriteRect.cs: 8da6d12a5fbd75a0eba31cfa62842428 -> 
  custom:scripting/monoscript/fileName/ISpriteEditorModule.cs: f35f8b8d39dcfd448fbbe9ea48566c2f -> 
  custom:video-decoder-ogg-theora: a1e56fd34408186e4bbccfd4996cb3dc -> 
  custom:scripting/monoscript/fileName/MenuItems.cs: 3ea3522373e3b4d2ef39113c39531efd -> 
  custom:scripting/monoscript/fileName/DefaultSpriteNameFileIdDataProvider.cs: cd965ed390b21ec0302c3211a9f903ff -> 
  custom:framework-win-MediaFoundation: 216162199b28c13a410421893ffa2e32 -> 
  custom:scripting/monoscript/fileName/PlayerInteract.cs: 73ffd8c360dbab24565d6c0e90133a24 -> 
  custom:scripting/monoscript/fileName/ShapeEditor.cs: 7eba0c642af179a392c34e527393b30b -> 
  custom:scripting/monoscript/fileName/SpritePolygonModeModule.cs: 8b4aa126b968b0772b9e20476364e690 -> 
  custom:scripting/precompiled-assembly-types:Unity.2D.Sprite.Editor: c80415e041d636416599f4ac20098905 -> 
  custom:scripting/monoscript/fileName/ItemCreationUtility.cs: d1c4ddba747ed633116f555c0d69ace7 -> 
  custom:CustomObjectIndexerAttribute: 9a22284fe3817be447336de3de66b15e -> 
  custom:scripting/monoscript/fileName/SpriteEditorHandles.cs: 8b78502b9b56b3c556563a6e935b52ad -> 
  custom:container-demuxer-webm: 4f35f7cbe854078d1ac9338744f61a02 -> 
  custom:scripting/monoscript/fileName/SpriteNameFileIdPair.cs: 8dab74045e538d5698ea3c4caed3e48c -> 
  custom:scripting/monoscript/fileName/IGL.cs: 8903f8a1304142ec1aefe33b7a4db28c -> 
  custom:scripting/monoscript/fileName/SpritePhysicsShapeModule.cs: 35688b9e178698712b557d50761dc7c2 -> 
  custom:scripting/monoscript/fileName/ITexture.cs: dbb4c87e1c028ce779185d5d3d566460 -> 
  custom:container-muxer-webm: aa71ff27fc2769a1b78a27578f13a17b -> 
  custom:scripting/monoscript/fileName/IEvent.cs: c25d501578d8ebe48d7b30415b0df4c5 -> 
  custom:video-decoder-webm-vp8: 9c59270c3fd7afecdb556c50c9e8de78 -> 
  custom:scripting/monoscript/fileName/SpriteOutlineModule.cs: 249fecf584323de7d2fd0b14e9a4944c -> 
  custom:SearchIndexIgnoredProperties: e643bd26f0fe6173181afceb89e7c659 -> 
  custom:AudioImporter_EditorPlatform: d09bf68614088b80899f8185d706f6e7 -> 
  custom:scripting/monoscript/fileName/SpriteEditorUtility.cs: 7e2d1f2cb427fd67c5461f9431375c3a -> 
  custom:scripting/monoscript/fileName/SpriteSecondaryTexturesModule.cs: 8f361de5bdfd731e220c415240ad033f -> 
  custom:scripting/monoscript/fileName/IGUIUtility.cs: cad79017f17454feb4e1799b1c42f87c -> 
  custom:scripting/monoscript/fileName/IHandles.cs: d2780a18a3844e49d490d68d5cb3d26a -> 
  custom:scripting/monoscript/fileName/TextureImporterDataProvider.cs: d68f5d5325387f4e38fdcf2610c72ce3 -> 
  custom:scripting/monoscript/fileName/SpriteEditorMenu.cs: f9042f312a91c162ede0d5de48225240 -> 
  custom:scripting/monoscript/fileName/ISpriteEditorDataProvider.cs: 4c01add71bf03a3e1afff21bbd534ee9 -> 
  custom:scripting/monoscript/fileName/IUndoSystem.cs: 841a069a843e48d57d362ca08bca21d4 -> 
  custom:scripting/monoscript/fileName/SpritePolygonModeModuleView.cs: db8ddbee5a89c636987047f4602001ef -> 
  custom:scripting/monoscript/fileName/SpriteEditorData.cs: 79e0d970ecf11ef3020398e38672548f -> 
  custom:video-encoder-webm-vp8: eb34c28f22e8b96e1ab97ce403110664 -> 
  custom:audio-decoder-ogg-vorbis: bf7c407c2cedff20999df2af8eb42d56 -> 
  custom:scripting/monoscript/fileName/SpriteEditorWindowSettings.cs: 8e59c26ada2085b3ebaa83fd01af70e3 -> 
  custom:scripting/monoscript/fileName/SpriteFrameModuleBaseView.cs: 72abaa53c3c1184e23d4d9a45f62d8c2 -> 
  custom:scripting/monoscript/fileName/IAssetDatabase.cs: c40b958675a6cd5b519fa6ca497fede4 -> 
  custom:scripting/monoscript/fileName/SpriteFrameModule.cs: f07011b3ec3622062bef733dc29fedf0 -> 
  custom:scripting/monoscript/fileName/ShapeEditorRectSelection.cs: 1696d724b33ef6168949bbdce78d19c6 -> 
  custom:scripting/monoscript/fileName/TextureImporterDataProviderImplementation.cs: ffb9fda6ca225aa106e9fa84455f4e60 -> 
  custom:audio-encoder-webm-vorbis: bf7c407c2cedff20999df2af8eb42d56 -> 
  custom:scripting/monoscript/fileName/SpriteUtilityWindow.cs: 4827aafd0c4d893166845eac1266c4ed -> 
  custom:scripting/monoscript/fileName/SpriteFrameModuleBase.cs: 82472910b376b3c28a6f5b31b28f5f51 -> 
  custom:scripting/precompiled-assembly-types:Assembly-CSharp: e8ed9741bcbf294b9c3e9b888859a665 -> 17fd4233e2971542c9b4d9c5fc8a1fc5
  custom:scripting/monoscript/fileName/SpriteFrameModuleView.cs: f07011b3ec3622062bef733dc29fedf0 -> 
========================================================================
Received Prepare
Caller must complete domain reload
Begin MonoManager ReloadAssembly
- Loaded All Assemblies, in  0.504 seconds
Native extension for WindowsStandalone target not found
Mono: successfully reloaded assembly
- Finished resetting the current domain, in  1.166 seconds
Domain Reload Profiling: 1670ms
	BeginReloadAssembly (170ms)
		ExecutionOrderSort (0ms)
		DisableScriptedObjects (5ms)
		BackupInstance (0ms)
		ReleaseScriptingObjects (0ms)
		CreateAndSetChildDomain (31ms)
	RebuildCommonClasses (33ms)
	RebuildNativeTypeToScriptingClass (11ms)
	initialDomainReloadingComplete (25ms)
	LoadAllAssembliesAndSetupDomain (266ms)
		LoadAssemblies (350ms)
		RebuildTransferFunctionScriptingTraits (0ms)
		AnalyzeDomain (19ms)
			TypeCache.Refresh (12ms)
				TypeCache.ScanAssembly (0ms)
			ScanForSourceGeneratedMonoScriptInfo (0ms)
			ResolveRequiredComponents (5ms)
	FinalizeReload (1166ms)
		ReleaseScriptCaches (0ms)
		RebuildScriptCaches (0ms)
		SetupLoadedEditorAssemblies (642ms)
			LogAssemblyErrors (0ms)
			InitializePlatformSupportModulesInManaged (7ms)
			SetLoadedEditorAssemblies (5ms)
			RefreshPlugins (0ms)
			BeforeProcessingInitializeOnLoad (99ms)
			ProcessInitializeOnLoadAttributes (501ms)
			ProcessInitializeOnLoadMethodAttributes (26ms)
			AfterProcessingInitializeOnLoad (3ms)
			EditorAssembliesLoaded (0ms)
		ExecutionOrderSort2 (0ms)
		AwakeInstancesAfterBackupRestoration (7ms)
Refreshing native plugins compatible for Editor in 2.83 ms, found 3 plugins.
Preloading 0 native plugins for Editor in 0.00 ms.
Unloading 3578 Unused Serialized files (Serialized files now loaded: 0)
Unloading 14 unused Assets / (28.5 KB). Loaded Objects now: 4251.
Memory consumption went from 128.0 MB to 127.9 MB.
Total: 3.297700 ms (FindLiveObjects: 0.375800 ms CreateObjectMapping: 0.235400 ms MarkObjects: 2.648200 ms  DeleteObjects: 0.037300 ms)

Prepare: number of updated asset objects reloaded= 0
AssetImportParameters requested are different than current active one (requested -> active):
  custom:scripting/monoscript/fileName/RandomHitPlacer.cs: 0e520bb249608fd9a2ce5ff96c591009 -> 
  custom:container-demuxer-ogg: 62fdf1f143b41e24485cea50d1cbac27 -> 
  custom:scripting/monoscript/fileName/SpriteEditorWindow.cs: 1629bd700639d5abf7ee9c1a15128fda -> 
  custom:scripting/monoscript/fileName/SpriteRect.cs: 8da6d12a5fbd75a0eba31cfa62842428 -> 
  custom:scripting/monoscript/fileName/ISpriteEditorModule.cs: f35f8b8d39dcfd448fbbe9ea48566c2f -> 
  custom:video-decoder-ogg-theora: a1e56fd34408186e4bbccfd4996cb3dc -> 
  custom:scripting/monoscript/fileName/MenuItems.cs: 3ea3522373e3b4d2ef39113c39531efd -> 
  custom:scripting/monoscript/fileName/DefaultSpriteNameFileIdDataProvider.cs: cd965ed390b21ec0302c3211a9f903ff -> 
  custom:framework-win-MediaFoundation: 216162199b28c13a410421893ffa2e32 -> 
  custom:scripting/monoscript/fileName/PlayerInteract.cs: 73ffd8c360dbab24565d6c0e90133a24 -> 
  custom:scripting/monoscript/fileName/ShapeEditor.cs: 7eba0c642af179a392c34e527393b30b -> 
  custom:scripting/monoscript/fileName/SpritePolygonModeModule.cs: 8b4aa126b968b0772b9e20476364e690 -> 
  custom:scripting/precompiled-assembly-types:Unity.2D.Sprite.Editor: c80415e041d636416599f4ac20098905 -> 
  custom:scripting/monoscript/fileName/ItemCreationUtility.cs: d1c4ddba747ed633116f555c0d69ace7 -> 
  custom:CustomObjectIndexerAttribute: 9a22284fe3817be447336de3de66b15e -> 
  custom:scripting/monoscript/fileName/SpriteEditorHandles.cs: 8b78502b9b56b3c556563a6e935b52ad -> 
  custom:container-demuxer-webm: 4f35f7cbe854078d1ac9338744f61a02 -> 
  custom:scripting/monoscript/fileName/SpriteNameFileIdPair.cs: 8dab74045e538d5698ea3c4caed3e48c -> 
  custom:scripting/monoscript/fileName/IGL.cs: 8903f8a1304142ec1aefe33b7a4db28c -> 
  custom:scripting/monoscript/fileName/SpritePhysicsShapeModule.cs: 35688b9e178698712b557d50761dc7c2 -> 
  custom:scripting/monoscript/fileName/ITexture.cs: dbb4c87e1c028ce779185d5d3d566460 -> 
  custom:container-muxer-webm: aa71ff27fc2769a1b78a27578f13a17b -> 
  custom:scripting/monoscript/fileName/IEvent.cs: c25d501578d8ebe48d7b30415b0df4c5 -> 
  custom:video-decoder-webm-vp8: 9c59270c3fd7afecdb556c50c9e8de78 -> 
  custom:scripting/monoscript/fileName/SpriteOutlineModule.cs: 249fecf584323de7d2fd0b14e9a4944c -> 
  custom:SearchIndexIgnoredProperties: e643bd26f0fe6173181afceb89e7c659 -> 
  custom:AudioImporter_EditorPlatform: d09bf68614088b80899f8185d706f6e7 -> 
  custom:scripting/monoscript/fileName/SpriteEditorUtility.cs: 7e2d1f2cb427fd67c5461f9431375c3a -> 
  custom:scripting/monoscript/fileName/SpriteSecondaryTexturesModule.cs: 8f361de5bdfd731e220c415240ad033f -> 
  custom:scripting/monoscript/fileName/IGUIUtility.cs: cad79017f17454feb4e1799b1c42f87c -> 
  custom:scripting/monoscript/fileName/IHandles.cs: d2780a18a3844e49d490d68d5cb3d26a -> 
  custom:scripting/monoscript/fileName/TextureImporterDataProvider.cs: d68f5d5325387f4e38fdcf2610c72ce3 -> 
  custom:scripting/monoscript/fileName/SpriteEditorMenu.cs: f9042f312a91c162ede0d5de48225240 -> 
  custom:scripting/monoscript/fileName/ISpriteEditorDataProvider.cs: 4c01add71bf03a3e1afff21bbd534ee9 -> 
  custom:scripting/monoscript/fileName/IUndoSystem.cs: 841a069a843e48d57d362ca08bca21d4 -> 
  custom:scripting/monoscript/fileName/SpritePolygonModeModuleView.cs: db8ddbee5a89c636987047f4602001ef -> 
  custom:scripting/monoscript/fileName/SpriteEditorData.cs: 79e0d970ecf11ef3020398e38672548f -> 
  custom:video-encoder-webm-vp8: eb34c28f22e8b96e1ab97ce403110664 -> 
  custom:audio-decoder-ogg-vorbis: bf7c407c2cedff20999df2af8eb42d56 -> 
  custom:scripting/monoscript/fileName/SpriteEditorWindowSettings.cs: 8e59c26ada2085b3ebaa83fd01af70e3 -> 
  custom:scripting/monoscript/fileName/SpriteFrameModuleBaseView.cs: 72abaa53c3c1184e23d4d9a45f62d8c2 -> 
  custom:scripting/monoscript/fileName/IAssetDatabase.cs: c40b958675a6cd5b519fa6ca497fede4 -> 
  custom:scripting/monoscript/fileName/SpriteFrameModule.cs: f07011b3ec3622062bef733dc29fedf0 -> 
  custom:scripting/monoscript/fileName/ShapeEditorRectSelection.cs: 1696d724b33ef6168949bbdce78d19c6 -> 
  custom:scripting/monoscript/fileName/TextureImporterDataProviderImplementation.cs: ffb9fda6ca225aa106e9fa84455f4e60 -> 
  custom:audio-encoder-webm-vorbis: bf7c407c2cedff20999df2af8eb42d56 -> 
  custom:scripting/monoscript/fileName/SpriteUtilityWindow.cs: 4827aafd0c4d893166845eac1266c4ed -> 
  custom:scripting/monoscript/fileName/SpriteFrameModuleBase.cs: 82472910b376b3c28a6f5b31b28f5f51 -> 
  custom:scripting/precompiled-assembly-types:Assembly-CSharp: e8ed9741bcbf294b9c3e9b888859a665 -> 17fd4233e2971542c9b4d9c5fc8a1fc5
  custom:scripting/monoscript/fileName/SpriteFrameModuleView.cs: f07011b3ec3622062bef733dc29fedf0 -> 
========================================================================
Received Prepare
Caller must complete domain reload
Begin MonoManager ReloadAssembly
- Loaded All Assemblies, in  0.491 seconds
Native extension for WindowsStandalone target not found
Mono: successfully reloaded assembly
- Finished resetting the current domain, in  1.070 seconds
Domain Reload Profiling: 1561ms
	BeginReloadAssembly (180ms)
		ExecutionOrderSort (0ms)
		DisableScriptedObjects (6ms)
		BackupInstance (0ms)
		ReleaseScriptingObjects (0ms)
		CreateAndSetChildDomain (31ms)
	RebuildCommonClasses (30ms)
	RebuildNativeTypeToScriptingClass (11ms)
	initialDomainReloadingComplete (26ms)
	LoadAllAssembliesAndSetupDomain (243ms)
		LoadAssemblies (340ms)
		RebuildTransferFunctionScriptingTraits (0ms)
		AnalyzeDomain (14ms)
			TypeCache.Refresh (6ms)
				TypeCache.ScanAssembly (0ms)
			ScanForSourceGeneratedMonoScriptInfo (0ms)
			ResolveRequiredComponents (6ms)
	FinalizeReload (1071ms)
		ReleaseScriptCaches (0ms)
		RebuildScriptCaches (0ms)
		SetupLoadedEditorAssemblies (587ms)
			LogAssemblyErrors (0ms)
			InitializePlatformSupportModulesInManaged (5ms)
			SetLoadedEditorAssemblies (7ms)
			RefreshPlugins (0ms)
			BeforeProcessingInitializeOnLoad (96ms)
			ProcessInitializeOnLoadAttributes (451ms)
			ProcessInitializeOnLoadMethodAttributes (24ms)
			AfterProcessingInitializeOnLoad (3ms)
			EditorAssembliesLoaded (0ms)
		ExecutionOrderSort2 (0ms)
		AwakeInstancesAfterBackupRestoration (6ms)
Refreshing native plugins compatible for Editor in 3.41 ms, found 3 plugins.
Preloading 0 native plugins for Editor in 0.00 ms.
Unloading 3578 Unused Serialized files (Serialized files now loaded: 0)
Unloading 14 unused Assets / (28.5 KB). Loaded Objects now: 4254.
Memory consumption went from 128.0 MB to 127.9 MB.
Total: 4.607100 ms (FindLiveObjects: 0.332300 ms CreateObjectMapping: 0.240900 ms MarkObjects: 3.946200 ms  DeleteObjects: 0.086700 ms)

Prepare: number of updated asset objects reloaded= 0
AssetImportParameters requested are different than current active one (requested -> active):
  custom:scripting/monoscript/fileName/RandomHitPlacer.cs: 0e520bb249608fd9a2ce5ff96c591009 -> 
  custom:container-demuxer-ogg: 62fdf1f143b41e24485cea50d1cbac27 -> 
  custom:scripting/monoscript/fileName/SpriteEditorWindow.cs: 1629bd700639d5abf7ee9c1a15128fda -> 
  custom:scripting/monoscript/fileName/SpriteRect.cs: 8da6d12a5fbd75a0eba31cfa62842428 -> 
  custom:scripting/monoscript/fileName/ISpriteEditorModule.cs: f35f8b8d39dcfd448fbbe9ea48566c2f -> 
  custom:video-decoder-ogg-theora: a1e56fd34408186e4bbccfd4996cb3dc -> 
  custom:scripting/monoscript/fileName/MenuItems.cs: 3ea3522373e3b4d2ef39113c39531efd -> 
  custom:scripting/monoscript/fileName/DefaultSpriteNameFileIdDataProvider.cs: cd965ed390b21ec0302c3211a9f903ff -> 
  custom:framework-win-MediaFoundation: 216162199b28c13a410421893ffa2e32 -> 
  custom:scripting/monoscript/fileName/PlayerInteract.cs: 73ffd8c360dbab24565d6c0e90133a24 -> 
  custom:scripting/monoscript/fileName/ShapeEditor.cs: 7eba0c642af179a392c34e527393b30b -> 
  custom:scripting/monoscript/fileName/SpritePolygonModeModule.cs: 8b4aa126b968b0772b9e20476364e690 -> 
  custom:scripting/precompiled-assembly-types:Unity.2D.Sprite.Editor: c80415e041d636416599f4ac20098905 -> 
  custom:scripting/monoscript/fileName/ItemCreationUtility.cs: d1c4ddba747ed633116f555c0d69ace7 -> 
  custom:CustomObjectIndexerAttribute: 9a22284fe3817be447336de3de66b15e -> 
  custom:scripting/monoscript/fileName/SpriteEditorHandles.cs: 8b78502b9b56b3c556563a6e935b52ad -> 
  custom:container-demuxer-webm: 4f35f7cbe854078d1ac9338744f61a02 -> 
  custom:scripting/monoscript/fileName/SpriteNameFileIdPair.cs: 8dab74045e538d5698ea3c4caed3e48c -> 
  custom:scripting/monoscript/fileName/IGL.cs: 8903f8a1304142ec1aefe33b7a4db28c -> 
  custom:scripting/monoscript/fileName/SpritePhysicsShapeModule.cs: 35688b9e178698712b557d50761dc7c2 -> 
  custom:scripting/monoscript/fileName/ITexture.cs: dbb4c87e1c028ce779185d5d3d566460 -> 
  custom:container-muxer-webm: aa71ff27fc2769a1b78a27578f13a17b -> 
  custom:scripting/monoscript/fileName/IEvent.cs: c25d501578d8ebe48d7b30415b0df4c5 -> 
  custom:video-decoder-webm-vp8: 9c59270c3fd7afecdb556c50c9e8de78 -> 
  custom:scripting/monoscript/fileName/SpriteOutlineModule.cs: 249fecf584323de7d2fd0b14e9a4944c -> 
  custom:SearchIndexIgnoredProperties: e643bd26f0fe6173181afceb89e7c659 -> 
  custom:AudioImporter_EditorPlatform: d09bf68614088b80899f8185d706f6e7 -> 
  custom:scripting/monoscript/fileName/SpriteEditorUtility.cs: 7e2d1f2cb427fd67c5461f9431375c3a -> 
  custom:scripting/monoscript/fileName/SpriteSecondaryTexturesModule.cs: 8f361de5bdfd731e220c415240ad033f -> 
  custom:scripting/monoscript/fileName/IGUIUtility.cs: cad79017f17454feb4e1799b1c42f87c -> 
  custom:scripting/monoscript/fileName/IHandles.cs: d2780a18a3844e49d490d68d5cb3d26a -> 
  custom:scripting/monoscript/fileName/TextureImporterDataProvider.cs: d68f5d5325387f4e38fdcf2610c72ce3 -> 
  custom:scripting/monoscript/fileName/SpriteEditorMenu.cs: f9042f312a91c162ede0d5de48225240 -> 
  custom:scripting/monoscript/fileName/ISpriteEditorDataProvider.cs: 4c01add71bf03a3e1afff21bbd534ee9 -> 
  custom:scripting/monoscript/fileName/IUndoSystem.cs: 841a069a843e48d57d362ca08bca21d4 -> 
  custom:scripting/monoscript/fileName/SpritePolygonModeModuleView.cs: db8ddbee5a89c636987047f4602001ef -> 
  custom:scripting/monoscript/fileName/SpriteEditorData.cs: 79e0d970ecf11ef3020398e38672548f -> 
  custom:video-encoder-webm-vp8: eb34c28f22e8b96e1ab97ce403110664 -> 
  custom:audio-decoder-ogg-vorbis: bf7c407c2cedff20999df2af8eb42d56 -> 
  custom:scripting/monoscript/fileName/SpriteEditorWindowSettings.cs: 8e59c26ada2085b3ebaa83fd01af70e3 -> 
  custom:scripting/monoscript/fileName/SpriteFrameModuleBaseView.cs: 72abaa53c3c1184e23d4d9a45f62d8c2 -> 
  custom:scripting/monoscript/fileName/IAssetDatabase.cs: c40b958675a6cd5b519fa6ca497fede4 -> 
  custom:scripting/monoscript/fileName/SpriteFrameModule.cs: f07011b3ec3622062bef733dc29fedf0 -> 
  custom:scripting/monoscript/fileName/ShapeEditorRectSelection.cs: 1696d724b33ef6168949bbdce78d19c6 -> 
  custom:scripting/monoscript/fileName/TextureImporterDataProviderImplementation.cs: ffb9fda6ca225aa106e9fa84455f4e60 -> 
  custom:audio-encoder-webm-vorbis: bf7c407c2cedff20999df2af8eb42d56 -> 
  custom:scripting/monoscript/fileName/SpriteUtilityWindow.cs: 4827aafd0c4d893166845eac1266c4ed -> 
  custom:scripting/monoscript/fileName/SpriteFrameModuleBase.cs: 82472910b376b3c28a6f5b31b28f5f51 -> 
  custom:scripting/precompiled-assembly-types:Assembly-CSharp: e8ed9741bcbf294b9c3e9b888859a665 -> 17fd4233e2971542c9b4d9c5fc8a1fc5
  custom:scripting/monoscript/fileName/SpriteFrameModuleView.cs: f07011b3ec3622062bef733dc29fedf0 -> 
========================================================================
Received Prepare
Caller must complete domain reload
Begin MonoManager ReloadAssembly
- Loaded All Assemblies, in  0.557 seconds
Native extension for WindowsStandalone target not found
Mono: successfully reloaded assembly
- Finished resetting the current domain, in  1.046 seconds
Domain Reload Profiling: 1603ms
	BeginReloadAssembly (180ms)
		ExecutionOrderSort (0ms)
		DisableScriptedObjects (6ms)
		BackupInstance (0ms)
		ReleaseScriptingObjects (0ms)
		CreateAndSetChildDomain (35ms)
	RebuildCommonClasses (32ms)
	RebuildNativeTypeToScriptingClass (12ms)
	initialDomainReloadingComplete (25ms)
	LoadAllAssembliesAndSetupDomain (308ms)
		LoadAssemblies (381ms)
		RebuildTransferFunctionScriptingTraits (0ms)
		AnalyzeDomain (32ms)
			TypeCache.Refresh (9ms)
				TypeCache.ScanAssembly (0ms)
			ScanForSourceGeneratedMonoScriptInfo (14ms)
			ResolveRequiredComponents (8ms)
	FinalizeReload (1047ms)
		ReleaseScriptCaches (0ms)
		RebuildScriptCaches (0ms)
		SetupLoadedEditorAssemblies (544ms)
			LogAssemblyErrors (0ms)
			InitializePlatformSupportModulesInManaged (5ms)
			SetLoadedEditorAssemblies (6ms)
			RefreshPlugins (0ms)
			BeforeProcessingInitializeOnLoad (91ms)
			ProcessInitializeOnLoadAttributes (417ms)
			ProcessInitializeOnLoadMethodAttributes (23ms)
			AfterProcessingInitializeOnLoad (3ms)
			EditorAssembliesLoaded (0ms)
		ExecutionOrderSort2 (0ms)
		AwakeInstancesAfterBackupRestoration (6ms)
Refreshing native plugins compatible for Editor in 2.48 ms, found 3 plugins.
Preloading 0 native plugins for Editor in 0.00 ms.
Unloading 3578 Unused Serialized files (Serialized files now loaded: 0)
Unloading 14 unused Assets / (28.5 KB). Loaded Objects now: 4257.
Memory consumption went from 128.0 MB to 127.9 MB.
Total: 3.021500 ms (FindLiveObjects: 0.281300 ms CreateObjectMapping: 0.170800 ms MarkObjects: 2.535700 ms  DeleteObjects: 0.033000 ms)

Prepare: number of updated asset objects reloaded= 0
AssetImportParameters requested are different than current active one (requested -> active):
  custom:scripting/monoscript/fileName/RandomHitPlacer.cs: 0e520bb249608fd9a2ce5ff96c591009 -> 
  custom:container-demuxer-ogg: 62fdf1f143b41e24485cea50d1cbac27 -> 
  custom:scripting/monoscript/fileName/SpriteEditorWindow.cs: 1629bd700639d5abf7ee9c1a15128fda -> 
  custom:scripting/monoscript/fileName/SpriteRect.cs: 8da6d12a5fbd75a0eba31cfa62842428 -> 
  custom:scripting/monoscript/fileName/ISpriteEditorModule.cs: f35f8b8d39dcfd448fbbe9ea48566c2f -> 
  custom:video-decoder-ogg-theora: a1e56fd34408186e4bbccfd4996cb3dc -> 
  custom:scripting/monoscript/fileName/MenuItems.cs: 3ea3522373e3b4d2ef39113c39531efd -> 
  custom:scripting/monoscript/fileName/DefaultSpriteNameFileIdDataProvider.cs: cd965ed390b21ec0302c3211a9f903ff -> 
  custom:framework-win-MediaFoundation: 216162199b28c13a410421893ffa2e32 -> 
  custom:scripting/monoscript/fileName/PlayerInteract.cs: 73ffd8c360dbab24565d6c0e90133a24 -> 
  custom:scripting/monoscript/fileName/ShapeEditor.cs: 7eba0c642af179a392c34e527393b30b -> 
  custom:scripting/monoscript/fileName/SpritePolygonModeModule.cs: 8b4aa126b968b0772b9e20476364e690 -> 
  custom:scripting/precompiled-assembly-types:Unity.2D.Sprite.Editor: c80415e041d636416599f4ac20098905 -> 
  custom:scripting/monoscript/fileName/ItemCreationUtility.cs: d1c4ddba747ed633116f555c0d69ace7 -> 
  custom:CustomObjectIndexerAttribute: 9a22284fe3817be447336de3de66b15e -> 
  custom:scripting/monoscript/fileName/SpriteEditorHandles.cs: 8b78502b9b56b3c556563a6e935b52ad -> 
  custom:container-demuxer-webm: 4f35f7cbe854078d1ac9338744f61a02 -> 
  custom:scripting/monoscript/fileName/SpriteNameFileIdPair.cs: 8dab74045e538d5698ea3c4caed3e48c -> 
  custom:scripting/monoscript/fileName/IGL.cs: 8903f8a1304142ec1aefe33b7a4db28c -> 
  custom:scripting/monoscript/fileName/SpritePhysicsShapeModule.cs: 35688b9e178698712b557d50761dc7c2 -> 
  custom:scripting/monoscript/fileName/ITexture.cs: dbb4c87e1c028ce779185d5d3d566460 -> 
  custom:container-muxer-webm: aa71ff27fc2769a1b78a27578f13a17b -> 
  custom:scripting/monoscript/fileName/IEvent.cs: c25d501578d8ebe48d7b30415b0df4c5 -> 
  custom:video-decoder-webm-vp8: 9c59270c3fd7afecdb556c50c9e8de78 -> 
  custom:scripting/monoscript/fileName/SpriteOutlineModule.cs: 249fecf584323de7d2fd0b14e9a4944c -> 
  custom:SearchIndexIgnoredProperties: e643bd26f0fe6173181afceb89e7c659 -> 
  custom:AudioImporter_EditorPlatform: d09bf68614088b80899f8185d706f6e7 -> 
  custom:scripting/monoscript/fileName/SpriteEditorUtility.cs: 7e2d1f2cb427fd67c5461f9431375c3a -> 
  custom:scripting/monoscript/fileName/SpriteSecondaryTexturesModule.cs: 8f361de5bdfd731e220c415240ad033f -> 
  custom:scripting/monoscript/fileName/IGUIUtility.cs: cad79017f17454feb4e1799b1c42f87c -> 
  custom:scripting/monoscript/fileName/IHandles.cs: d2780a18a3844e49d490d68d5cb3d26a -> 
  custom:scripting/monoscript/fileName/TextureImporterDataProvider.cs: d68f5d5325387f4e38fdcf2610c72ce3 -> 
  custom:scripting/monoscript/fileName/SpriteEditorMenu.cs: f9042f312a91c162ede0d5de48225240 -> 
  custom:scripting/monoscript/fileName/ISpriteEditorDataProvider.cs: 4c01add71bf03a3e1afff21bbd534ee9 -> 
  custom:scripting/monoscript/fileName/IUndoSystem.cs: 841a069a843e48d57d362ca08bca21d4 -> 
  custom:scripting/monoscript/fileName/SpritePolygonModeModuleView.cs: db8ddbee5a89c636987047f4602001ef -> 
  custom:scripting/monoscript/fileName/SpriteEditorData.cs: 79e0d970ecf11ef3020398e38672548f -> 
  custom:video-encoder-webm-vp8: eb34c28f22e8b96e1ab97ce403110664 -> 
  custom:audio-decoder-ogg-vorbis: bf7c407c2cedff20999df2af8eb42d56 -> 
  custom:scripting/monoscript/fileName/SpriteEditorWindowSettings.cs: 8e59c26ada2085b3ebaa83fd01af70e3 -> 
  custom:scripting/monoscript/fileName/SpriteFrameModuleBaseView.cs: 72abaa53c3c1184e23d4d9a45f62d8c2 -> 
  custom:scripting/monoscript/fileName/IAssetDatabase.cs: c40b958675a6cd5b519fa6ca497fede4 -> 
  custom:scripting/monoscript/fileName/SpriteFrameModule.cs: f07011b3ec3622062bef733dc29fedf0 -> 
  custom:scripting/monoscript/fileName/ShapeEditorRectSelection.cs: 1696d724b33ef6168949bbdce78d19c6 -> 
  custom:scripting/monoscript/fileName/TextureImporterDataProviderImplementation.cs: ffb9fda6ca225aa106e9fa84455f4e60 -> 
  custom:audio-encoder-webm-vorbis: bf7c407c2cedff20999df2af8eb42d56 -> 
  custom:scripting/monoscript/fileName/SpriteUtilityWindow.cs: 4827aafd0c4d893166845eac1266c4ed -> 
  custom:scripting/monoscript/fileName/SpriteFrameModuleBase.cs: 82472910b376b3c28a6f5b31b28f5f51 -> 
  custom:scripting/precompiled-assembly-types:Assembly-CSharp: e8ed9741bcbf294b9c3e9b888859a665 -> 17fd4233e2971542c9b4d9c5fc8a1fc5
  custom:scripting/monoscript/fileName/SpriteFrameModuleView.cs: f07011b3ec3622062bef733dc29fedf0 -> 
========================================================================
Received Prepare
Caller must complete domain reload
Begin MonoManager ReloadAssembly
- Loaded All Assemblies, in  0.584 seconds
Native extension for WindowsStandalone target not found
Mono: successfully reloaded assembly
- Finished resetting the current domain, in  1.143 seconds
Domain Reload Profiling: 1727ms
	BeginReloadAssembly (173ms)
		ExecutionOrderSort (0ms)
		DisableScriptedObjects (6ms)
		BackupInstance (0ms)
		ReleaseScriptingObjects (0ms)
		CreateAndSetChildDomain (35ms)
	RebuildCommonClasses (34ms)
	RebuildNativeTypeToScriptingClass (12ms)
	initialDomainReloadingComplete (102ms)
	LoadAllAssembliesAndSetupDomain (262ms)
		LoadAssemblies (348ms)
		RebuildTransferFunctionScriptingTraits (0ms)
		AnalyzeDomain (16ms)
			TypeCache.Refresh (6ms)
				TypeCache.ScanAssembly (0ms)
			ScanForSourceGeneratedMonoScriptInfo (0ms)
			ResolveRequiredComponents (9ms)
	FinalizeReload (1143ms)
		ReleaseScriptCaches (0ms)
		RebuildScriptCaches (0ms)
		SetupLoadedEditorAssemblies (622ms)
			LogAssemblyErrors (0ms)
			InitializePlatformSupportModulesInManaged (6ms)
			SetLoadedEditorAssemblies (8ms)
			RefreshPlugins (0ms)
			BeforeProcessingInitializeOnLoad (109ms)
			ProcessInitializeOnLoadAttributes (471ms)
			ProcessInitializeOnLoadMethodAttributes (25ms)
			AfterProcessingInitializeOnLoad (3ms)
			EditorAssembliesLoaded (0ms)
		ExecutionOrderSort2 (0ms)
		AwakeInstancesAfterBackupRestoration (8ms)
Refreshing native plugins compatible for Editor in 5.19 ms, found 3 plugins.
Preloading 0 native plugins for Editor in 0.00 ms.
Unloading 3578 Unused Serialized files (Serialized files now loaded: 0)
Unloading 14 unused Assets / (28.6 KB). Loaded Objects now: 4260.
Memory consumption went from 128.0 MB to 127.9 MB.
Total: 4.570500 ms (FindLiveObjects: 1.062300 ms CreateObjectMapping: 0.751300 ms MarkObjects: 2.717000 ms  DeleteObjects: 0.038200 ms)

Prepare: number of updated asset objects reloaded= 0
AssetImportParameters requested are different than current active one (requested -> active):
  custom:scripting/monoscript/fileName/RandomHitPlacer.cs: 0e520bb249608fd9a2ce5ff96c591009 -> 
  custom:container-demuxer-ogg: 62fdf1f143b41e24485cea50d1cbac27 -> 
  custom:scripting/monoscript/fileName/SpriteEditorWindow.cs: 1629bd700639d5abf7ee9c1a15128fda -> 
  custom:scripting/monoscript/fileName/SpriteRect.cs: 8da6d12a5fbd75a0eba31cfa62842428 -> 
  custom:scripting/monoscript/fileName/ISpriteEditorModule.cs: f35f8b8d39dcfd448fbbe9ea48566c2f -> 
  custom:video-decoder-ogg-theora: a1e56fd34408186e4bbccfd4996cb3dc -> 
  custom:scripting/monoscript/fileName/MenuItems.cs: 3ea3522373e3b4d2ef39113c39531efd -> 
  custom:scripting/monoscript/fileName/DefaultSpriteNameFileIdDataProvider.cs: cd965ed390b21ec0302c3211a9f903ff -> 
  custom:framework-win-MediaFoundation: 216162199b28c13a410421893ffa2e32 -> 
  custom:scripting/monoscript/fileName/PlayerInteract.cs: 73ffd8c360dbab24565d6c0e90133a24 -> 
  custom:scripting/monoscript/fileName/ShapeEditor.cs: 7eba0c642af179a392c34e527393b30b -> 
  custom:scripting/monoscript/fileName/SpritePolygonModeModule.cs: 8b4aa126b968b0772b9e20476364e690 -> 
  custom:scripting/precompiled-assembly-types:Unity.2D.Sprite.Editor: c80415e041d636416599f4ac20098905 -> 
  custom:scripting/monoscript/fileName/ItemCreationUtility.cs: d1c4ddba747ed633116f555c0d69ace7 -> 
  custom:CustomObjectIndexerAttribute: 9a22284fe3817be447336de3de66b15e -> 
  custom:scripting/monoscript/fileName/SpriteEditorHandles.cs: 8b78502b9b56b3c556563a6e935b52ad -> 
  custom:container-demuxer-webm: 4f35f7cbe854078d1ac9338744f61a02 -> 
  custom:scripting/monoscript/fileName/SpriteNameFileIdPair.cs: 8dab74045e538d5698ea3c4caed3e48c -> 
  custom:scripting/monoscript/fileName/IGL.cs: 8903f8a1304142ec1aefe33b7a4db28c -> 
  custom:scripting/monoscript/fileName/SpritePhysicsShapeModule.cs: 35688b9e178698712b557d50761dc7c2 -> 
  custom:scripting/monoscript/fileName/ITexture.cs: dbb4c87e1c028ce779185d5d3d566460 -> 
  custom:container-muxer-webm: aa71ff27fc2769a1b78a27578f13a17b -> 
  custom:scripting/monoscript/fileName/IEvent.cs: c25d501578d8ebe48d7b30415b0df4c5 -> 
  custom:video-decoder-webm-vp8: 9c59270c3fd7afecdb556c50c9e8de78 -> 
  custom:scripting/monoscript/fileName/SpriteOutlineModule.cs: 249fecf584323de7d2fd0b14e9a4944c -> 
  custom:SearchIndexIgnoredProperties: e643bd26f0fe6173181afceb89e7c659 -> 
  custom:AudioImporter_EditorPlatform: d09bf68614088b80899f8185d706f6e7 -> 
  custom:scripting/monoscript/fileName/SpriteEditorUtility.cs: 7e2d1f2cb427fd67c5461f9431375c3a -> 
  custom:scripting/monoscript/fileName/SpriteSecondaryTexturesModule.cs: 8f361de5bdfd731e220c415240ad033f -> 
  custom:scripting/monoscript/fileName/IGUIUtility.cs: cad79017f17454feb4e1799b1c42f87c -> 
  custom:scripting/monoscript/fileName/IHandles.cs: d2780a18a3844e49d490d68d5cb3d26a -> 
  custom:scripting/monoscript/fileName/TextureImporterDataProvider.cs: d68f5d5325387f4e38fdcf2610c72ce3 -> 
  custom:scripting/monoscript/fileName/SpriteEditorMenu.cs: f9042f312a91c162ede0d5de48225240 -> 
  custom:scripting/monoscript/fileName/ISpriteEditorDataProvider.cs: 4c01add71bf03a3e1afff21bbd534ee9 -> 
  custom:scripting/monoscript/fileName/IUndoSystem.cs: 841a069a843e48d57d362ca08bca21d4 -> 
  custom:scripting/monoscript/fileName/SpritePolygonModeModuleView.cs: db8ddbee5a89c636987047f4602001ef -> 
  custom:scripting/monoscript/fileName/SpriteEditorData.cs: 79e0d970ecf11ef3020398e38672548f -> 
  custom:video-encoder-webm-vp8: eb34c28f22e8b96e1ab97ce403110664 -> 
  custom:audio-decoder-ogg-vorbis: bf7c407c2cedff20999df2af8eb42d56 -> 
  custom:scripting/monoscript/fileName/SpriteEditorWindowSettings.cs: 8e59c26ada2085b3ebaa83fd01af70e3 -> 
  custom:scripting/monoscript/fileName/SpriteFrameModuleBaseView.cs: 72abaa53c3c1184e23d4d9a45f62d8c2 -> 
  custom:scripting/monoscript/fileName/IAssetDatabase.cs: c40b958675a6cd5b519fa6ca497fede4 -> 
  custom:scripting/monoscript/fileName/SpriteFrameModule.cs: f07011b3ec3622062bef733dc29fedf0 -> 
  custom:scripting/monoscript/fileName/ShapeEditorRectSelection.cs: 1696d724b33ef6168949bbdce78d19c6 -> 
  custom:scripting/monoscript/fileName/TextureImporterDataProviderImplementation.cs: ffb9fda6ca225aa106e9fa84455f4e60 -> 
  custom:audio-encoder-webm-vorbis: bf7c407c2cedff20999df2af8eb42d56 -> 
  custom:scripting/monoscript/fileName/SpriteUtilityWindow.cs: 4827aafd0c4d893166845eac1266c4ed -> 
  custom:scripting/monoscript/fileName/SpriteFrameModuleBase.cs: 82472910b376b3c28a6f5b31b28f5f51 -> 
  custom:scripting/precompiled-assembly-types:Assembly-CSharp: e8ed9741bcbf294b9c3e9b888859a665 -> 17fd4233e2971542c9b4d9c5fc8a1fc5
  custom:scripting/monoscript/fileName/SpriteFrameModuleView.cs: f07011b3ec3622062bef733dc29fedf0 -> 
========================================================================
Received Prepare
Caller must complete domain reload
Begin MonoManager ReloadAssembly
- Loaded All Assemblies, in  0.519 seconds
Native extension for WindowsStandalone target not found
Mono: successfully reloaded assembly
- Finished resetting the current domain, in  1.070 seconds
Domain Reload Profiling: 1590ms
	BeginReloadAssembly (176ms)
		ExecutionOrderSort (0ms)
		DisableScriptedObjects (5ms)
		BackupInstance (0ms)
		ReleaseScriptingObjects (0ms)
		CreateAndSetChildDomain (37ms)
	RebuildCommonClasses (33ms)
	RebuildNativeTypeToScriptingClass (11ms)
	initialDomainReloadingComplete (27ms)
	LoadAllAssembliesAndSetupDomain (272ms)
		LoadAssemblies (340ms)
		RebuildTransferFunctionScriptingTraits (0ms)
		AnalyzeDomain (34ms)
			TypeCache.Refresh (11ms)
				TypeCache.ScanAssembly (0ms)
			ScanForSourceGeneratedMonoScriptInfo (16ms)
			ResolveRequiredComponents (6ms)
	FinalizeReload (1071ms)
		ReleaseScriptCaches (0ms)
		RebuildScriptCaches (0ms)
		SetupLoadedEditorAssemblies (575ms)
			LogAssemblyErrors (0ms)
			InitializePlatformSupportModulesInManaged (5ms)
			SetLoadedEditorAssemblies (7ms)
			RefreshPlugins (0ms)
			BeforeProcessingInitializeOnLoad (104ms)
			ProcessInitializeOnLoadAttributes (432ms)
			ProcessInitializeOnLoadMethodAttributes (24ms)
			AfterProcessingInitializeOnLoad (2ms)
			EditorAssembliesLoaded (0ms)
		ExecutionOrderSort2 (0ms)
		AwakeInstancesAfterBackupRestoration (6ms)
Refreshing native plugins compatible for Editor in 2.41 ms, found 3 plugins.
Preloading 0 native plugins for Editor in 0.00 ms.
Unloading 3578 Unused Serialized files (Serialized files now loaded: 0)
Unloading 14 unused Assets / (28.6 KB). Loaded Objects now: 4263.
Memory consumption went from 128.0 MB to 127.9 MB.
Total: 3.123100 ms (FindLiveObjects: 0.366000 ms CreateObjectMapping: 0.257200 ms MarkObjects: 2.466000 ms  DeleteObjects: 0.033300 ms)

Prepare: number of updated asset objects reloaded= 0
AssetImportParameters requested are different than current active one (requested -> active):
  custom:scripting/monoscript/fileName/RandomHitPlacer.cs: 0e520bb249608fd9a2ce5ff96c591009 -> 
  custom:container-demuxer-ogg: 62fdf1f143b41e24485cea50d1cbac27 -> 
  custom:scripting/monoscript/fileName/SpriteEditorWindow.cs: 1629bd700639d5abf7ee9c1a15128fda -> 
  custom:scripting/monoscript/fileName/SpriteRect.cs: 8da6d12a5fbd75a0eba31cfa62842428 -> 
  custom:scripting/monoscript/fileName/ISpriteEditorModule.cs: f35f8b8d39dcfd448fbbe9ea48566c2f -> 
  custom:video-decoder-ogg-theora: a1e56fd34408186e4bbccfd4996cb3dc -> 
  custom:scripting/monoscript/fileName/MenuItems.cs: 3ea3522373e3b4d2ef39113c39531efd -> 
  custom:scripting/monoscript/fileName/DefaultSpriteNameFileIdDataProvider.cs: cd965ed390b21ec0302c3211a9f903ff -> 
  custom:framework-win-MediaFoundation: 216162199b28c13a410421893ffa2e32 -> 
  custom:scripting/monoscript/fileName/PlayerInteract.cs: 73ffd8c360dbab24565d6c0e90133a24 -> 
  custom:scripting/monoscript/fileName/ShapeEditor.cs: 7eba0c642af179a392c34e527393b30b -> 
  custom:scripting/monoscript/fileName/SpritePolygonModeModule.cs: 8b4aa126b968b0772b9e20476364e690 -> 
  custom:scripting/precompiled-assembly-types:Unity.2D.Sprite.Editor: c80415e041d636416599f4ac20098905 -> 
  custom:scripting/monoscript/fileName/ItemCreationUtility.cs: d1c4ddba747ed633116f555c0d69ace7 -> 
  custom:CustomObjectIndexerAttribute: 9a22284fe3817be447336de3de66b15e -> 
  custom:scripting/monoscript/fileName/SpriteEditorHandles.cs: 8b78502b9b56b3c556563a6e935b52ad -> 
  custom:container-demuxer-webm: 4f35f7cbe854078d1ac9338744f61a02 -> 
  custom:scripting/monoscript/fileName/SpriteNameFileIdPair.cs: 8dab74045e538d5698ea3c4caed3e48c -> 
  custom:scripting/monoscript/fileName/IGL.cs: 8903f8a1304142ec1aefe33b7a4db28c -> 
  custom:scripting/monoscript/fileName/SpritePhysicsShapeModule.cs: 35688b9e178698712b557d50761dc7c2 -> 
  custom:scripting/monoscript/fileName/ITexture.cs: dbb4c87e1c028ce779185d5d3d566460 -> 
  custom:container-muxer-webm: aa71ff27fc2769a1b78a27578f13a17b -> 
  custom:scripting/monoscript/fileName/IEvent.cs: c25d501578d8ebe48d7b30415b0df4c5 -> 
  custom:video-decoder-webm-vp8: 9c59270c3fd7afecdb556c50c9e8de78 -> 
  custom:scripting/monoscript/fileName/SpriteOutlineModule.cs: 249fecf584323de7d2fd0b14e9a4944c -> 
  custom:SearchIndexIgnoredProperties: e643bd26f0fe6173181afceb89e7c659 -> 
  custom:AudioImporter_EditorPlatform: d09bf68614088b80899f8185d706f6e7 -> 
  custom:scripting/monoscript/fileName/SpriteEditorUtility.cs: 7e2d1f2cb427fd67c5461f9431375c3a -> 
  custom:scripting/monoscript/fileName/SpriteSecondaryTexturesModule.cs: 8f361de5bdfd731e220c415240ad033f -> 
  custom:scripting/monoscript/fileName/IGUIUtility.cs: cad79017f17454feb4e1799b1c42f87c -> 
  custom:scripting/monoscript/fileName/IHandles.cs: d2780a18a3844e49d490d68d5cb3d26a -> 
  custom:scripting/monoscript/fileName/TextureImporterDataProvider.cs: d68f5d5325387f4e38fdcf2610c72ce3 -> 
  custom:scripting/monoscript/fileName/SpriteEditorMenu.cs: f9042f312a91c162ede0d5de48225240 -> 
  custom:scripting/monoscript/fileName/ISpriteEditorDataProvider.cs: 4c01add71bf03a3e1afff21bbd534ee9 -> 
  custom:scripting/monoscript/fileName/IUndoSystem.cs: 841a069a843e48d57d362ca08bca21d4 -> 
  custom:scripting/monoscript/fileName/SpritePolygonModeModuleView.cs: db8ddbee5a89c636987047f4602001ef -> 
  custom:scripting/monoscript/fileName/SpriteEditorData.cs: 79e0d970ecf11ef3020398e38672548f -> 
  custom:video-encoder-webm-vp8: eb34c28f22e8b96e1ab97ce403110664 -> 
  custom:audio-decoder-ogg-vorbis: bf7c407c2cedff20999df2af8eb42d56 -> 
  custom:scripting/monoscript/fileName/SpriteEditorWindowSettings.cs: 8e59c26ada2085b3ebaa83fd01af70e3 -> 
  custom:scripting/monoscript/fileName/SpriteFrameModuleBaseView.cs: 72abaa53c3c1184e23d4d9a45f62d8c2 -> 
  custom:scripting/monoscript/fileName/IAssetDatabase.cs: c40b958675a6cd5b519fa6ca497fede4 -> 
  custom:scripting/monoscript/fileName/SpriteFrameModule.cs: f07011b3ec3622062bef733dc29fedf0 -> 
  custom:scripting/monoscript/fileName/ShapeEditorRectSelection.cs: 1696d724b33ef6168949bbdce78d19c6 -> 
  custom:scripting/monoscript/fileName/TextureImporterDataProviderImplementation.cs: ffb9fda6ca225aa106e9fa84455f4e60 -> 
  custom:audio-encoder-webm-vorbis: bf7c407c2cedff20999df2af8eb42d56 -> 
  custom:scripting/monoscript/fileName/SpriteUtilityWindow.cs: 4827aafd0c4d893166845eac1266c4ed -> 
  custom:scripting/monoscript/fileName/SpriteFrameModuleBase.cs: 82472910b376b3c28a6f5b31b28f5f51 -> 
  custom:scripting/precompiled-assembly-types:Assembly-CSharp: e8ed9741bcbf294b9c3e9b888859a665 -> 17fd4233e2971542c9b4d9c5fc8a1fc5
  custom:scripting/monoscript/fileName/SpriteFrameModuleView.cs: f07011b3ec3622062bef733dc29fedf0 -> 
========================================================================
Received Prepare
Caller must complete domain reload
Begin MonoManager ReloadAssembly
- Loaded All Assemblies, in  0.486 seconds
Native extension for WindowsStandalone target not found
Mono: successfully reloaded assembly
- Finished resetting the current domain, in  1.100 seconds
Domain Reload Profiling: 1586ms
	BeginReloadAssembly (173ms)
		ExecutionOrderSort (0ms)
		DisableScriptedObjects (7ms)
		BackupInstance (0ms)
		ReleaseScriptingObjects (0ms)
		CreateAndSetChildDomain (33ms)
	RebuildCommonClasses (31ms)
	RebuildNativeTypeToScriptingClass (11ms)
	initialDomainReloadingComplete (25ms)
	LoadAllAssembliesAndSetupDomain (245ms)
		LoadAssemblies (333ms)
		RebuildTransferFunctionScriptingTraits (0ms)
		AnalyzeDomain (16ms)
			TypeCache.Refresh (9ms)
				TypeCache.ScanAssembly (0ms)
			ScanForSourceGeneratedMonoScriptInfo (0ms)
			ResolveRequiredComponents (6ms)
	FinalizeReload (1101ms)
		ReleaseScriptCaches (0ms)
		RebuildScriptCaches (0ms)
		SetupLoadedEditorAssemblies (605ms)
			LogAssemblyErrors (0ms)
			InitializePlatformSupportModulesInManaged (7ms)
			SetLoadedEditorAssemblies (6ms)
			RefreshPlugins (0ms)
			BeforeProcessingInitializeOnLoad (97ms)
			ProcessInitializeOnLoadAttributes (466ms)
			ProcessInitializeOnLoadMethodAttributes (26ms)
			AfterProcessingInitializeOnLoad (4ms)
			EditorAssembliesLoaded (1ms)
		ExecutionOrderSort2 (0ms)
		AwakeInstancesAfterBackupRestoration (6ms)
Refreshing native plugins compatible for Editor in 2.90 ms, found 3 plugins.
Preloading 0 native plugins for Editor in 0.00 ms.
Unloading 3578 Unused Serialized files (Serialized files now loaded: 0)
Unloading 14 unused Assets / (28.6 KB). Loaded Objects now: 4266.
Memory consumption went from 128.0 MB to 127.9 MB.
Total: 2.696900 ms (FindLiveObjects: 0.304500 ms CreateObjectMapping: 0.198100 ms MarkObjects: 2.156600 ms  DeleteObjects: 0.036900 ms)

Prepare: number of updated asset objects reloaded= 0
AssetImportParameters requested are different than current active one (requested -> active):
  custom:scripting/monoscript/fileName/RandomHitPlacer.cs: 0e520bb249608fd9a2ce5ff96c591009 -> 
  custom:container-demuxer-ogg: 62fdf1f143b41e24485cea50d1cbac27 -> 
  custom:scripting/monoscript/fileName/SpriteEditorWindow.cs: 1629bd700639d5abf7ee9c1a15128fda -> 
  custom:scripting/monoscript/fileName/SpriteRect.cs: 8da6d12a5fbd75a0eba31cfa62842428 -> 
  custom:scripting/monoscript/fileName/ISpriteEditorModule.cs: f35f8b8d39dcfd448fbbe9ea48566c2f -> 
  custom:video-decoder-ogg-theora: a1e56fd34408186e4bbccfd4996cb3dc -> 
  custom:scripting/monoscript/fileName/MenuItems.cs: 3ea3522373e3b4d2ef39113c39531efd -> 
  custom:scripting/monoscript/fileName/DefaultSpriteNameFileIdDataProvider.cs: cd965ed390b21ec0302c3211a9f903ff -> 
  custom:framework-win-MediaFoundation: 216162199b28c13a410421893ffa2e32 -> 
  custom:scripting/monoscript/fileName/PlayerInteract.cs: 73ffd8c360dbab24565d6c0e90133a24 -> 
  custom:scripting/monoscript/fileName/ShapeEditor.cs: 7eba0c642af179a392c34e527393b30b -> 
  custom:scripting/monoscript/fileName/SpritePolygonModeModule.cs: 8b4aa126b968b0772b9e20476364e690 -> 
  custom:scripting/precompiled-assembly-types:Unity.2D.Sprite.Editor: c80415e041d636416599f4ac20098905 -> 
  custom:scripting/monoscript/fileName/ItemCreationUtility.cs: d1c4ddba747ed633116f555c0d69ace7 -> 
  custom:CustomObjectIndexerAttribute: 9a22284fe3817be447336de3de66b15e -> 
  custom:scripting/monoscript/fileName/SpriteEditorHandles.cs: 8b78502b9b56b3c556563a6e935b52ad -> 
  custom:container-demuxer-webm: 4f35f7cbe854078d1ac9338744f61a02 -> 
  custom:scripting/monoscript/fileName/SpriteNameFileIdPair.cs: 8dab74045e538d5698ea3c4caed3e48c -> 
  custom:scripting/monoscript/fileName/IGL.cs: 8903f8a1304142ec1aefe33b7a4db28c -> 
  custom:scripting/monoscript/fileName/SpritePhysicsShapeModule.cs: 35688b9e178698712b557d50761dc7c2 -> 
  custom:scripting/monoscript/fileName/ITexture.cs: dbb4c87e1c028ce779185d5d3d566460 -> 
  custom:container-muxer-webm: aa71ff27fc2769a1b78a27578f13a17b -> 
  custom:scripting/monoscript/fileName/IEvent.cs: c25d501578d8ebe48d7b30415b0df4c5 -> 
  custom:video-decoder-webm-vp8: 9c59270c3fd7afecdb556c50c9e8de78 -> 
  custom:scripting/monoscript/fileName/SpriteOutlineModule.cs: 249fecf584323de7d2fd0b14e9a4944c -> 
  custom:SearchIndexIgnoredProperties: e643bd26f0fe6173181afceb89e7c659 -> 
  custom:AudioImporter_EditorPlatform: d09bf68614088b80899f8185d706f6e7 -> 
  custom:scripting/monoscript/fileName/SpriteEditorUtility.cs: 7e2d1f2cb427fd67c5461f9431375c3a -> 
  custom:scripting/monoscript/fileName/SpriteSecondaryTexturesModule.cs: 8f361de5bdfd731e220c415240ad033f -> 
  custom:scripting/monoscript/fileName/IGUIUtility.cs: cad79017f17454feb4e1799b1c42f87c -> 
  custom:scripting/monoscript/fileName/IHandles.cs: d2780a18a3844e49d490d68d5cb3d26a -> 
  custom:scripting/monoscript/fileName/TextureImporterDataProvider.cs: d68f5d5325387f4e38fdcf2610c72ce3 -> 
  custom:scripting/monoscript/fileName/SpriteEditorMenu.cs: f9042f312a91c162ede0d5de48225240 -> 
  custom:scripting/monoscript/fileName/ISpriteEditorDataProvider.cs: 4c01add71bf03a3e1afff21bbd534ee9 -> 
  custom:scripting/monoscript/fileName/IUndoSystem.cs: 841a069a843e48d57d362ca08bca21d4 -> 
  custom:scripting/monoscript/fileName/SpritePolygonModeModuleView.cs: db8ddbee5a89c636987047f4602001ef -> 
  custom:scripting/monoscript/fileName/SpriteEditorData.cs: 79e0d970ecf11ef3020398e38672548f -> 
  custom:video-encoder-webm-vp8: eb34c28f22e8b96e1ab97ce403110664 -> 
  custom:audio-decoder-ogg-vorbis: bf7c407c2cedff20999df2af8eb42d56 -> 
  custom:scripting/monoscript/fileName/SpriteEditorWindowSettings.cs: 8e59c26ada2085b3ebaa83fd01af70e3 -> 
  custom:scripting/monoscript/fileName/SpriteFrameModuleBaseView.cs: 72abaa53c3c1184e23d4d9a45f62d8c2 -> 
  custom:scripting/monoscript/fileName/IAssetDatabase.cs: c40b958675a6cd5b519fa6ca497fede4 -> 
  custom:scripting/monoscript/fileName/SpriteFrameModule.cs: f07011b3ec3622062bef733dc29fedf0 -> 
  custom:scripting/monoscript/fileName/ShapeEditorRectSelection.cs: 1696d724b33ef6168949bbdce78d19c6 -> 
  custom:scripting/monoscript/fileName/TextureImporterDataProviderImplementation.cs: ffb9fda6ca225aa106e9fa84455f4e60 -> 
  custom:audio-encoder-webm-vorbis: bf7c407c2cedff20999df2af8eb42d56 -> 
  custom:scripting/monoscript/fileName/SpriteUtilityWindow.cs: 4827aafd0c4d893166845eac1266c4ed -> 
  custom:scripting/monoscript/fileName/SpriteFrameModuleBase.cs: 82472910b376b3c28a6f5b31b28f5f51 -> 
  custom:scripting/precompiled-assembly-types:Assembly-CSharp: e8ed9741bcbf294b9c3e9b888859a665 -> 17fd4233e2971542c9b4d9c5fc8a1fc5
  custom:scripting/monoscript/fileName/SpriteFrameModuleView.cs: f07011b3ec3622062bef733dc29fedf0 -> 
========================================================================
Received Prepare
Caller must complete domain reload
Begin MonoManager ReloadAssembly
- Loaded All Assemblies, in  0.512 seconds
Native extension for WindowsStandalone target not found
Mono: successfully reloaded assembly
- Finished resetting the current domain, in  1.106 seconds
Domain Reload Profiling: 1618ms
	BeginReloadAssembly (182ms)
		ExecutionOrderSort (0ms)
		DisableScriptedObjects (5ms)
		BackupInstance (0ms)
		ReleaseScriptingObjects (0ms)
		CreateAndSetChildDomain (36ms)
	RebuildCommonClasses (33ms)
	RebuildNativeTypeToScriptingClass (11ms)
	initialDomainReloadingComplete (25ms)
	LoadAllAssembliesAndSetupDomain (261ms)
		LoadAssemblies (332ms)
		RebuildTransferFunctionScriptingTraits (0ms)
		AnalyzeDomain (37ms)
			TypeCache.Refresh (17ms)
				TypeCache.ScanAssembly (0ms)
			ScanForSourceGeneratedMonoScriptInfo (13ms)
			ResolveRequiredComponents (6ms)
	FinalizeReload (1107ms)
		ReleaseScriptCaches (0ms)
		RebuildScriptCaches (0ms)
		SetupLoadedEditorAssemblies (564ms)
			LogAssemblyErrors (0ms)
			InitializePlatformSupportModulesInManaged (5ms)
			SetLoadedEditorAssemblies (5ms)
			RefreshPlugins (0ms)
			BeforeProcessingInitializeOnLoad (93ms)
			ProcessInitializeOnLoadAttributes (437ms)
			ProcessInitializeOnLoadMethodAttributes (22ms)
			AfterProcessingInitializeOnLoad (2ms)
			EditorAssembliesLoaded (0ms)
		ExecutionOrderSort2 (0ms)
		AwakeInstancesAfterBackupRestoration (5ms)
Refreshing native plugins compatible for Editor in 2.53 ms, found 3 plugins.
Preloading 0 native plugins for Editor in 0.00 ms.
Unloading 3578 Unused Serialized files (Serialized files now loaded: 0)
Unloading 14 unused Assets / (28.6 KB). Loaded Objects now: 4269.
Memory consumption went from 128.0 MB to 128.0 MB.
Total: 3.617000 ms (FindLiveObjects: 0.629500 ms CreateObjectMapping: 0.568000 ms MarkObjects: 2.382300 ms  DeleteObjects: 0.036200 ms)

Prepare: number of updated asset objects reloaded= 0
AssetImportParameters requested are different than current active one (requested -> active):
  custom:scripting/monoscript/fileName/RandomHitPlacer.cs: 0e520bb249608fd9a2ce5ff96c591009 -> 
  custom:container-demuxer-ogg: 62fdf1f143b41e24485cea50d1cbac27 -> 
  custom:scripting/monoscript/fileName/SpriteEditorWindow.cs: 1629bd700639d5abf7ee9c1a15128fda -> 
  custom:scripting/monoscript/fileName/SpriteRect.cs: 8da6d12a5fbd75a0eba31cfa62842428 -> 
  custom:scripting/monoscript/fileName/ISpriteEditorModule.cs: f35f8b8d39dcfd448fbbe9ea48566c2f -> 
  custom:video-decoder-ogg-theora: a1e56fd34408186e4bbccfd4996cb3dc -> 
  custom:scripting/monoscript/fileName/MenuItems.cs: 3ea3522373e3b4d2ef39113c39531efd -> 
  custom:scripting/monoscript/fileName/DefaultSpriteNameFileIdDataProvider.cs: cd965ed390b21ec0302c3211a9f903ff -> 
  custom:framework-win-MediaFoundation: 216162199b28c13a410421893ffa2e32 -> 
  custom:scripting/monoscript/fileName/PlayerInteract.cs: 73ffd8c360dbab24565d6c0e90133a24 -> 
  custom:scripting/monoscript/fileName/ShapeEditor.cs: 7eba0c642af179a392c34e527393b30b -> 
  custom:scripting/monoscript/fileName/SpritePolygonModeModule.cs: 8b4aa126b968b0772b9e20476364e690 -> 
  custom:scripting/precompiled-assembly-types:Unity.2D.Sprite.Editor: c80415e041d636416599f4ac20098905 -> 
  custom:scripting/monoscript/fileName/ItemCreationUtility.cs: d1c4ddba747ed633116f555c0d69ace7 -> 
  custom:CustomObjectIndexerAttribute: 9a22284fe3817be447336de3de66b15e -> 
  custom:scripting/monoscript/fileName/SpriteEditorHandles.cs: 8b78502b9b56b3c556563a6e935b52ad -> 
  custom:container-demuxer-webm: 4f35f7cbe854078d1ac9338744f61a02 -> 
  custom:scripting/monoscript/fileName/SpriteNameFileIdPair.cs: 8dab74045e538d5698ea3c4caed3e48c -> 
  custom:scripting/monoscript/fileName/IGL.cs: 8903f8a1304142ec1aefe33b7a4db28c -> 
  custom:scripting/monoscript/fileName/SpritePhysicsShapeModule.cs: 35688b9e178698712b557d50761dc7c2 -> 
  custom:scripting/monoscript/fileName/ITexture.cs: dbb4c87e1c028ce779185d5d3d566460 -> 
  custom:container-muxer-webm: aa71ff27fc2769a1b78a27578f13a17b -> 
  custom:scripting/monoscript/fileName/IEvent.cs: c25d501578d8ebe48d7b30415b0df4c5 -> 
  custom:video-decoder-webm-vp8: 9c59270c3fd7afecdb556c50c9e8de78 -> 
  custom:scripting/monoscript/fileName/SpriteOutlineModule.cs: 249fecf584323de7d2fd0b14e9a4944c -> 
  custom:SearchIndexIgnoredProperties: e643bd26f0fe6173181afceb89e7c659 -> 
  custom:AudioImporter_EditorPlatform: d09bf68614088b80899f8185d706f6e7 -> 
  custom:scripting/monoscript/fileName/SpriteEditorUtility.cs: 7e2d1f2cb427fd67c5461f9431375c3a -> 
  custom:scripting/monoscript/fileName/SpriteSecondaryTexturesModule.cs: 8f361de5bdfd731e220c415240ad033f -> 
  custom:scripting/monoscript/fileName/IGUIUtility.cs: cad79017f17454feb4e1799b1c42f87c -> 
  custom:scripting/monoscript/fileName/IHandles.cs: d2780a18a3844e49d490d68d5cb3d26a -> 
  custom:scripting/monoscript/fileName/TextureImporterDataProvider.cs: d68f5d5325387f4e38fdcf2610c72ce3 -> 
  custom:scripting/monoscript/fileName/SpriteEditorMenu.cs: f9042f312a91c162ede0d5de48225240 -> 
  custom:scripting/monoscript/fileName/ISpriteEditorDataProvider.cs: 4c01add71bf03a3e1afff21bbd534ee9 -> 
  custom:scripting/monoscript/fileName/IUndoSystem.cs: 841a069a843e48d57d362ca08bca21d4 -> 
  custom:scripting/monoscript/fileName/SpritePolygonModeModuleView.cs: db8ddbee5a89c636987047f4602001ef -> 
  custom:scripting/monoscript/fileName/SpriteEditorData.cs: 79e0d970ecf11ef3020398e38672548f -> 
  custom:video-encoder-webm-vp8: eb34c28f22e8b96e1ab97ce403110664 -> 
  custom:audio-decoder-ogg-vorbis: bf7c407c2cedff20999df2af8eb42d56 -> 
  custom:scripting/monoscript/fileName/SpriteEditorWindowSettings.cs: 8e59c26ada2085b3ebaa83fd01af70e3 -> 
  custom:scripting/monoscript/fileName/SpriteFrameModuleBaseView.cs: 72abaa53c3c1184e23d4d9a45f62d8c2 -> 
  custom:scripting/monoscript/fileName/IAssetDatabase.cs: c40b958675a6cd5b519fa6ca497fede4 -> 
  custom:scripting/monoscript/fileName/SpriteFrameModule.cs: f07011b3ec3622062bef733dc29fedf0 -> 
  custom:scripting/monoscript/fileName/ShapeEditorRectSelection.cs: 1696d724b33ef6168949bbdce78d19c6 -> 
  custom:scripting/monoscript/fileName/TextureImporterDataProviderImplementation.cs: ffb9fda6ca225aa106e9fa84455f4e60 -> 
  custom:audio-encoder-webm-vorbis: bf7c407c2cedff20999df2af8eb42d56 -> 
  custom:scripting/monoscript/fileName/SpriteUtilityWindow.cs: 4827aafd0c4d893166845eac1266c4ed -> 
  custom:scripting/monoscript/fileName/SpriteFrameModuleBase.cs: 82472910b376b3c28a6f5b31b28f5f51 -> 
  custom:scripting/precompiled-assembly-types:Assembly-CSharp: e8ed9741bcbf294b9c3e9b888859a665 -> 17fd4233e2971542c9b4d9c5fc8a1fc5
  custom:scripting/monoscript/fileName/SpriteFrameModuleView.cs: f07011b3ec3622062bef733dc29fedf0 -> 
========================================================================
Received Prepare
Caller must complete domain reload
Begin MonoManager ReloadAssembly
- Loaded All Assemblies, in  0.490 seconds
Native extension for WindowsStandalone target not found
Mono: successfully reloaded assembly
- Finished resetting the current domain, in  1.125 seconds
Domain Reload Profiling: 1615ms
	BeginReloadAssembly (173ms)
		ExecutionOrderSort (0ms)
		DisableScriptedObjects (6ms)
		BackupInstance (0ms)
		ReleaseScriptingObjects (0ms)
		CreateAndSetChildDomain (35ms)
	RebuildCommonClasses (31ms)
	RebuildNativeTypeToScriptingClass (11ms)
	initialDomainReloadingComplete (26ms)
	LoadAllAssembliesAndSetupDomain (249ms)
		LoadAssemblies (334ms)
		RebuildTransferFunctionScriptingTraits (0ms)
		AnalyzeDomain (17ms)
			TypeCache.Refresh (9ms)
				TypeCache.ScanAssembly (0ms)
			ScanForSourceGeneratedMonoScriptInfo (0ms)
			ResolveRequiredComponents (6ms)
	FinalizeReload (1126ms)
		ReleaseScriptCaches (0ms)
		RebuildScriptCaches (0ms)
		SetupLoadedEditorAssemblies (608ms)
			LogAssemblyErrors (0ms)
			InitializePlatformSupportModulesInManaged (6ms)
			SetLoadedEditorAssemblies (6ms)
			RefreshPlugins (0ms)
			BeforeProcessingInitializeOnLoad (104ms)
			ProcessInitializeOnLoadAttributes (464ms)
			ProcessInitializeOnLoadMethodAttributes (24ms)
			AfterProcessingInitializeOnLoad (4ms)
			EditorAssembliesLoaded (0ms)
		ExecutionOrderSort2 (0ms)
		AwakeInstancesAfterBackupRestoration (7ms)
Refreshing native plugins compatible for Editor in 2.95 ms, found 3 plugins.
Preloading 0 native plugins for Editor in 0.00 ms.
Unloading 3578 Unused Serialized files (Serialized files now loaded: 0)
Unloading 14 unused Assets / (28.5 KB). Loaded Objects now: 4272.
Memory consumption went from 128.0 MB to 128.0 MB.
Total: 3.327400 ms (FindLiveObjects: 0.441100 ms CreateObjectMapping: 0.364400 ms MarkObjects: 2.481900 ms  DeleteObjects: 0.039000 ms)

Prepare: number of updated asset objects reloaded= 0
AssetImportParameters requested are different than current active one (requested -> active):
  custom:scripting/monoscript/fileName/RandomHitPlacer.cs: 0e520bb249608fd9a2ce5ff96c591009 -> 
  custom:container-demuxer-ogg: 62fdf1f143b41e24485cea50d1cbac27 -> 
  custom:scripting/monoscript/fileName/SpriteEditorWindow.cs: 1629bd700639d5abf7ee9c1a15128fda -> 
  custom:scripting/monoscript/fileName/SpriteRect.cs: 8da6d12a5fbd75a0eba31cfa62842428 -> 
  custom:scripting/monoscript/fileName/ISpriteEditorModule.cs: f35f8b8d39dcfd448fbbe9ea48566c2f -> 
  custom:video-decoder-ogg-theora: a1e56fd34408186e4bbccfd4996cb3dc -> 
  custom:scripting/monoscript/fileName/MenuItems.cs: 3ea3522373e3b4d2ef39113c39531efd -> 
  custom:scripting/monoscript/fileName/DefaultSpriteNameFileIdDataProvider.cs: cd965ed390b21ec0302c3211a9f903ff -> 
  custom:framework-win-MediaFoundation: 216162199b28c13a410421893ffa2e32 -> 
  custom:scripting/monoscript/fileName/PlayerInteract.cs: 73ffd8c360dbab24565d6c0e90133a24 -> 
  custom:scripting/monoscript/fileName/ShapeEditor.cs: 7eba0c642af179a392c34e527393b30b -> 
  custom:scripting/monoscript/fileName/SpritePolygonModeModule.cs: 8b4aa126b968b0772b9e20476364e690 -> 
  custom:scripting/precompiled-assembly-types:Unity.2D.Sprite.Editor: c80415e041d636416599f4ac20098905 -> 
  custom:scripting/monoscript/fileName/ItemCreationUtility.cs: d1c4ddba747ed633116f555c0d69ace7 -> 
  custom:CustomObjectIndexerAttribute: 9a22284fe3817be447336de3de66b15e -> 
  custom:scripting/monoscript/fileName/SpriteEditorHandles.cs: 8b78502b9b56b3c556563a6e935b52ad -> 
  custom:container-demuxer-webm: 4f35f7cbe854078d1ac9338744f61a02 -> 
  custom:scripting/monoscript/fileName/SpriteNameFileIdPair.cs: 8dab74045e538d5698ea3c4caed3e48c -> 
  custom:scripting/monoscript/fileName/IGL.cs: 8903f8a1304142ec1aefe33b7a4db28c -> 
  custom:scripting/monoscript/fileName/SpritePhysicsShapeModule.cs: 35688b9e178698712b557d50761dc7c2 -> 
  custom:scripting/monoscript/fileName/ITexture.cs: dbb4c87e1c028ce779185d5d3d566460 -> 
  custom:container-muxer-webm: aa71ff27fc2769a1b78a27578f13a17b -> 
  custom:scripting/monoscript/fileName/IEvent.cs: c25d501578d8ebe48d7b30415b0df4c5 -> 
  custom:video-decoder-webm-vp8: 9c59270c3fd7afecdb556c50c9e8de78 -> 
  custom:scripting/monoscript/fileName/SpriteOutlineModule.cs: 249fecf584323de7d2fd0b14e9a4944c -> 
  custom:SearchIndexIgnoredProperties: e643bd26f0fe6173181afceb89e7c659 -> 
  custom:AudioImporter_EditorPlatform: d09bf68614088b80899f8185d706f6e7 -> 
  custom:scripting/monoscript/fileName/SpriteEditorUtility.cs: 7e2d1f2cb427fd67c5461f9431375c3a -> 
  custom:scripting/monoscript/fileName/SpriteSecondaryTexturesModule.cs: 8f361de5bdfd731e220c415240ad033f -> 
  custom:scripting/monoscript/fileName/IGUIUtility.cs: cad79017f17454feb4e1799b1c42f87c -> 
  custom:scripting/monoscript/fileName/IHandles.cs: d2780a18a3844e49d490d68d5cb3d26a -> 
  custom:scripting/monoscript/fileName/TextureImporterDataProvider.cs: d68f5d5325387f4e38fdcf2610c72ce3 -> 
  custom:scripting/monoscript/fileName/SpriteEditorMenu.cs: f9042f312a91c162ede0d5de48225240 -> 
  custom:scripting/monoscript/fileName/ISpriteEditorDataProvider.cs: 4c01add71bf03a3e1afff21bbd534ee9 -> 
  custom:scripting/monoscript/fileName/IUndoSystem.cs: 841a069a843e48d57d362ca08bca21d4 -> 
  custom:scripting/monoscript/fileName/SpritePolygonModeModuleView.cs: db8ddbee5a89c636987047f4602001ef -> 
  custom:scripting/monoscript/fileName/SpriteEditorData.cs: 79e0d970ecf11ef3020398e38672548f -> 
  custom:video-encoder-webm-vp8: eb34c28f22e8b96e1ab97ce403110664 -> 
  custom:audio-decoder-ogg-vorbis: bf7c407c2cedff20999df2af8eb42d56 -> 
  custom:scripting/monoscript/fileName/SpriteEditorWindowSettings.cs: 8e59c26ada2085b3ebaa83fd01af70e3 -> 
  custom:scripting/monoscript/fileName/SpriteFrameModuleBaseView.cs: 72abaa53c3c1184e23d4d9a45f62d8c2 -> 
  custom:scripting/monoscript/fileName/IAssetDatabase.cs: c40b958675a6cd5b519fa6ca497fede4 -> 
  custom:scripting/monoscript/fileName/SpriteFrameModule.cs: f07011b3ec3622062bef733dc29fedf0 -> 
  custom:scripting/monoscript/fileName/ShapeEditorRectSelection.cs: 1696d724b33ef6168949bbdce78d19c6 -> 
  custom:scripting/monoscript/fileName/TextureImporterDataProviderImplementation.cs: ffb9fda6ca225aa106e9fa84455f4e60 -> 
  custom:audio-encoder-webm-vorbis: bf7c407c2cedff20999df2af8eb42d56 -> 
  custom:scripting/monoscript/fileName/SpriteUtilityWindow.cs: 4827aafd0c4d893166845eac1266c4ed -> 
  custom:scripting/monoscript/fileName/SpriteFrameModuleBase.cs: 82472910b376b3c28a6f5b31b28f5f51 -> 
  custom:scripting/precompiled-assembly-types:Assembly-CSharp: e8ed9741bcbf294b9c3e9b888859a665 -> 17fd4233e2971542c9b4d9c5fc8a1fc5
  custom:scripting/monoscript/fileName/SpriteFrameModuleView.cs: f07011b3ec3622062bef733dc29fedf0 -> 
========================================================================
Received Prepare
Caller must complete domain reload
Begin MonoManager ReloadAssembly
- Loaded All Assemblies, in  0.486 seconds
Native extension for WindowsStandalone target not found
Mono: successfully reloaded assembly
- Finished resetting the current domain, in  0.974 seconds
Domain Reload Profiling: 1460ms
	BeginReloadAssembly (170ms)
		ExecutionOrderSort (0ms)
		DisableScriptedObjects (6ms)
		BackupInstance (0ms)
		ReleaseScriptingObjects (0ms)
		CreateAndSetChildDomain (33ms)
	RebuildCommonClasses (30ms)
	RebuildNativeTypeToScriptingClass (11ms)
	initialDomainReloadingComplete (27ms)
	LoadAllAssembliesAndSetupDomain (248ms)
		LoadAssemblies (321ms)
		RebuildTransferFunctionScriptingTraits (0ms)
		AnalyzeDomain (29ms)
			TypeCache.Refresh (10ms)
				TypeCache.ScanAssembly (0ms)
			ScanForSourceGeneratedMonoScriptInfo (12ms)
			ResolveRequiredComponents (5ms)
	FinalizeReload (975ms)
		ReleaseScriptCaches (0ms)
		RebuildScriptCaches (0ms)
		SetupLoadedEditorAssemblies (507ms)
			LogAssemblyErrors (0ms)
			InitializePlatformSupportModulesInManaged (5ms)
			SetLoadedEditorAssemblies (6ms)
			RefreshPlugins (0ms)
			BeforeProcessingInitializeOnLoad (91ms)
			ProcessInitializeOnLoadAttributes (382ms)
			ProcessInitializeOnLoadMethodAttributes (21ms)
			AfterProcessingInitializeOnLoad (2ms)
			EditorAssembliesLoaded (0ms)
		ExecutionOrderSort2 (0ms)
		AwakeInstancesAfterBackupRestoration (5ms)
Refreshing native plugins compatible for Editor in 2.61 ms, found 3 plugins.
Preloading 0 native plugins for Editor in 0.00 ms.
Unloading 3578 Unused Serialized files (Serialized files now loaded: 0)
Unloading 14 unused Assets / (28.6 KB). Loaded Objects now: 4275.
Memory consumption went from 128.0 MB to 128.0 MB.
Total: 3.616800 ms (FindLiveObjects: 0.319800 ms CreateObjectMapping: 0.216900 ms MarkObjects: 3.006100 ms  DeleteObjects: 0.072900 ms)

Prepare: number of updated asset objects reloaded= 0
AssetImportParameters requested are different than current active one (requested -> active):
  custom:scripting/monoscript/fileName/RandomHitPlacer.cs: 0e520bb249608fd9a2ce5ff96c591009 -> 
  custom:container-demuxer-ogg: 62fdf1f143b41e24485cea50d1cbac27 -> 
  custom:scripting/monoscript/fileName/SpriteEditorWindow.cs: 1629bd700639d5abf7ee9c1a15128fda -> 
  custom:scripting/monoscript/fileName/SpriteRect.cs: 8da6d12a5fbd75a0eba31cfa62842428 -> 
  custom:scripting/monoscript/fileName/ISpriteEditorModule.cs: f35f8b8d39dcfd448fbbe9ea48566c2f -> 
  custom:video-decoder-ogg-theora: a1e56fd34408186e4bbccfd4996cb3dc -> 
  custom:scripting/monoscript/fileName/MenuItems.cs: 3ea3522373e3b4d2ef39113c39531efd -> 
  custom:scripting/monoscript/fileName/DefaultSpriteNameFileIdDataProvider.cs: cd965ed390b21ec0302c3211a9f903ff -> 
  custom:framework-win-MediaFoundation: 216162199b28c13a410421893ffa2e32 -> 
  custom:scripting/monoscript/fileName/PlayerInteract.cs: 73ffd8c360dbab24565d6c0e90133a24 -> 
  custom:scripting/monoscript/fileName/ShapeEditor.cs: 7eba0c642af179a392c34e527393b30b -> 
  custom:scripting/monoscript/fileName/SpritePolygonModeModule.cs: 8b4aa126b968b0772b9e20476364e690 -> 
  custom:scripting/precompiled-assembly-types:Unity.2D.Sprite.Editor: c80415e041d636416599f4ac20098905 -> 
  custom:scripting/monoscript/fileName/ItemCreationUtility.cs: d1c4ddba747ed633116f555c0d69ace7 -> 
  custom:CustomObjectIndexerAttribute: 9a22284fe3817be447336de3de66b15e -> 
  custom:scripting/monoscript/fileName/SpriteEditorHandles.cs: 8b78502b9b56b3c556563a6e935b52ad -> 
  custom:container-demuxer-webm: 4f35f7cbe854078d1ac9338744f61a02 -> 
  custom:scripting/monoscript/fileName/SpriteNameFileIdPair.cs: 8dab74045e538d5698ea3c4caed3e48c -> 
  custom:scripting/monoscript/fileName/IGL.cs: 8903f8a1304142ec1aefe33b7a4db28c -> 
  custom:scripting/monoscript/fileName/SpritePhysicsShapeModule.cs: 35688b9e178698712b557d50761dc7c2 -> 
  custom:scripting/monoscript/fileName/ITexture.cs: dbb4c87e1c028ce779185d5d3d566460 -> 
  custom:container-muxer-webm: aa71ff27fc2769a1b78a27578f13a17b -> 
  custom:scripting/monoscript/fileName/IEvent.cs: c25d501578d8ebe48d7b30415b0df4c5 -> 
  custom:video-decoder-webm-vp8: 9c59270c3fd7afecdb556c50c9e8de78 -> 
  custom:scripting/monoscript/fileName/SpriteOutlineModule.cs: 249fecf584323de7d2fd0b14e9a4944c -> 
  custom:SearchIndexIgnoredProperties: e643bd26f0fe6173181afceb89e7c659 -> 
  custom:AudioImporter_EditorPlatform: d09bf68614088b80899f8185d706f6e7 -> 
  custom:scripting/monoscript/fileName/SpriteEditorUtility.cs: 7e2d1f2cb427fd67c5461f9431375c3a -> 
  custom:scripting/monoscript/fileName/SpriteSecondaryTexturesModule.cs: 8f361de5bdfd731e220c415240ad033f -> 
  custom:scripting/monoscript/fileName/IGUIUtility.cs: cad79017f17454feb4e1799b1c42f87c -> 
  custom:scripting/monoscript/fileName/IHandles.cs: d2780a18a3844e49d490d68d5cb3d26a -> 
  custom:scripting/monoscript/fileName/TextureImporterDataProvider.cs: d68f5d5325387f4e38fdcf2610c72ce3 -> 
  custom:scripting/monoscript/fileName/SpriteEditorMenu.cs: f9042f312a91c162ede0d5de48225240 -> 
  custom:scripting/monoscript/fileName/ISpriteEditorDataProvider.cs: 4c01add71bf03a3e1afff21bbd534ee9 -> 
  custom:scripting/monoscript/fileName/IUndoSystem.cs: 841a069a843e48d57d362ca08bca21d4 -> 
  custom:scripting/monoscript/fileName/SpritePolygonModeModuleView.cs: db8ddbee5a89c636987047f4602001ef -> 
  custom:scripting/monoscript/fileName/SpriteEditorData.cs: 79e0d970ecf11ef3020398e38672548f -> 
  custom:video-encoder-webm-vp8: eb34c28f22e8b96e1ab97ce403110664 -> 
  custom:audio-decoder-ogg-vorbis: bf7c407c2cedff20999df2af8eb42d56 -> 
  custom:scripting/monoscript/fileName/SpriteEditorWindowSettings.cs: 8e59c26ada2085b3ebaa83fd01af70e3 -> 
  custom:scripting/monoscript/fileName/SpriteFrameModuleBaseView.cs: 72abaa53c3c1184e23d4d9a45f62d8c2 -> 
  custom:scripting/monoscript/fileName/IAssetDatabase.cs: c40b958675a6cd5b519fa6ca497fede4 -> 
  custom:scripting/monoscript/fileName/SpriteFrameModule.cs: f07011b3ec3622062bef733dc29fedf0 -> 
  custom:scripting/monoscript/fileName/ShapeEditorRectSelection.cs: 1696d724b33ef6168949bbdce78d19c6 -> 
  custom:scripting/monoscript/fileName/TextureImporterDataProviderImplementation.cs: ffb9fda6ca225aa106e9fa84455f4e60 -> 
  custom:audio-encoder-webm-vorbis: bf7c407c2cedff20999df2af8eb42d56 -> 
  custom:scripting/monoscript/fileName/SpriteUtilityWindow.cs: 4827aafd0c4d893166845eac1266c4ed -> 
  custom:scripting/monoscript/fileName/SpriteFrameModuleBase.cs: 82472910b376b3c28a6f5b31b28f5f51 -> 
  custom:scripting/precompiled-assembly-types:Assembly-CSharp: e8ed9741bcbf294b9c3e9b888859a665 -> 17fd4233e2971542c9b4d9c5fc8a1fc5
  custom:scripting/monoscript/fileName/SpriteFrameModuleView.cs: f07011b3ec3622062bef733dc29fedf0 -> 
========================================================================
Received Prepare
Caller must complete domain reload
Begin MonoManager ReloadAssembly
- Loaded All Assemblies, in  0.439 seconds
Native extension for WindowsStandalone target not found
Mono: successfully reloaded assembly
- Finished resetting the current domain, in  1.033 seconds
Domain Reload Profiling: 1472ms
	BeginReloadAssembly (156ms)
		ExecutionOrderSort (0ms)
		DisableScriptedObjects (5ms)
		BackupInstance (0ms)
		ReleaseScriptingObjects (0ms)
		CreateAndSetChildDomain (31ms)
	RebuildCommonClasses (29ms)
	RebuildNativeTypeToScriptingClass (10ms)
	initialDomainReloadingComplete (23ms)
	LoadAllAssembliesAndSetupDomain (220ms)
		LoadAssemblies (297ms)
		RebuildTransferFunctionScriptingTraits (0ms)
		AnalyzeDomain (15ms)
			TypeCache.Refresh (8ms)
				TypeCache.ScanAssembly (0ms)
			ScanForSourceGeneratedMonoScriptInfo (0ms)
			ResolveRequiredComponents (6ms)
	FinalizeReload (1033ms)
		ReleaseScriptCaches (0ms)
		RebuildScriptCaches (0ms)
		SetupLoadedEditorAssemblies (562ms)
			LogAssemblyErrors (0ms)
			InitializePlatformSupportModulesInManaged (6ms)
			SetLoadedEditorAssemblies (6ms)
			RefreshPlugins (0ms)
			BeforeProcessingInitializeOnLoad (93ms)
			ProcessInitializeOnLoadAttributes (432ms)
			ProcessInitializeOnLoadMethodAttributes (23ms)
			AfterProcessingInitializeOnLoad (2ms)
			EditorAssembliesLoaded (0ms)
		ExecutionOrderSort2 (0ms)
		AwakeInstancesAfterBackupRestoration (6ms)
Refreshing native plugins compatible for Editor in 2.67 ms, found 3 plugins.
Preloading 0 native plugins for Editor in 0.00 ms.
Unloading 3578 Unused Serialized files (Serialized files now loaded: 0)
Unloading 14 unused Assets / (28.5 KB). Loaded Objects now: 4278.
Memory consumption went from 128.0 MB to 128.0 MB.
Total: 3.137600 ms (FindLiveObjects: 0.354300 ms CreateObjectMapping: 0.243600 ms MarkObjects: 2.494300 ms  DeleteObjects: 0.044800 ms)

Prepare: number of updated asset objects reloaded= 0
AssetImportParameters requested are different than current active one (requested -> active):
  custom:scripting/monoscript/fileName/RandomHitPlacer.cs: 0e520bb249608fd9a2ce5ff96c591009 -> 
  custom:container-demuxer-ogg: 62fdf1f143b41e24485cea50d1cbac27 -> 
  custom:scripting/monoscript/fileName/SpriteEditorWindow.cs: 1629bd700639d5abf7ee9c1a15128fda -> 
  custom:scripting/monoscript/fileName/SpriteRect.cs: 8da6d12a5fbd75a0eba31cfa62842428 -> 
  custom:scripting/monoscript/fileName/ISpriteEditorModule.cs: f35f8b8d39dcfd448fbbe9ea48566c2f -> 
  custom:video-decoder-ogg-theora: a1e56fd34408186e4bbccfd4996cb3dc -> 
  custom:scripting/monoscript/fileName/MenuItems.cs: 3ea3522373e3b4d2ef39113c39531efd -> 
  custom:scripting/monoscript/fileName/DefaultSpriteNameFileIdDataProvider.cs: cd965ed390b21ec0302c3211a9f903ff -> 
  custom:framework-win-MediaFoundation: 216162199b28c13a410421893ffa2e32 -> 
  custom:scripting/monoscript/fileName/PlayerInteract.cs: 73ffd8c360dbab24565d6c0e90133a24 -> 
  custom:scripting/monoscript/fileName/ShapeEditor.cs: 7eba0c642af179a392c34e527393b30b -> 
  custom:scripting/monoscript/fileName/SpritePolygonModeModule.cs: 8b4aa126b968b0772b9e20476364e690 -> 
  custom:scripting/precompiled-assembly-types:Unity.2D.Sprite.Editor: c80415e041d636416599f4ac20098905 -> 
  custom:scripting/monoscript/fileName/ItemCreationUtility.cs: d1c4ddba747ed633116f555c0d69ace7 -> 
  custom:CustomObjectIndexerAttribute: 9a22284fe3817be447336de3de66b15e -> 
  custom:scripting/monoscript/fileName/SpriteEditorHandles.cs: 8b78502b9b56b3c556563a6e935b52ad -> 
  custom:container-demuxer-webm: 4f35f7cbe854078d1ac9338744f61a02 -> 
  custom:scripting/monoscript/fileName/SpriteNameFileIdPair.cs: 8dab74045e538d5698ea3c4caed3e48c -> 
  custom:scripting/monoscript/fileName/IGL.cs: 8903f8a1304142ec1aefe33b7a4db28c -> 
  custom:scripting/monoscript/fileName/SpritePhysicsShapeModule.cs: 35688b9e178698712b557d50761dc7c2 -> 
  custom:scripting/monoscript/fileName/ITexture.cs: dbb4c87e1c028ce779185d5d3d566460 -> 
  custom:container-muxer-webm: aa71ff27fc2769a1b78a27578f13a17b -> 
  custom:scripting/monoscript/fileName/IEvent.cs: c25d501578d8ebe48d7b30415b0df4c5 -> 
  custom:video-decoder-webm-vp8: 9c59270c3fd7afecdb556c50c9e8de78 -> 
  custom:scripting/monoscript/fileName/SpriteOutlineModule.cs: 249fecf584323de7d2fd0b14e9a4944c -> 
  custom:SearchIndexIgnoredProperties: e643bd26f0fe6173181afceb89e7c659 -> 
  custom:AudioImporter_EditorPlatform: d09bf68614088b80899f8185d706f6e7 -> 
  custom:scripting/monoscript/fileName/SpriteEditorUtility.cs: 7e2d1f2cb427fd67c5461f9431375c3a -> 
  custom:scripting/monoscript/fileName/SpriteSecondaryTexturesModule.cs: 8f361de5bdfd731e220c415240ad033f -> 
  custom:scripting/monoscript/fileName/IGUIUtility.cs: cad79017f17454feb4e1799b1c42f87c -> 
  custom:scripting/monoscript/fileName/IHandles.cs: d2780a18a3844e49d490d68d5cb3d26a -> 
  custom:scripting/monoscript/fileName/TextureImporterDataProvider.cs: d68f5d5325387f4e38fdcf2610c72ce3 -> 
  custom:scripting/monoscript/fileName/SpriteEditorMenu.cs: f9042f312a91c162ede0d5de48225240 -> 
  custom:scripting/monoscript/fileName/ISpriteEditorDataProvider.cs: 4c01add71bf03a3e1afff21bbd534ee9 -> 
  custom:scripting/monoscript/fileName/IUndoSystem.cs: 841a069a843e48d57d362ca08bca21d4 -> 
  custom:scripting/monoscript/fileName/SpritePolygonModeModuleView.cs: db8ddbee5a89c636987047f4602001ef -> 
  custom:scripting/monoscript/fileName/SpriteEditorData.cs: 79e0d970ecf11ef3020398e38672548f -> 
  custom:video-encoder-webm-vp8: eb34c28f22e8b96e1ab97ce403110664 -> 
  custom:audio-decoder-ogg-vorbis: bf7c407c2cedff20999df2af8eb42d56 -> 
  custom:scripting/monoscript/fileName/SpriteEditorWindowSettings.cs: 8e59c26ada2085b3ebaa83fd01af70e3 -> 
  custom:scripting/monoscript/fileName/SpriteFrameModuleBaseView.cs: 72abaa53c3c1184e23d4d9a45f62d8c2 -> 
  custom:scripting/monoscript/fileName/IAssetDatabase.cs: c40b958675a6cd5b519fa6ca497fede4 -> 
  custom:scripting/monoscript/fileName/SpriteFrameModule.cs: f07011b3ec3622062bef733dc29fedf0 -> 
  custom:scripting/monoscript/fileName/ShapeEditorRectSelection.cs: 1696d724b33ef6168949bbdce78d19c6 -> 
  custom:scripting/monoscript/fileName/TextureImporterDataProviderImplementation.cs: ffb9fda6ca225aa106e9fa84455f4e60 -> 
  custom:audio-encoder-webm-vorbis: bf7c407c2cedff20999df2af8eb42d56 -> 
  custom:scripting/monoscript/fileName/SpriteUtilityWindow.cs: 4827aafd0c4d893166845eac1266c4ed -> 
  custom:scripting/monoscript/fileName/SpriteFrameModuleBase.cs: 82472910b376b3c28a6f5b31b28f5f51 -> 
  custom:scripting/precompiled-assembly-types:Assembly-CSharp: e8ed9741bcbf294b9c3e9b888859a665 -> 17fd4233e2971542c9b4d9c5fc8a1fc5
  custom:scripting/monoscript/fileName/SpriteFrameModuleView.cs: f07011b3ec3622062bef733dc29fedf0 -> 
========================================================================
Received Prepare
Caller must complete domain reload
Begin MonoManager ReloadAssembly
- Loaded All Assemblies, in  0.486 seconds
Native extension for WindowsStandalone target not found
Mono: successfully reloaded assembly
- Finished resetting the current domain, in  0.964 seconds
Domain Reload Profiling: 1450ms
	BeginReloadAssembly (180ms)
		ExecutionOrderSort (0ms)
		DisableScriptedObjects (5ms)
		BackupInstance (0ms)
		ReleaseScriptingObjects (0ms)
		CreateAndSetChildDomain (32ms)
	RebuildCommonClasses (30ms)
	RebuildNativeTypeToScriptingClass (10ms)
	initialDomainReloadingComplete (24ms)
	LoadAllAssembliesAndSetupDomain (242ms)
		LoadAssemblies (327ms)
		RebuildTransferFunctionScriptingTraits (0ms)
		AnalyzeDomain (29ms)
			TypeCache.Refresh (10ms)
				TypeCache.ScanAssembly (0ms)
			ScanForSourceGeneratedMonoScriptInfo (12ms)
			ResolveRequiredComponents (5ms)
	FinalizeReload (964ms)
		ReleaseScriptCaches (0ms)
		RebuildScriptCaches (0ms)
		SetupLoadedEditorAssemblies (507ms)
			LogAssemblyErrors (0ms)
			InitializePlatformSupportModulesInManaged (5ms)
			SetLoadedEditorAssemblies (6ms)
			RefreshPlugins (0ms)
			BeforeProcessingInitializeOnLoad (90ms)
			ProcessInitializeOnLoadAttributes (383ms)
			ProcessInitializeOnLoadMethodAttributes (21ms)
			AfterProcessingInitializeOnLoad (2ms)
			EditorAssembliesLoaded (0ms)
		ExecutionOrderSort2 (0ms)
		AwakeInstancesAfterBackupRestoration (6ms)
Refreshing native plugins compatible for Editor in 2.46 ms, found 3 plugins.
Preloading 0 native plugins for Editor in 0.00 ms.
Unloading 3578 Unused Serialized files (Serialized files now loaded: 0)
Unloading 14 unused Assets / (28.6 KB). Loaded Objects now: 4281.
Memory consumption went from 128.0 MB to 128.0 MB.
Total: 4.352100 ms (FindLiveObjects: 0.561300 ms CreateObjectMapping: 0.368900 ms MarkObjects: 3.366700 ms  DeleteObjects: 0.053600 ms)

Prepare: number of updated asset objects reloaded= 0
AssetImportParameters requested are different than current active one (requested -> active):
  custom:scripting/monoscript/fileName/RandomHitPlacer.cs: 0e520bb249608fd9a2ce5ff96c591009 -> 
  custom:container-demuxer-ogg: 62fdf1f143b41e24485cea50d1cbac27 -> 
  custom:scripting/monoscript/fileName/SpriteEditorWindow.cs: 1629bd700639d5abf7ee9c1a15128fda -> 
  custom:scripting/monoscript/fileName/SpriteRect.cs: 8da6d12a5fbd75a0eba31cfa62842428 -> 
  custom:scripting/monoscript/fileName/ISpriteEditorModule.cs: f35f8b8d39dcfd448fbbe9ea48566c2f -> 
  custom:video-decoder-ogg-theora: a1e56fd34408186e4bbccfd4996cb3dc -> 
  custom:scripting/monoscript/fileName/MenuItems.cs: 3ea3522373e3b4d2ef39113c39531efd -> 
  custom:scripting/monoscript/fileName/DefaultSpriteNameFileIdDataProvider.cs: cd965ed390b21ec0302c3211a9f903ff -> 
  custom:framework-win-MediaFoundation: 216162199b28c13a410421893ffa2e32 -> 
  custom:scripting/monoscript/fileName/PlayerInteract.cs: 73ffd8c360dbab24565d6c0e90133a24 -> 
  custom:scripting/monoscript/fileName/ShapeEditor.cs: 7eba0c642af179a392c34e527393b30b -> 
  custom:scripting/monoscript/fileName/SpritePolygonModeModule.cs: 8b4aa126b968b0772b9e20476364e690 -> 
  custom:scripting/precompiled-assembly-types:Unity.2D.Sprite.Editor: c80415e041d636416599f4ac20098905 -> 
  custom:scripting/monoscript/fileName/ItemCreationUtility.cs: d1c4ddba747ed633116f555c0d69ace7 -> 
  custom:CustomObjectIndexerAttribute: 9a22284fe3817be447336de3de66b15e -> 
  custom:scripting/monoscript/fileName/SpriteEditorHandles.cs: 8b78502b9b56b3c556563a6e935b52ad -> 
  custom:container-demuxer-webm: 4f35f7cbe854078d1ac9338744f61a02 -> 
  custom:scripting/monoscript/fileName/SpriteNameFileIdPair.cs: 8dab74045e538d5698ea3c4caed3e48c -> 
  custom:scripting/monoscript/fileName/IGL.cs: 8903f8a1304142ec1aefe33b7a4db28c -> 
  custom:scripting/monoscript/fileName/SpritePhysicsShapeModule.cs: 35688b9e178698712b557d50761dc7c2 -> 
  custom:scripting/monoscript/fileName/ITexture.cs: dbb4c87e1c028ce779185d5d3d566460 -> 
  custom:container-muxer-webm: aa71ff27fc2769a1b78a27578f13a17b -> 
  custom:scripting/monoscript/fileName/IEvent.cs: c25d501578d8ebe48d7b30415b0df4c5 -> 
  custom:video-decoder-webm-vp8: 9c59270c3fd7afecdb556c50c9e8de78 -> 
  custom:scripting/monoscript/fileName/SpriteOutlineModule.cs: 249fecf584323de7d2fd0b14e9a4944c -> 
  custom:SearchIndexIgnoredProperties: e643bd26f0fe6173181afceb89e7c659 -> 
  custom:AudioImporter_EditorPlatform: d09bf68614088b80899f8185d706f6e7 -> 
  custom:scripting/monoscript/fileName/SpriteEditorUtility.cs: 7e2d1f2cb427fd67c5461f9431375c3a -> 
  custom:scripting/monoscript/fileName/SpriteSecondaryTexturesModule.cs: 8f361de5bdfd731e220c415240ad033f -> 
  custom:scripting/monoscript/fileName/IGUIUtility.cs: cad79017f17454feb4e1799b1c42f87c -> 
  custom:scripting/monoscript/fileName/IHandles.cs: d2780a18a3844e49d490d68d5cb3d26a -> 
  custom:scripting/monoscript/fileName/TextureImporterDataProvider.cs: d68f5d5325387f4e38fdcf2610c72ce3 -> 
  custom:scripting/monoscript/fileName/SpriteEditorMenu.cs: f9042f312a91c162ede0d5de48225240 -> 
  custom:scripting/monoscript/fileName/ISpriteEditorDataProvider.cs: 4c01add71bf03a3e1afff21bbd534ee9 -> 
  custom:scripting/monoscript/fileName/IUndoSystem.cs: 841a069a843e48d57d362ca08bca21d4 -> 
  custom:scripting/monoscript/fileName/SpritePolygonModeModuleView.cs: db8ddbee5a89c636987047f4602001ef -> 
  custom:scripting/monoscript/fileName/SpriteEditorData.cs: 79e0d970ecf11ef3020398e38672548f -> 
  custom:video-encoder-webm-vp8: eb34c28f22e8b96e1ab97ce403110664 -> 
  custom:audio-decoder-ogg-vorbis: bf7c407c2cedff20999df2af8eb42d56 -> 
  custom:scripting/monoscript/fileName/SpriteEditorWindowSettings.cs: 8e59c26ada2085b3ebaa83fd01af70e3 -> 
  custom:scripting/monoscript/fileName/SpriteFrameModuleBaseView.cs: 72abaa53c3c1184e23d4d9a45f62d8c2 -> 
  custom:scripting/monoscript/fileName/IAssetDatabase.cs: c40b958675a6cd5b519fa6ca497fede4 -> 
  custom:scripting/monoscript/fileName/SpriteFrameModule.cs: f07011b3ec3622062bef733dc29fedf0 -> 
  custom:scripting/monoscript/fileName/ShapeEditorRectSelection.cs: 1696d724b33ef6168949bbdce78d19c6 -> 
  custom:scripting/monoscript/fileName/TextureImporterDataProviderImplementation.cs: ffb9fda6ca225aa106e9fa84455f4e60 -> 
  custom:audio-encoder-webm-vorbis: bf7c407c2cedff20999df2af8eb42d56 -> 
  custom:scripting/monoscript/fileName/SpriteUtilityWindow.cs: 4827aafd0c4d893166845eac1266c4ed -> 
  custom:scripting/monoscript/fileName/SpriteFrameModuleBase.cs: 82472910b376b3c28a6f5b31b28f5f51 -> 
  custom:scripting/precompiled-assembly-types:Assembly-CSharp: e8ed9741bcbf294b9c3e9b888859a665 -> 17fd4233e2971542c9b4d9c5fc8a1fc5
  custom:scripting/monoscript/fileName/SpriteFrameModuleView.cs: f07011b3ec3622062bef733dc29fedf0 -> 
========================================================================
Received Prepare
Caller must complete domain reload
Begin MonoManager ReloadAssembly
- Loaded All Assemblies, in  0.452 seconds
Native extension for WindowsStandalone target not found
Mono: successfully reloaded assembly
- Finished resetting the current domain, in  1.037 seconds
Domain Reload Profiling: 1488ms
	BeginReloadAssembly (167ms)
		ExecutionOrderSort (0ms)
		DisableScriptedObjects (5ms)
		BackupInstance (0ms)
		ReleaseScriptingObjects (0ms)
		CreateAndSetChildDomain (34ms)
	RebuildCommonClasses (30ms)
	RebuildNativeTypeToScriptingClass (10ms)
	initialDomainReloadingComplete (25ms)
	LoadAllAssembliesAndSetupDomain (220ms)
		LoadAssemblies (301ms)
		RebuildTransferFunctionScriptingTraits (0ms)
		AnalyzeDomain (15ms)
			TypeCache.Refresh (8ms)
				TypeCache.ScanAssembly (0ms)
			ScanForSourceGeneratedMonoScriptInfo (0ms)
			ResolveRequiredComponents (6ms)
	FinalizeReload (1037ms)
		ReleaseScriptCaches (0ms)
		RebuildScriptCaches (0ms)
		SetupLoadedEditorAssemblies (559ms)
			LogAssemblyErrors (0ms)
			InitializePlatformSupportModulesInManaged (6ms)
			SetLoadedEditorAssemblies (6ms)
			RefreshPlugins (0ms)
			BeforeProcessingInitializeOnLoad (92ms)
			ProcessInitializeOnLoadAttributes (429ms)
			ProcessInitializeOnLoadMethodAttributes (23ms)
			AfterProcessingInitializeOnLoad (3ms)
			EditorAssembliesLoaded (0ms)
		ExecutionOrderSort2 (0ms)
		AwakeInstancesAfterBackupRestoration (6ms)
Refreshing native plugins compatible for Editor in 2.93 ms, found 3 plugins.
Preloading 0 native plugins for Editor in 0.00 ms.
Unloading 3578 Unused Serialized files (Serialized files now loaded: 0)
Unloading 14 unused Assets / (28.6 KB). Loaded Objects now: 4284.
Memory consumption went from 128.0 MB to 128.0 MB.
Total: 3.437400 ms (FindLiveObjects: 0.469000 ms CreateObjectMapping: 0.359100 ms MarkObjects: 2.571100 ms  DeleteObjects: 0.036900 ms)

Prepare: number of updated asset objects reloaded= 0
AssetImportParameters requested are different than current active one (requested -> active):
  custom:scripting/monoscript/fileName/RandomHitPlacer.cs: 0e520bb249608fd9a2ce5ff96c591009 -> 
  custom:container-demuxer-ogg: 62fdf1f143b41e24485cea50d1cbac27 -> 
  custom:scripting/monoscript/fileName/SpriteEditorWindow.cs: 1629bd700639d5abf7ee9c1a15128fda -> 
  custom:scripting/monoscript/fileName/SpriteRect.cs: 8da6d12a5fbd75a0eba31cfa62842428 -> 
  custom:scripting/monoscript/fileName/ISpriteEditorModule.cs: f35f8b8d39dcfd448fbbe9ea48566c2f -> 
  custom:video-decoder-ogg-theora: a1e56fd34408186e4bbccfd4996cb3dc -> 
  custom:scripting/monoscript/fileName/MenuItems.cs: 3ea3522373e3b4d2ef39113c39531efd -> 
  custom:scripting/monoscript/fileName/DefaultSpriteNameFileIdDataProvider.cs: cd965ed390b21ec0302c3211a9f903ff -> 
  custom:framework-win-MediaFoundation: 216162199b28c13a410421893ffa2e32 -> 
  custom:scripting/monoscript/fileName/PlayerInteract.cs: 73ffd8c360dbab24565d6c0e90133a24 -> 
  custom:scripting/monoscript/fileName/ShapeEditor.cs: 7eba0c642af179a392c34e527393b30b -> 
  custom:scripting/monoscript/fileName/SpritePolygonModeModule.cs: 8b4aa126b968b0772b9e20476364e690 -> 
  custom:scripting/precompiled-assembly-types:Unity.2D.Sprite.Editor: c80415e041d636416599f4ac20098905 -> 
  custom:scripting/monoscript/fileName/ItemCreationUtility.cs: d1c4ddba747ed633116f555c0d69ace7 -> 
  custom:CustomObjectIndexerAttribute: 9a22284fe3817be447336de3de66b15e -> 
  custom:scripting/monoscript/fileName/SpriteEditorHandles.cs: 8b78502b9b56b3c556563a6e935b52ad -> 
  custom:container-demuxer-webm: 4f35f7cbe854078d1ac9338744f61a02 -> 
  custom:scripting/monoscript/fileName/SpriteNameFileIdPair.cs: 8dab74045e538d5698ea3c4caed3e48c -> 
  custom:scripting/monoscript/fileName/IGL.cs: 8903f8a1304142ec1aefe33b7a4db28c -> 
  custom:scripting/monoscript/fileName/SpritePhysicsShapeModule.cs: 35688b9e178698712b557d50761dc7c2 -> 
  custom:scripting/monoscript/fileName/ITexture.cs: dbb4c87e1c028ce779185d5d3d566460 -> 
  custom:container-muxer-webm: aa71ff27fc2769a1b78a27578f13a17b -> 
  custom:scripting/monoscript/fileName/IEvent.cs: c25d501578d8ebe48d7b30415b0df4c5 -> 
  custom:video-decoder-webm-vp8: 9c59270c3fd7afecdb556c50c9e8de78 -> 
  custom:scripting/monoscript/fileName/SpriteOutlineModule.cs: 249fecf584323de7d2fd0b14e9a4944c -> 
  custom:SearchIndexIgnoredProperties: e643bd26f0fe6173181afceb89e7c659 -> 
  custom:AudioImporter_EditorPlatform: d09bf68614088b80899f8185d706f6e7 -> 
  custom:scripting/monoscript/fileName/SpriteEditorUtility.cs: 7e2d1f2cb427fd67c5461f9431375c3a -> 
  custom:scripting/monoscript/fileName/SpriteSecondaryTexturesModule.cs: 8f361de5bdfd731e220c415240ad033f -> 
  custom:scripting/monoscript/fileName/IGUIUtility.cs: cad79017f17454feb4e1799b1c42f87c -> 
  custom:scripting/monoscript/fileName/IHandles.cs: d2780a18a3844e49d490d68d5cb3d26a -> 
  custom:scripting/monoscript/fileName/TextureImporterDataProvider.cs: d68f5d5325387f4e38fdcf2610c72ce3 -> 
  custom:scripting/monoscript/fileName/SpriteEditorMenu.cs: f9042f312a91c162ede0d5de48225240 -> 
  custom:scripting/monoscript/fileName/ISpriteEditorDataProvider.cs: 4c01add71bf03a3e1afff21bbd534ee9 -> 
  custom:scripting/monoscript/fileName/IUndoSystem.cs: 841a069a843e48d57d362ca08bca21d4 -> 
  custom:scripting/monoscript/fileName/SpritePolygonModeModuleView.cs: db8ddbee5a89c636987047f4602001ef -> 
  custom:scripting/monoscript/fileName/SpriteEditorData.cs: 79e0d970ecf11ef3020398e38672548f -> 
  custom:video-encoder-webm-vp8: eb34c28f22e8b96e1ab97ce403110664 -> 
  custom:audio-decoder-ogg-vorbis: bf7c407c2cedff20999df2af8eb42d56 -> 
  custom:scripting/monoscript/fileName/SpriteEditorWindowSettings.cs: 8e59c26ada2085b3ebaa83fd01af70e3 -> 
  custom:scripting/monoscript/fileName/SpriteFrameModuleBaseView.cs: 72abaa53c3c1184e23d4d9a45f62d8c2 -> 
  custom:scripting/monoscript/fileName/IAssetDatabase.cs: c40b958675a6cd5b519fa6ca497fede4 -> 
  custom:scripting/monoscript/fileName/SpriteFrameModule.cs: f07011b3ec3622062bef733dc29fedf0 -> 
  custom:scripting/monoscript/fileName/ShapeEditorRectSelection.cs: 1696d724b33ef6168949bbdce78d19c6 -> 
  custom:scripting/monoscript/fileName/TextureImporterDataProviderImplementation.cs: ffb9fda6ca225aa106e9fa84455f4e60 -> 
  custom:audio-encoder-webm-vorbis: bf7c407c2cedff20999df2af8eb42d56 -> 
  custom:scripting/monoscript/fileName/SpriteUtilityWindow.cs: 4827aafd0c4d893166845eac1266c4ed -> 
  custom:scripting/monoscript/fileName/SpriteFrameModuleBase.cs: 82472910b376b3c28a6f5b31b28f5f51 -> 
  custom:scripting/precompiled-assembly-types:Assembly-CSharp: e8ed9741bcbf294b9c3e9b888859a665 -> 17fd4233e2971542c9b4d9c5fc8a1fc5
  custom:scripting/monoscript/fileName/SpriteFrameModuleView.cs: f07011b3ec3622062bef733dc29fedf0 -> 
========================================================================
Received Prepare
Caller must complete domain reload
Begin MonoManager ReloadAssembly
- Loaded All Assemblies, in  0.482 seconds
Native extension for WindowsStandalone target not found
Mono: successfully reloaded assembly
- Finished resetting the current domain, in  0.976 seconds
Domain Reload Profiling: 1458ms
	BeginReloadAssembly (157ms)
		ExecutionOrderSort (0ms)
		DisableScriptedObjects (5ms)
		BackupInstance (0ms)
		ReleaseScriptingObjects (0ms)
		CreateAndSetChildDomain (30ms)
	RebuildCommonClasses (30ms)
	RebuildNativeTypeToScriptingClass (10ms)
	initialDomainReloadingComplete (25ms)
	LoadAllAssembliesAndSetupDomain (259ms)
		LoadAssemblies (322ms)
		RebuildTransferFunctionScriptingTraits (0ms)
		AnalyzeDomain (31ms)
			TypeCache.Refresh (11ms)
				TypeCache.ScanAssembly (0ms)
			ScanForSourceGeneratedMonoScriptInfo (12ms)
			ResolveRequiredComponents (6ms)
	FinalizeReload (977ms)
		ReleaseScriptCaches (0ms)
		RebuildScriptCaches (0ms)
		SetupLoadedEditorAssemblies (503ms)
			LogAssemblyErrors (0ms)
			InitializePlatformSupportModulesInManaged (5ms)
			SetLoadedEditorAssemblies (5ms)
			RefreshPlugins (0ms)
			BeforeProcessingInitializeOnLoad (85ms)
			ProcessInitializeOnLoadAttributes (384ms)
			ProcessInitializeOnLoadMethodAttributes (21ms)
			AfterProcessingInitializeOnLoad (2ms)
			EditorAssembliesLoaded (0ms)
		ExecutionOrderSort2 (0ms)
		AwakeInstancesAfterBackupRestoration (6ms)
Refreshing native plugins compatible for Editor in 2.55 ms, found 3 plugins.
Preloading 0 native plugins for Editor in 0.00 ms.
Unloading 3578 Unused Serialized files (Serialized files now loaded: 0)
Unloading 14 unused Assets / (28.5 KB). Loaded Objects now: 4287.
Memory consumption went from 128.0 MB to 128.0 MB.
Total: 2.790400 ms (FindLiveObjects: 0.309500 ms CreateObjectMapping: 0.206400 ms MarkObjects: 2.239400 ms  DeleteObjects: 0.034300 ms)

Prepare: number of updated asset objects reloaded= 0
AssetImportParameters requested are different than current active one (requested -> active):
  custom:scripting/monoscript/fileName/RandomHitPlacer.cs: 0e520bb249608fd9a2ce5ff96c591009 -> 
  custom:container-demuxer-ogg: 62fdf1f143b41e24485cea50d1cbac27 -> 
  custom:scripting/monoscript/fileName/SpriteEditorWindow.cs: 1629bd700639d5abf7ee9c1a15128fda -> 
  custom:scripting/monoscript/fileName/SpriteRect.cs: 8da6d12a5fbd75a0eba31cfa62842428 -> 
  custom:scripting/monoscript/fileName/ISpriteEditorModule.cs: f35f8b8d39dcfd448fbbe9ea48566c2f -> 
  custom:video-decoder-ogg-theora: a1e56fd34408186e4bbccfd4996cb3dc -> 
  custom:scripting/monoscript/fileName/MenuItems.cs: 3ea3522373e3b4d2ef39113c39531efd -> 
  custom:scripting/monoscript/fileName/DefaultSpriteNameFileIdDataProvider.cs: cd965ed390b21ec0302c3211a9f903ff -> 
  custom:framework-win-MediaFoundation: 216162199b28c13a410421893ffa2e32 -> 
  custom:scripting/monoscript/fileName/PlayerInteract.cs: 73ffd8c360dbab24565d6c0e90133a24 -> 
  custom:scripting/monoscript/fileName/ShapeEditor.cs: 7eba0c642af179a392c34e527393b30b -> 
  custom:scripting/monoscript/fileName/SpritePolygonModeModule.cs: 8b4aa126b968b0772b9e20476364e690 -> 
  custom:scripting/precompiled-assembly-types:Unity.2D.Sprite.Editor: c80415e041d636416599f4ac20098905 -> 
  custom:scripting/monoscript/fileName/ItemCreationUtility.cs: d1c4ddba747ed633116f555c0d69ace7 -> 
  custom:CustomObjectIndexerAttribute: 9a22284fe3817be447336de3de66b15e -> 
  custom:scripting/monoscript/fileName/SpriteEditorHandles.cs: 8b78502b9b56b3c556563a6e935b52ad -> 
  custom:container-demuxer-webm: 4f35f7cbe854078d1ac9338744f61a02 -> 
  custom:scripting/monoscript/fileName/SpriteNameFileIdPair.cs: 8dab74045e538d5698ea3c4caed3e48c -> 
  custom:scripting/monoscript/fileName/IGL.cs: 8903f8a1304142ec1aefe33b7a4db28c -> 
  custom:scripting/monoscript/fileName/SpritePhysicsShapeModule.cs: 35688b9e178698712b557d50761dc7c2 -> 
  custom:scripting/monoscript/fileName/ITexture.cs: dbb4c87e1c028ce779185d5d3d566460 -> 
  custom:container-muxer-webm: aa71ff27fc2769a1b78a27578f13a17b -> 
  custom:scripting/monoscript/fileName/IEvent.cs: c25d501578d8ebe48d7b30415b0df4c5 -> 
  custom:video-decoder-webm-vp8: 9c59270c3fd7afecdb556c50c9e8de78 -> 
  custom:scripting/monoscript/fileName/SpriteOutlineModule.cs: 249fecf584323de7d2fd0b14e9a4944c -> 
  custom:SearchIndexIgnoredProperties: e643bd26f0fe6173181afceb89e7c659 -> 
  custom:AudioImporter_EditorPlatform: d09bf68614088b80899f8185d706f6e7 -> 
  custom:scripting/monoscript/fileName/SpriteEditorUtility.cs: 7e2d1f2cb427fd67c5461f9431375c3a -> 
  custom:scripting/monoscript/fileName/SpriteSecondaryTexturesModule.cs: 8f361de5bdfd731e220c415240ad033f -> 
  custom:scripting/monoscript/fileName/IGUIUtility.cs: cad79017f17454feb4e1799b1c42f87c -> 
  custom:scripting/monoscript/fileName/IHandles.cs: d2780a18a3844e49d490d68d5cb3d26a -> 
  custom:scripting/monoscript/fileName/TextureImporterDataProvider.cs: d68f5d5325387f4e38fdcf2610c72ce3 -> 
  custom:scripting/monoscript/fileName/SpriteEditorMenu.cs: f9042f312a91c162ede0d5de48225240 -> 
  custom:scripting/monoscript/fileName/ISpriteEditorDataProvider.cs: 4c01add71bf03a3e1afff21bbd534ee9 -> 
  custom:scripting/monoscript/fileName/IUndoSystem.cs: 841a069a843e48d57d362ca08bca21d4 -> 
  custom:scripting/monoscript/fileName/SpritePolygonModeModuleView.cs: db8ddbee5a89c636987047f4602001ef -> 
  custom:scripting/monoscript/fileName/SpriteEditorData.cs: 79e0d970ecf11ef3020398e38672548f -> 
  custom:video-encoder-webm-vp8: eb34c28f22e8b96e1ab97ce403110664 -> 
  custom:audio-decoder-ogg-vorbis: bf7c407c2cedff20999df2af8eb42d56 -> 
  custom:scripting/monoscript/fileName/SpriteEditorWindowSettings.cs: 8e59c26ada2085b3ebaa83fd01af70e3 -> 
  custom:scripting/monoscript/fileName/SpriteFrameModuleBaseView.cs: 72abaa53c3c1184e23d4d9a45f62d8c2 -> 
  custom:scripting/monoscript/fileName/IAssetDatabase.cs: c40b958675a6cd5b519fa6ca497fede4 -> 
  custom:scripting/monoscript/fileName/SpriteFrameModule.cs: f07011b3ec3622062bef733dc29fedf0 -> 
  custom:scripting/monoscript/fileName/ShapeEditorRectSelection.cs: 1696d724b33ef6168949bbdce78d19c6 -> 
  custom:scripting/monoscript/fileName/TextureImporterDataProviderImplementation.cs: ffb9fda6ca225aa106e9fa84455f4e60 -> 
  custom:audio-encoder-webm-vorbis: bf7c407c2cedff20999df2af8eb42d56 -> 
  custom:scripting/monoscript/fileName/SpriteUtilityWindow.cs: 4827aafd0c4d893166845eac1266c4ed -> 
  custom:scripting/monoscript/fileName/SpriteFrameModuleBase.cs: 82472910b376b3c28a6f5b31b28f5f51 -> 
  custom:scripting/precompiled-assembly-types:Assembly-CSharp: e8ed9741bcbf294b9c3e9b888859a665 -> 17fd4233e2971542c9b4d9c5fc8a1fc5
  custom:scripting/monoscript/fileName/SpriteFrameModuleView.cs: f07011b3ec3622062bef733dc29fedf0 -> 
========================================================================
Received Prepare
Caller must complete domain reload
Begin MonoManager ReloadAssembly
- Loaded All Assemblies, in  0.526 seconds
Native extension for WindowsStandalone target not found
Mono: successfully reloaded assembly
- Finished resetting the current domain, in  0.995 seconds
Domain Reload Profiling: 1522ms
	BeginReloadAssembly (173ms)
		ExecutionOrderSort (0ms)
		DisableScriptedObjects (6ms)
		BackupInstance (0ms)
		ReleaseScriptingObjects (0ms)
		CreateAndSetChildDomain (33ms)
	RebuildCommonClasses (30ms)
	RebuildNativeTypeToScriptingClass (10ms)
	initialDomainReloadingComplete (25ms)
	LoadAllAssembliesAndSetupDomain (288ms)
		LoadAssemblies (352ms)
		RebuildTransferFunctionScriptingTraits (0ms)
		AnalyzeDomain (40ms)
			TypeCache.Refresh (16ms)
				TypeCache.ScanAssembly (0ms)
			ScanForSourceGeneratedMonoScriptInfo (16ms)
			ResolveRequiredComponents (6ms)
	FinalizeReload (996ms)
		ReleaseScriptCaches (0ms)
		RebuildScriptCaches (0ms)
		SetupLoadedEditorAssemblies (501ms)
			LogAssemblyErrors (0ms)
			InitializePlatformSupportModulesInManaged (5ms)
			SetLoadedEditorAssemblies (5ms)
			RefreshPlugins (0ms)
			BeforeProcessingInitializeOnLoad (84ms)
			ProcessInitializeOnLoadAttributes (381ms)
			ProcessInitializeOnLoadMethodAttributes (22ms)
			AfterProcessingInitializeOnLoad (3ms)
			EditorAssembliesLoaded (0ms)
		ExecutionOrderSort2 (0ms)
		AwakeInstancesAfterBackupRestoration (6ms)
Refreshing native plugins compatible for Editor in 2.58 ms, found 3 plugins.
Preloading 0 native plugins for Editor in 0.00 ms.
Unloading 3578 Unused Serialized files (Serialized files now loaded: 0)
Unloading 14 unused Assets / (28.6 KB). Loaded Objects now: 4290.
Memory consumption went from 128.0 MB to 128.0 MB.
Total: 3.276800 ms (FindLiveObjects: 0.299100 ms CreateObjectMapping: 0.193100 ms MarkObjects: 2.695100 ms  DeleteObjects: 0.088100 ms)

Prepare: number of updated asset objects reloaded= 0
AssetImportParameters requested are different than current active one (requested -> active):
  custom:scripting/monoscript/fileName/RandomHitPlacer.cs: 0e520bb249608fd9a2ce5ff96c591009 -> 
  custom:container-demuxer-ogg: 62fdf1f143b41e24485cea50d1cbac27 -> 
  custom:scripting/monoscript/fileName/SpriteEditorWindow.cs: 1629bd700639d5abf7ee9c1a15128fda -> 
  custom:scripting/monoscript/fileName/SpriteRect.cs: 8da6d12a5fbd75a0eba31cfa62842428 -> 
  custom:scripting/monoscript/fileName/ISpriteEditorModule.cs: f35f8b8d39dcfd448fbbe9ea48566c2f -> 
  custom:video-decoder-ogg-theora: a1e56fd34408186e4bbccfd4996cb3dc -> 
  custom:scripting/monoscript/fileName/MenuItems.cs: 3ea3522373e3b4d2ef39113c39531efd -> 
  custom:scripting/monoscript/fileName/DefaultSpriteNameFileIdDataProvider.cs: cd965ed390b21ec0302c3211a9f903ff -> 
  custom:framework-win-MediaFoundation: 216162199b28c13a410421893ffa2e32 -> 
  custom:scripting/monoscript/fileName/PlayerInteract.cs: 73ffd8c360dbab24565d6c0e90133a24 -> 
  custom:scripting/monoscript/fileName/ShapeEditor.cs: 7eba0c642af179a392c34e527393b30b -> 
  custom:scripting/monoscript/fileName/SpritePolygonModeModule.cs: 8b4aa126b968b0772b9e20476364e690 -> 
  custom:scripting/precompiled-assembly-types:Unity.2D.Sprite.Editor: c80415e041d636416599f4ac20098905 -> 
  custom:scripting/monoscript/fileName/ItemCreationUtility.cs: d1c4ddba747ed633116f555c0d69ace7 -> 
  custom:CustomObjectIndexerAttribute: 9a22284fe3817be447336de3de66b15e -> 
  custom:scripting/monoscript/fileName/SpriteEditorHandles.cs: 8b78502b9b56b3c556563a6e935b52ad -> 
  custom:container-demuxer-webm: 4f35f7cbe854078d1ac9338744f61a02 -> 
  custom:scripting/monoscript/fileName/SpriteNameFileIdPair.cs: 8dab74045e538d5698ea3c4caed3e48c -> 
  custom:scripting/monoscript/fileName/IGL.cs: 8903f8a1304142ec1aefe33b7a4db28c -> 
  custom:scripting/monoscript/fileName/SpritePhysicsShapeModule.cs: 35688b9e178698712b557d50761dc7c2 -> 
  custom:scripting/monoscript/fileName/ITexture.cs: dbb4c87e1c028ce779185d5d3d566460 -> 
  custom:container-muxer-webm: aa71ff27fc2769a1b78a27578f13a17b -> 
  custom:scripting/monoscript/fileName/IEvent.cs: c25d501578d8ebe48d7b30415b0df4c5 -> 
  custom:video-decoder-webm-vp8: 9c59270c3fd7afecdb556c50c9e8de78 -> 
  custom:scripting/monoscript/fileName/SpriteOutlineModule.cs: 249fecf584323de7d2fd0b14e9a4944c -> 
  custom:SearchIndexIgnoredProperties: e643bd26f0fe6173181afceb89e7c659 -> 
  custom:AudioImporter_EditorPlatform: d09bf68614088b80899f8185d706f6e7 -> 
  custom:scripting/monoscript/fileName/SpriteEditorUtility.cs: 7e2d1f2cb427fd67c5461f9431375c3a -> 
  custom:scripting/monoscript/fileName/SpriteSecondaryTexturesModule.cs: 8f361de5bdfd731e220c415240ad033f -> 
  custom:scripting/monoscript/fileName/IGUIUtility.cs: cad79017f17454feb4e1799b1c42f87c -> 
  custom:scripting/monoscript/fileName/IHandles.cs: d2780a18a3844e49d490d68d5cb3d26a -> 
  custom:scripting/monoscript/fileName/TextureImporterDataProvider.cs: d68f5d5325387f4e38fdcf2610c72ce3 -> 
  custom:scripting/monoscript/fileName/SpriteEditorMenu.cs: f9042f312a91c162ede0d5de48225240 -> 
  custom:scripting/monoscript/fileName/ISpriteEditorDataProvider.cs: 4c01add71bf03a3e1afff21bbd534ee9 -> 
  custom:scripting/monoscript/fileName/IUndoSystem.cs: 841a069a843e48d57d362ca08bca21d4 -> 
  custom:scripting/monoscript/fileName/SpritePolygonModeModuleView.cs: db8ddbee5a89c636987047f4602001ef -> 
  custom:scripting/monoscript/fileName/SpriteEditorData.cs: 79e0d970ecf11ef3020398e38672548f -> 
  custom:video-encoder-webm-vp8: eb34c28f22e8b96e1ab97ce403110664 -> 
  custom:audio-decoder-ogg-vorbis: bf7c407c2cedff20999df2af8eb42d56 -> 
  custom:scripting/monoscript/fileName/SpriteEditorWindowSettings.cs: 8e59c26ada2085b3ebaa83fd01af70e3 -> 
  custom:scripting/monoscript/fileName/SpriteFrameModuleBaseView.cs: 72abaa53c3c1184e23d4d9a45f62d8c2 -> 
  custom:scripting/monoscript/fileName/IAssetDatabase.cs: c40b958675a6cd5b519fa6ca497fede4 -> 
  custom:scripting/monoscript/fileName/SpriteFrameModule.cs: f07011b3ec3622062bef733dc29fedf0 -> 
  custom:scripting/monoscript/fileName/ShapeEditorRectSelection.cs: 1696d724b33ef6168949bbdce78d19c6 -> 
  custom:scripting/monoscript/fileName/TextureImporterDataProviderImplementation.cs: ffb9fda6ca225aa106e9fa84455f4e60 -> 
  custom:audio-encoder-webm-vorbis: bf7c407c2cedff20999df2af8eb42d56 -> 
  custom:scripting/monoscript/fileName/SpriteUtilityWindow.cs: 4827aafd0c4d893166845eac1266c4ed -> 
  custom:scripting/monoscript/fileName/SpriteFrameModuleBase.cs: 82472910b376b3c28a6f5b31b28f5f51 -> 
  custom:scripting/precompiled-assembly-types:Assembly-CSharp: e8ed9741bcbf294b9c3e9b888859a665 -> 17fd4233e2971542c9b4d9c5fc8a1fc5
  custom:scripting/monoscript/fileName/SpriteFrameModuleView.cs: f07011b3ec3622062bef733dc29fedf0 -> 
========================================================================
Received Prepare
Caller must complete domain reload
Begin MonoManager ReloadAssembly
- Loaded All Assemblies, in  0.444 seconds
Native extension for WindowsStandalone target not found
Mono: successfully reloaded assembly
- Finished resetting the current domain, in  1.028 seconds
Domain Reload Profiling: 1473ms
	BeginReloadAssembly (160ms)
		ExecutionOrderSort (0ms)
		DisableScriptedObjects (5ms)
		BackupInstance (0ms)
		ReleaseScriptingObjects (0ms)
		CreateAndSetChildDomain (31ms)
	RebuildCommonClasses (30ms)
	RebuildNativeTypeToScriptingClass (10ms)
	initialDomainReloadingComplete (25ms)
	LoadAllAssembliesAndSetupDomain (219ms)
		LoadAssemblies (301ms)
		RebuildTransferFunctionScriptingTraits (0ms)
		AnalyzeDomain (14ms)
			TypeCache.Refresh (7ms)
				TypeCache.ScanAssembly (0ms)
			ScanForSourceGeneratedMonoScriptInfo (0ms)
			ResolveRequiredComponents (5ms)
	FinalizeReload (1029ms)
		ReleaseScriptCaches (0ms)
		RebuildScriptCaches (0ms)
		SetupLoadedEditorAssemblies (556ms)
			LogAssemblyErrors (0ms)
			InitializePlatformSupportModulesInManaged (6ms)
			SetLoadedEditorAssemblies (6ms)
			RefreshPlugins (0ms)
			BeforeProcessingInitializeOnLoad (94ms)
			ProcessInitializeOnLoadAttributes (424ms)
			ProcessInitializeOnLoadMethodAttributes (23ms)
			AfterProcessingInitializeOnLoad (3ms)
			EditorAssembliesLoaded (0ms)
		ExecutionOrderSort2 (0ms)
		AwakeInstancesAfterBackupRestoration (7ms)
Refreshing native plugins compatible for Editor in 2.63 ms, found 3 plugins.
Preloading 0 native plugins for Editor in 0.00 ms.
Unloading 3578 Unused Serialized files (Serialized files now loaded: 0)
Unloading 14 unused Assets / (28.6 KB). Loaded Objects now: 4293.
Memory consumption went from 128.0 MB to 128.0 MB.
Total: 3.705600 ms (FindLiveObjects: 0.371600 ms CreateObjectMapping: 0.243800 ms MarkObjects: 3.024400 ms  DeleteObjects: 0.064600 ms)

Prepare: number of updated asset objects reloaded= 0
AssetImportParameters requested are different than current active one (requested -> active):
  custom:scripting/monoscript/fileName/RandomHitPlacer.cs: 0e520bb249608fd9a2ce5ff96c591009 -> 
  custom:container-demuxer-ogg: 62fdf1f143b41e24485cea50d1cbac27 -> 
  custom:scripting/monoscript/fileName/SpriteEditorWindow.cs: 1629bd700639d5abf7ee9c1a15128fda -> 
  custom:scripting/monoscript/fileName/SpriteRect.cs: 8da6d12a5fbd75a0eba31cfa62842428 -> 
  custom:scripting/monoscript/fileName/ISpriteEditorModule.cs: f35f8b8d39dcfd448fbbe9ea48566c2f -> 
  custom:video-decoder-ogg-theora: a1e56fd34408186e4bbccfd4996cb3dc -> 
  custom:scripting/monoscript/fileName/MenuItems.cs: 3ea3522373e3b4d2ef39113c39531efd -> 
  custom:scripting/monoscript/fileName/DefaultSpriteNameFileIdDataProvider.cs: cd965ed390b21ec0302c3211a9f903ff -> 
  custom:framework-win-MediaFoundation: 216162199b28c13a410421893ffa2e32 -> 
  custom:scripting/monoscript/fileName/PlayerInteract.cs: 73ffd8c360dbab24565d6c0e90133a24 -> 
  custom:scripting/monoscript/fileName/ShapeEditor.cs: 7eba0c642af179a392c34e527393b30b -> 
  custom:scripting/monoscript/fileName/SpritePolygonModeModule.cs: 8b4aa126b968b0772b9e20476364e690 -> 
  custom:scripting/precompiled-assembly-types:Unity.2D.Sprite.Editor: c80415e041d636416599f4ac20098905 -> 
  custom:scripting/monoscript/fileName/ItemCreationUtility.cs: d1c4ddba747ed633116f555c0d69ace7 -> 
  custom:CustomObjectIndexerAttribute: 9a22284fe3817be447336de3de66b15e -> 
  custom:scripting/monoscript/fileName/SpriteEditorHandles.cs: 8b78502b9b56b3c556563a6e935b52ad -> 
  custom:container-demuxer-webm: 4f35f7cbe854078d1ac9338744f61a02 -> 
  custom:scripting/monoscript/fileName/SpriteNameFileIdPair.cs: 8dab74045e538d5698ea3c4caed3e48c -> 
  custom:scripting/monoscript/fileName/IGL.cs: 8903f8a1304142ec1aefe33b7a4db28c -> 
  custom:scripting/monoscript/fileName/SpritePhysicsShapeModule.cs: 35688b9e178698712b557d50761dc7c2 -> 
  custom:scripting/monoscript/fileName/ITexture.cs: dbb4c87e1c028ce779185d5d3d566460 -> 
  custom:container-muxer-webm: aa71ff27fc2769a1b78a27578f13a17b -> 
  custom:scripting/monoscript/fileName/IEvent.cs: c25d501578d8ebe48d7b30415b0df4c5 -> 
  custom:video-decoder-webm-vp8: 9c59270c3fd7afecdb556c50c9e8de78 -> 
  custom:scripting/monoscript/fileName/SpriteOutlineModule.cs: 249fecf584323de7d2fd0b14e9a4944c -> 
  custom:SearchIndexIgnoredProperties: e643bd26f0fe6173181afceb89e7c659 -> 
  custom:AudioImporter_EditorPlatform: d09bf68614088b80899f8185d706f6e7 -> 
  custom:scripting/monoscript/fileName/SpriteEditorUtility.cs: 7e2d1f2cb427fd67c5461f9431375c3a -> 
  custom:scripting/monoscript/fileName/SpriteSecondaryTexturesModule.cs: 8f361de5bdfd731e220c415240ad033f -> 
  custom:scripting/monoscript/fileName/IGUIUtility.cs: cad79017f17454feb4e1799b1c42f87c -> 
  custom:scripting/monoscript/fileName/IHandles.cs: d2780a18a3844e49d490d68d5cb3d26a -> 
  custom:scripting/monoscript/fileName/TextureImporterDataProvider.cs: d68f5d5325387f4e38fdcf2610c72ce3 -> 
  custom:scripting/monoscript/fileName/SpriteEditorMenu.cs: f9042f312a91c162ede0d5de48225240 -> 
  custom:scripting/monoscript/fileName/ISpriteEditorDataProvider.cs: 4c01add71bf03a3e1afff21bbd534ee9 -> 
  custom:scripting/monoscript/fileName/IUndoSystem.cs: 841a069a843e48d57d362ca08bca21d4 -> 
  custom:scripting/monoscript/fileName/SpritePolygonModeModuleView.cs: db8ddbee5a89c636987047f4602001ef -> 
  custom:scripting/monoscript/fileName/SpriteEditorData.cs: 79e0d970ecf11ef3020398e38672548f -> 
  custom:video-encoder-webm-vp8: eb34c28f22e8b96e1ab97ce403110664 -> 
  custom:audio-decoder-ogg-vorbis: bf7c407c2cedff20999df2af8eb42d56 -> 
  custom:scripting/monoscript/fileName/SpriteEditorWindowSettings.cs: 8e59c26ada2085b3ebaa83fd01af70e3 -> 
  custom:scripting/monoscript/fileName/SpriteFrameModuleBaseView.cs: 72abaa53c3c1184e23d4d9a45f62d8c2 -> 
  custom:scripting/monoscript/fileName/IAssetDatabase.cs: c40b958675a6cd5b519fa6ca497fede4 -> 
  custom:scripting/monoscript/fileName/SpriteFrameModule.cs: f07011b3ec3622062bef733dc29fedf0 -> 
  custom:scripting/monoscript/fileName/ShapeEditorRectSelection.cs: 1696d724b33ef6168949bbdce78d19c6 -> 
  custom:scripting/monoscript/fileName/TextureImporterDataProviderImplementation.cs: ffb9fda6ca225aa106e9fa84455f4e60 -> 
  custom:audio-encoder-webm-vorbis: bf7c407c2cedff20999df2af8eb42d56 -> 
  custom:scripting/monoscript/fileName/SpriteUtilityWindow.cs: 4827aafd0c4d893166845eac1266c4ed -> 
  custom:scripting/monoscript/fileName/SpriteFrameModuleBase.cs: 82472910b376b3c28a6f5b31b28f5f51 -> 
  custom:scripting/precompiled-assembly-types:Assembly-CSharp: e8ed9741bcbf294b9c3e9b888859a665 -> 17fd4233e2971542c9b4d9c5fc8a1fc5
  custom:scripting/monoscript/fileName/SpriteFrameModuleView.cs: f07011b3ec3622062bef733dc29fedf0 -> 
========================================================================
Received Prepare
Caller must complete domain reload
Begin MonoManager ReloadAssembly
- Loaded All Assemblies, in  0.526 seconds
Native extension for WindowsStandalone target not found
Mono: successfully reloaded assembly
- Finished resetting the current domain, in  0.965 seconds
Domain Reload Profiling: 1492ms
	BeginReloadAssembly (162ms)
		ExecutionOrderSort (0ms)
		DisableScriptedObjects (5ms)
		BackupInstance (0ms)
		ReleaseScriptingObjects (0ms)
		CreateAndSetChildDomain (32ms)
	RebuildCommonClasses (32ms)
	RebuildNativeTypeToScriptingClass (11ms)
	initialDomainReloadingComplete (32ms)
	LoadAllAssembliesAndSetupDomain (289ms)
		LoadAssemblies (326ms)
		RebuildTransferFunctionScriptingTraits (0ms)
		AnalyzeDomain (59ms)
			TypeCache.Refresh (22ms)
				TypeCache.ScanAssembly (1ms)
			ScanForSourceGeneratedMonoScriptInfo (26ms)
			ResolveRequiredComponents (8ms)
	FinalizeReload (966ms)
		ReleaseScriptCaches (0ms)
		RebuildScriptCaches (0ms)
		SetupLoadedEditorAssemblies (506ms)
			LogAssemblyErrors (0ms)
			InitializePlatformSupportModulesInManaged (5ms)
			SetLoadedEditorAssemblies (5ms)
			RefreshPlugins (0ms)
			BeforeProcessingInitializeOnLoad (85ms)
			ProcessInitializeOnLoadAttributes (387ms)
			ProcessInitializeOnLoadMethodAttributes (21ms)
			AfterProcessingInitializeOnLoad (2ms)
			EditorAssembliesLoaded (0ms)
		ExecutionOrderSort2 (0ms)
		AwakeInstancesAfterBackupRestoration (5ms)
Refreshing native plugins compatible for Editor in 2.64 ms, found 3 plugins.
Preloading 0 native plugins for Editor in 0.00 ms.
Unloading 3578 Unused Serialized files (Serialized files now loaded: 0)
Unloading 14 unused Assets / (28.5 KB). Loaded Objects now: 4296.
Memory consumption went from 128.0 MB to 128.0 MB.
Total: 3.060400 ms (FindLiveObjects: 0.301900 ms CreateObjectMapping: 0.184800 ms MarkObjects: 2.537800 ms  DeleteObjects: 0.034800 ms)

Prepare: number of updated asset objects reloaded= 0
AssetImportParameters requested are different than current active one (requested -> active):
  custom:scripting/monoscript/fileName/RandomHitPlacer.cs: 0e520bb249608fd9a2ce5ff96c591009 -> 
  custom:container-demuxer-ogg: 62fdf1f143b41e24485cea50d1cbac27 -> 
  custom:scripting/monoscript/fileName/SpriteEditorWindow.cs: 1629bd700639d5abf7ee9c1a15128fda -> 
  custom:scripting/monoscript/fileName/SpriteRect.cs: 8da6d12a5fbd75a0eba31cfa62842428 -> 
  custom:scripting/monoscript/fileName/ISpriteEditorModule.cs: f35f8b8d39dcfd448fbbe9ea48566c2f -> 
  custom:video-decoder-ogg-theora: a1e56fd34408186e4bbccfd4996cb3dc -> 
  custom:scripting/monoscript/fileName/MenuItems.cs: 3ea3522373e3b4d2ef39113c39531efd -> 
  custom:scripting/monoscript/fileName/DefaultSpriteNameFileIdDataProvider.cs: cd965ed390b21ec0302c3211a9f903ff -> 
  custom:framework-win-MediaFoundation: 216162199b28c13a410421893ffa2e32 -> 
  custom:scripting/monoscript/fileName/PlayerInteract.cs: 73ffd8c360dbab24565d6c0e90133a24 -> 
  custom:scripting/monoscript/fileName/ShapeEditor.cs: 7eba0c642af179a392c34e527393b30b -> 
  custom:scripting/monoscript/fileName/SpritePolygonModeModule.cs: 8b4aa126b968b0772b9e20476364e690 -> 
  custom:scripting/precompiled-assembly-types:Unity.2D.Sprite.Editor: c80415e041d636416599f4ac20098905 -> 
  custom:scripting/monoscript/fileName/ItemCreationUtility.cs: d1c4ddba747ed633116f555c0d69ace7 -> 
  custom:CustomObjectIndexerAttribute: 9a22284fe3817be447336de3de66b15e -> 
  custom:scripting/monoscript/fileName/SpriteEditorHandles.cs: 8b78502b9b56b3c556563a6e935b52ad -> 
  custom:container-demuxer-webm: 4f35f7cbe854078d1ac9338744f61a02 -> 
  custom:scripting/monoscript/fileName/SpriteNameFileIdPair.cs: 8dab74045e538d5698ea3c4caed3e48c -> 
  custom:scripting/monoscript/fileName/IGL.cs: 8903f8a1304142ec1aefe33b7a4db28c -> 
  custom:scripting/monoscript/fileName/SpritePhysicsShapeModule.cs: 35688b9e178698712b557d50761dc7c2 -> 
  custom:scripting/monoscript/fileName/ITexture.cs: dbb4c87e1c028ce779185d5d3d566460 -> 
  custom:container-muxer-webm: aa71ff27fc2769a1b78a27578f13a17b -> 
  custom:scripting/monoscript/fileName/IEvent.cs: c25d501578d8ebe48d7b30415b0df4c5 -> 
  custom:video-decoder-webm-vp8: 9c59270c3fd7afecdb556c50c9e8de78 -> 
  custom:scripting/monoscript/fileName/SpriteOutlineModule.cs: 249fecf584323de7d2fd0b14e9a4944c -> 
  custom:SearchIndexIgnoredProperties: e643bd26f0fe6173181afceb89e7c659 -> 
  custom:AudioImporter_EditorPlatform: d09bf68614088b80899f8185d706f6e7 -> 
  custom:scripting/monoscript/fileName/SpriteEditorUtility.cs: 7e2d1f2cb427fd67c5461f9431375c3a -> 
  custom:scripting/monoscript/fileName/SpriteSecondaryTexturesModule.cs: 8f361de5bdfd731e220c415240ad033f -> 
  custom:scripting/monoscript/fileName/IGUIUtility.cs: cad79017f17454feb4e1799b1c42f87c -> 
  custom:scripting/monoscript/fileName/IHandles.cs: d2780a18a3844e49d490d68d5cb3d26a -> 
  custom:scripting/monoscript/fileName/TextureImporterDataProvider.cs: d68f5d5325387f4e38fdcf2610c72ce3 -> 
  custom:scripting/monoscript/fileName/SpriteEditorMenu.cs: f9042f312a91c162ede0d5de48225240 -> 
  custom:scripting/monoscript/fileName/ISpriteEditorDataProvider.cs: 4c01add71bf03a3e1afff21bbd534ee9 -> 
  custom:scripting/monoscript/fileName/IUndoSystem.cs: 841a069a843e48d57d362ca08bca21d4 -> 
  custom:scripting/monoscript/fileName/SpritePolygonModeModuleView.cs: db8ddbee5a89c636987047f4602001ef -> 
  custom:scripting/monoscript/fileName/SpriteEditorData.cs: 79e0d970ecf11ef3020398e38672548f -> 
  custom:video-encoder-webm-vp8: eb34c28f22e8b96e1ab97ce403110664 -> 
  custom:audio-decoder-ogg-vorbis: bf7c407c2cedff20999df2af8eb42d56 -> 
  custom:scripting/monoscript/fileName/SpriteEditorWindowSettings.cs: 8e59c26ada2085b3ebaa83fd01af70e3 -> 
  custom:scripting/monoscript/fileName/SpriteFrameModuleBaseView.cs: 72abaa53c3c1184e23d4d9a45f62d8c2 -> 
  custom:scripting/monoscript/fileName/IAssetDatabase.cs: c40b958675a6cd5b519fa6ca497fede4 -> 
  custom:scripting/monoscript/fileName/SpriteFrameModule.cs: f07011b3ec3622062bef733dc29fedf0 -> 
  custom:scripting/monoscript/fileName/ShapeEditorRectSelection.cs: 1696d724b33ef6168949bbdce78d19c6 -> 
  custom:scripting/monoscript/fileName/TextureImporterDataProviderImplementation.cs: ffb9fda6ca225aa106e9fa84455f4e60 -> 
  custom:audio-encoder-webm-vorbis: bf7c407c2cedff20999df2af8eb42d56 -> 
  custom:scripting/monoscript/fileName/SpriteUtilityWindow.cs: 4827aafd0c4d893166845eac1266c4ed -> 
  custom:scripting/monoscript/fileName/SpriteFrameModuleBase.cs: 82472910b376b3c28a6f5b31b28f5f51 -> 
  custom:scripting/precompiled-assembly-types:Assembly-CSharp: b2e254872dc0cc1a5f7917040a3b89d7 -> 17fd4233e2971542c9b4d9c5fc8a1fc5
  custom:scripting/monoscript/fileName/SpriteFrameModuleView.cs: f07011b3ec3622062bef733dc29fedf0 -> 
========================================================================
Received Prepare
Caller must complete domain reload
Begin MonoManager ReloadAssembly
- Loaded All Assemblies, in  0.447 seconds
Native extension for WindowsStandalone target not found
Mono: successfully reloaded assembly
- Finished resetting the current domain, in  1.034 seconds
Domain Reload Profiling: 1481ms
	BeginReloadAssembly (159ms)
		ExecutionOrderSort (0ms)
		DisableScriptedObjects (5ms)
		BackupInstance (0ms)
		ReleaseScriptingObjects (0ms)
		CreateAndSetChildDomain (28ms)
	RebuildCommonClasses (30ms)
	RebuildNativeTypeToScriptingClass (10ms)
	initialDomainReloadingComplete (25ms)
	LoadAllAssembliesAndSetupDomain (223ms)
		LoadAssemblies (305ms)
		RebuildTransferFunctionScriptingTraits (0ms)
		AnalyzeDomain (15ms)
			TypeCache.Refresh (8ms)
				TypeCache.ScanAssembly (0ms)
			ScanForSourceGeneratedMonoScriptInfo (0ms)
			ResolveRequiredComponents (5ms)
	FinalizeReload (1035ms)
		ReleaseScriptCaches (0ms)
		RebuildScriptCaches (0ms)
		SetupLoadedEditorAssemblies (563ms)
			LogAssemblyErrors (0ms)
			InitializePlatformSupportModulesInManaged (6ms)
			SetLoadedEditorAssemblies (6ms)
			RefreshPlugins (0ms)
			BeforeProcessingInitializeOnLoad (94ms)
			ProcessInitializeOnLoadAttributes (432ms)
			ProcessInitializeOnLoadMethodAttributes (23ms)
			AfterProcessingInitializeOnLoad (3ms)
			EditorAssembliesLoaded (0ms)
		ExecutionOrderSort2 (0ms)
		AwakeInstancesAfterBackupRestoration (6ms)
Refreshing native plugins compatible for Editor in 3.03 ms, found 3 plugins.
Preloading 0 native plugins for Editor in 0.00 ms.
Unloading 3578 Unused Serialized files (Serialized files now loaded: 0)
Unloading 14 unused Assets / (28.6 KB). Loaded Objects now: 4299.
Memory consumption went from 128.0 MB to 128.0 MB.
Total: 3.438800 ms (FindLiveObjects: 0.348200 ms CreateObjectMapping: 0.372600 ms MarkObjects: 2.678300 ms  DeleteObjects: 0.038300 ms)

Prepare: number of updated asset objects reloaded= 0
AssetImportParameters requested are different than current active one (requested -> active):
  custom:scripting/monoscript/fileName/RandomHitPlacer.cs: 0e520bb249608fd9a2ce5ff96c591009 -> 
  custom:container-demuxer-ogg: 62fdf1f143b41e24485cea50d1cbac27 -> 
  custom:scripting/monoscript/fileName/SpriteEditorWindow.cs: 1629bd700639d5abf7ee9c1a15128fda -> 
  custom:scripting/monoscript/fileName/SpriteRect.cs: 8da6d12a5fbd75a0eba31cfa62842428 -> 
  custom:scripting/monoscript/fileName/ISpriteEditorModule.cs: f35f8b8d39dcfd448fbbe9ea48566c2f -> 
  custom:video-decoder-ogg-theora: a1e56fd34408186e4bbccfd4996cb3dc -> 
  custom:scripting/monoscript/fileName/MenuItems.cs: 3ea3522373e3b4d2ef39113c39531efd -> 
  custom:scripting/monoscript/fileName/DefaultSpriteNameFileIdDataProvider.cs: cd965ed390b21ec0302c3211a9f903ff -> 
  custom:framework-win-MediaFoundation: 216162199b28c13a410421893ffa2e32 -> 
  custom:scripting/monoscript/fileName/PlayerInteract.cs: 73ffd8c360dbab24565d6c0e90133a24 -> 
  custom:scripting/monoscript/fileName/ShapeEditor.cs: 7eba0c642af179a392c34e527393b30b -> 
  custom:scripting/monoscript/fileName/SpritePolygonModeModule.cs: 8b4aa126b968b0772b9e20476364e690 -> 
  custom:scripting/precompiled-assembly-types:Unity.2D.Sprite.Editor: c80415e041d636416599f4ac20098905 -> 
  custom:scripting/monoscript/fileName/ItemCreationUtility.cs: d1c4ddba747ed633116f555c0d69ace7 -> 
  custom:CustomObjectIndexerAttribute: 9a22284fe3817be447336de3de66b15e -> 
  custom:scripting/monoscript/fileName/SpriteEditorHandles.cs: 8b78502b9b56b3c556563a6e935b52ad -> 
  custom:container-demuxer-webm: 4f35f7cbe854078d1ac9338744f61a02 -> 
  custom:scripting/monoscript/fileName/SpriteNameFileIdPair.cs: 8dab74045e538d5698ea3c4caed3e48c -> 
  custom:scripting/monoscript/fileName/IGL.cs: 8903f8a1304142ec1aefe33b7a4db28c -> 
  custom:scripting/monoscript/fileName/SpritePhysicsShapeModule.cs: 35688b9e178698712b557d50761dc7c2 -> 
  custom:scripting/monoscript/fileName/ITexture.cs: dbb4c87e1c028ce779185d5d3d566460 -> 
  custom:container-muxer-webm: aa71ff27fc2769a1b78a27578f13a17b -> 
  custom:scripting/monoscript/fileName/IEvent.cs: c25d501578d8ebe48d7b30415b0df4c5 -> 
  custom:video-decoder-webm-vp8: 9c59270c3fd7afecdb556c50c9e8de78 -> 
  custom:scripting/monoscript/fileName/SpriteOutlineModule.cs: 249fecf584323de7d2fd0b14e9a4944c -> 
  custom:SearchIndexIgnoredProperties: e643bd26f0fe6173181afceb89e7c659 -> 
  custom:AudioImporter_EditorPlatform: d09bf68614088b80899f8185d706f6e7 -> 
  custom:scripting/monoscript/fileName/SpriteEditorUtility.cs: 7e2d1f2cb427fd67c5461f9431375c3a -> 
  custom:scripting/monoscript/fileName/SpriteSecondaryTexturesModule.cs: 8f361de5bdfd731e220c415240ad033f -> 
  custom:scripting/monoscript/fileName/IGUIUtility.cs: cad79017f17454feb4e1799b1c42f87c -> 
  custom:scripting/monoscript/fileName/IHandles.cs: d2780a18a3844e49d490d68d5cb3d26a -> 
  custom:scripting/monoscript/fileName/TextureImporterDataProvider.cs: d68f5d5325387f4e38fdcf2610c72ce3 -> 
  custom:scripting/monoscript/fileName/SpriteEditorMenu.cs: f9042f312a91c162ede0d5de48225240 -> 
  custom:scripting/monoscript/fileName/ISpriteEditorDataProvider.cs: 4c01add71bf03a3e1afff21bbd534ee9 -> 
  custom:scripting/monoscript/fileName/IUndoSystem.cs: 841a069a843e48d57d362ca08bca21d4 -> 
  custom:scripting/monoscript/fileName/SpritePolygonModeModuleView.cs: db8ddbee5a89c636987047f4602001ef -> 
  custom:scripting/monoscript/fileName/SpriteEditorData.cs: 79e0d970ecf11ef3020398e38672548f -> 
  custom:video-encoder-webm-vp8: eb34c28f22e8b96e1ab97ce403110664 -> 
  custom:audio-decoder-ogg-vorbis: bf7c407c2cedff20999df2af8eb42d56 -> 
  custom:scripting/monoscript/fileName/SpriteEditorWindowSettings.cs: 8e59c26ada2085b3ebaa83fd01af70e3 -> 
  custom:scripting/monoscript/fileName/SpriteFrameModuleBaseView.cs: 72abaa53c3c1184e23d4d9a45f62d8c2 -> 
  custom:scripting/monoscript/fileName/IAssetDatabase.cs: c40b958675a6cd5b519fa6ca497fede4 -> 
  custom:scripting/monoscript/fileName/SpriteFrameModule.cs: f07011b3ec3622062bef733dc29fedf0 -> 
  custom:scripting/monoscript/fileName/ShapeEditorRectSelection.cs: 1696d724b33ef6168949bbdce78d19c6 -> 
  custom:scripting/monoscript/fileName/TextureImporterDataProviderImplementation.cs: ffb9fda6ca225aa106e9fa84455f4e60 -> 
  custom:audio-encoder-webm-vorbis: bf7c407c2cedff20999df2af8eb42d56 -> 
  custom:scripting/monoscript/fileName/SpriteUtilityWindow.cs: 4827aafd0c4d893166845eac1266c4ed -> 
  custom:scripting/monoscript/fileName/SpriteFrameModuleBase.cs: 82472910b376b3c28a6f5b31b28f5f51 -> 
  custom:scripting/precompiled-assembly-types:Assembly-CSharp: b2e254872dc0cc1a5f7917040a3b89d7 -> 17fd4233e2971542c9b4d9c5fc8a1fc5
  custom:scripting/monoscript/fileName/SpriteFrameModuleView.cs: f07011b3ec3622062bef733dc29fedf0 -> 
========================================================================
Received Prepare
Caller must complete domain reload
Begin MonoManager ReloadAssembly
- Loaded All Assemblies, in  0.486 seconds
Native extension for WindowsStandalone target not found
Mono: successfully reloaded assembly
- Finished resetting the current domain, in  0.982 seconds
Domain Reload Profiling: 1468ms
	BeginReloadAssembly (163ms)
		ExecutionOrderSort (0ms)
		DisableScriptedObjects (5ms)
		BackupInstance (0ms)
		ReleaseScriptingObjects (0ms)
		CreateAndSetChildDomain (31ms)
	RebuildCommonClasses (32ms)
	RebuildNativeTypeToScriptingClass (10ms)
	initialDomainReloadingComplete (24ms)
	LoadAllAssembliesAndSetupDomain (257ms)
		LoadAssemblies (311ms)
		RebuildTransferFunctionScriptingTraits (0ms)
		AnalyzeDomain (44ms)
			TypeCache.Refresh (13ms)
				TypeCache.ScanAssembly (0ms)
			ScanForSourceGeneratedMonoScriptInfo (25ms)
			ResolveRequiredComponents (6ms)
	FinalizeReload (983ms)
		ReleaseScriptCaches (0ms)
		RebuildScriptCaches (0ms)
		SetupLoadedEditorAssemblies (508ms)
			LogAssemblyErrors (0ms)
			InitializePlatformSupportModulesInManaged (5ms)
			SetLoadedEditorAssemblies (5ms)
			RefreshPlugins (0ms)
			BeforeProcessingInitializeOnLoad (84ms)
			ProcessInitializeOnLoadAttributes (392ms)
			ProcessInitializeOnLoadMethodAttributes (19ms)
			AfterProcessingInitializeOnLoad (2ms)
			EditorAssembliesLoaded (0ms)
		ExecutionOrderSort2 (0ms)
		AwakeInstancesAfterBackupRestoration (6ms)
Refreshing native plugins compatible for Editor in 2.79 ms, found 3 plugins.
Preloading 0 native plugins for Editor in 0.00 ms.
Unloading 3578 Unused Serialized files (Serialized files now loaded: 0)
Unloading 14 unused Assets / (28.5 KB). Loaded Objects now: 4302.
Memory consumption went from 128.0 MB to 128.0 MB.
Total: 3.000600 ms (FindLiveObjects: 0.383500 ms CreateObjectMapping: 0.225100 ms MarkObjects: 2.355800 ms  DeleteObjects: 0.034900 ms)

Prepare: number of updated asset objects reloaded= 0
AssetImportParameters requested are different than current active one (requested -> active):
  custom:scripting/monoscript/fileName/RandomHitPlacer.cs: 0e520bb249608fd9a2ce5ff96c591009 -> 
  custom:container-demuxer-ogg: 62fdf1f143b41e24485cea50d1cbac27 -> 
  custom:scripting/monoscript/fileName/SpriteEditorWindow.cs: 1629bd700639d5abf7ee9c1a15128fda -> 
  custom:scripting/monoscript/fileName/SpriteRect.cs: 8da6d12a5fbd75a0eba31cfa62842428 -> 
  custom:scripting/monoscript/fileName/ISpriteEditorModule.cs: f35f8b8d39dcfd448fbbe9ea48566c2f -> 
  custom:video-decoder-ogg-theora: a1e56fd34408186e4bbccfd4996cb3dc -> 
  custom:scripting/monoscript/fileName/MenuItems.cs: 3ea3522373e3b4d2ef39113c39531efd -> 
  custom:scripting/monoscript/fileName/DefaultSpriteNameFileIdDataProvider.cs: cd965ed390b21ec0302c3211a9f903ff -> 
  custom:framework-win-MediaFoundation: 216162199b28c13a410421893ffa2e32 -> 
  custom:scripting/monoscript/fileName/PlayerInteract.cs: 73ffd8c360dbab24565d6c0e90133a24 -> 
  custom:scripting/monoscript/fileName/ShapeEditor.cs: 7eba0c642af179a392c34e527393b30b -> 
  custom:scripting/monoscript/fileName/SpritePolygonModeModule.cs: 8b4aa126b968b0772b9e20476364e690 -> 
  custom:scripting/precompiled-assembly-types:Unity.2D.Sprite.Editor: c80415e041d636416599f4ac20098905 -> 
  custom:scripting/monoscript/fileName/ItemCreationUtility.cs: d1c4ddba747ed633116f555c0d69ace7 -> 
  custom:CustomObjectIndexerAttribute: 9a22284fe3817be447336de3de66b15e -> 
  custom:scripting/monoscript/fileName/SpriteEditorHandles.cs: 8b78502b9b56b3c556563a6e935b52ad -> 
  custom:container-demuxer-webm: 4f35f7cbe854078d1ac9338744f61a02 -> 
  custom:scripting/monoscript/fileName/SpriteNameFileIdPair.cs: 8dab74045e538d5698ea3c4caed3e48c -> 
  custom:scripting/monoscript/fileName/IGL.cs: 8903f8a1304142ec1aefe33b7a4db28c -> 
  custom:scripting/monoscript/fileName/SpritePhysicsShapeModule.cs: 35688b9e178698712b557d50761dc7c2 -> 
  custom:scripting/monoscript/fileName/ITexture.cs: dbb4c87e1c028ce779185d5d3d566460 -> 
  custom:container-muxer-webm: aa71ff27fc2769a1b78a27578f13a17b -> 
  custom:scripting/monoscript/fileName/IEvent.cs: c25d501578d8ebe48d7b30415b0df4c5 -> 
  custom:video-decoder-webm-vp8: 9c59270c3fd7afecdb556c50c9e8de78 -> 
  custom:scripting/monoscript/fileName/SpriteOutlineModule.cs: 249fecf584323de7d2fd0b14e9a4944c -> 
  custom:SearchIndexIgnoredProperties: e643bd26f0fe6173181afceb89e7c659 -> 
  custom:AudioImporter_EditorPlatform: d09bf68614088b80899f8185d706f6e7 -> 
  custom:scripting/monoscript/fileName/SpriteEditorUtility.cs: 7e2d1f2cb427fd67c5461f9431375c3a -> 
  custom:scripting/monoscript/fileName/SpriteSecondaryTexturesModule.cs: 8f361de5bdfd731e220c415240ad033f -> 
  custom:scripting/monoscript/fileName/IGUIUtility.cs: cad79017f17454feb4e1799b1c42f87c -> 
  custom:scripting/monoscript/fileName/IHandles.cs: d2780a18a3844e49d490d68d5cb3d26a -> 
  custom:scripting/monoscript/fileName/TextureImporterDataProvider.cs: d68f5d5325387f4e38fdcf2610c72ce3 -> 
  custom:scripting/monoscript/fileName/SpriteEditorMenu.cs: f9042f312a91c162ede0d5de48225240 -> 
  custom:scripting/monoscript/fileName/ISpriteEditorDataProvider.cs: 4c01add71bf03a3e1afff21bbd534ee9 -> 
  custom:scripting/monoscript/fileName/IUndoSystem.cs: 841a069a843e48d57d362ca08bca21d4 -> 
  custom:scripting/monoscript/fileName/SpritePolygonModeModuleView.cs: db8ddbee5a89c636987047f4602001ef -> 
  custom:scripting/monoscript/fileName/SpriteEditorData.cs: 79e0d970ecf11ef3020398e38672548f -> 
  custom:video-encoder-webm-vp8: eb34c28f22e8b96e1ab97ce403110664 -> 
  custom:audio-decoder-ogg-vorbis: bf7c407c2cedff20999df2af8eb42d56 -> 
  custom:scripting/monoscript/fileName/SpriteEditorWindowSettings.cs: 8e59c26ada2085b3ebaa83fd01af70e3 -> 
  custom:scripting/monoscript/fileName/SpriteFrameModuleBaseView.cs: 72abaa53c3c1184e23d4d9a45f62d8c2 -> 
  custom:scripting/monoscript/fileName/IAssetDatabase.cs: c40b958675a6cd5b519fa6ca497fede4 -> 
  custom:scripting/monoscript/fileName/SpriteFrameModule.cs: f07011b3ec3622062bef733dc29fedf0 -> 
  custom:scripting/monoscript/fileName/ShapeEditorRectSelection.cs: 1696d724b33ef6168949bbdce78d19c6 -> 
  custom:scripting/monoscript/fileName/TextureImporterDataProviderImplementation.cs: ffb9fda6ca225aa106e9fa84455f4e60 -> 
  custom:audio-encoder-webm-vorbis: bf7c407c2cedff20999df2af8eb42d56 -> 
  custom:scripting/monoscript/fileName/SpriteUtilityWindow.cs: 4827aafd0c4d893166845eac1266c4ed -> 
  custom:scripting/monoscript/fileName/SpriteFrameModuleBase.cs: 82472910b376b3c28a6f5b31b28f5f51 -> 
  custom:scripting/precompiled-assembly-types:Assembly-CSharp: 747f81a2961cbfa60241ab80d3450545 -> 17fd4233e2971542c9b4d9c5fc8a1fc5
  custom:scripting/monoscript/fileName/SpriteFrameModuleView.cs: f07011b3ec3622062bef733dc29fedf0 -> 
========================================================================
Received Prepare
Caller must complete domain reload
Begin MonoManager ReloadAssembly
- Loaded All Assemblies, in  0.450 seconds
Native extension for WindowsStandalone target not found
Mono: successfully reloaded assembly
- Finished resetting the current domain, in  1.036 seconds
Domain Reload Profiling: 1486ms
	BeginReloadAssembly (163ms)
		ExecutionOrderSort (0ms)
		DisableScriptedObjects (6ms)
		BackupInstance (0ms)
		ReleaseScriptingObjects (0ms)
		CreateAndSetChildDomain (32ms)
	RebuildCommonClasses (30ms)
	RebuildNativeTypeToScriptingClass (10ms)
	initialDomainReloadingComplete (24ms)
	LoadAllAssembliesAndSetupDomain (222ms)
		LoadAssemblies (305ms)
		RebuildTransferFunctionScriptingTraits (0ms)
		AnalyzeDomain (14ms)
			TypeCache.Refresh (7ms)
				TypeCache.ScanAssembly (0ms)
			ScanForSourceGeneratedMonoScriptInfo (0ms)
			ResolveRequiredComponents (6ms)
	FinalizeReload (1036ms)
		ReleaseScriptCaches (0ms)
		RebuildScriptCaches (0ms)
		SetupLoadedEditorAssemblies (567ms)
			LogAssemblyErrors (0ms)
			InitializePlatformSupportModulesInManaged (6ms)
			SetLoadedEditorAssemblies (6ms)
			RefreshPlugins (0ms)
			BeforeProcessingInitializeOnLoad (93ms)
			ProcessInitializeOnLoadAttributes (436ms)
			ProcessInitializeOnLoadMethodAttributes (23ms)
			AfterProcessingInitializeOnLoad (2ms)
			EditorAssembliesLoaded (0ms)
		ExecutionOrderSort2 (0ms)
		AwakeInstancesAfterBackupRestoration (6ms)
Refreshing native plugins compatible for Editor in 2.89 ms, found 3 plugins.
Preloading 0 native plugins for Editor in 0.00 ms.
Unloading 3578 Unused Serialized files (Serialized files now loaded: 0)
Unloading 14 unused Assets / (28.5 KB). Loaded Objects now: 4305.
Memory consumption went from 128.0 MB to 128.0 MB.
Total: 3.391200 ms (FindLiveObjects: 0.402200 ms CreateObjectMapping: 0.268500 ms MarkObjects: 2.621700 ms  DeleteObjects: 0.097300 ms)

Prepare: number of updated asset objects reloaded= 0
AssetImportParameters requested are different than current active one (requested -> active):
  custom:scripting/monoscript/fileName/RandomHitPlacer.cs: 0e520bb249608fd9a2ce5ff96c591009 -> 
  custom:container-demuxer-ogg: 62fdf1f143b41e24485cea50d1cbac27 -> 
  custom:scripting/monoscript/fileName/SpriteEditorWindow.cs: 1629bd700639d5abf7ee9c1a15128fda -> 
  custom:scripting/monoscript/fileName/SpriteRect.cs: 8da6d12a5fbd75a0eba31cfa62842428 -> 
  custom:scripting/monoscript/fileName/ISpriteEditorModule.cs: f35f8b8d39dcfd448fbbe9ea48566c2f -> 
  custom:video-decoder-ogg-theora: a1e56fd34408186e4bbccfd4996cb3dc -> 
  custom:scripting/monoscript/fileName/MenuItems.cs: 3ea3522373e3b4d2ef39113c39531efd -> 
  custom:scripting/monoscript/fileName/DefaultSpriteNameFileIdDataProvider.cs: cd965ed390b21ec0302c3211a9f903ff -> 
  custom:framework-win-MediaFoundation: 216162199b28c13a410421893ffa2e32 -> 
  custom:scripting/monoscript/fileName/PlayerInteract.cs: 73ffd8c360dbab24565d6c0e90133a24 -> 
  custom:scripting/monoscript/fileName/ShapeEditor.cs: 7eba0c642af179a392c34e527393b30b -> 
  custom:scripting/monoscript/fileName/SpritePolygonModeModule.cs: 8b4aa126b968b0772b9e20476364e690 -> 
  custom:scripting/precompiled-assembly-types:Unity.2D.Sprite.Editor: c80415e041d636416599f4ac20098905 -> 
  custom:scripting/monoscript/fileName/ItemCreationUtility.cs: d1c4ddba747ed633116f555c0d69ace7 -> 
  custom:CustomObjectIndexerAttribute: 9a22284fe3817be447336de3de66b15e -> 
  custom:scripting/monoscript/fileName/SpriteEditorHandles.cs: 8b78502b9b56b3c556563a6e935b52ad -> 
  custom:container-demuxer-webm: 4f35f7cbe854078d1ac9338744f61a02 -> 
  custom:scripting/monoscript/fileName/SpriteNameFileIdPair.cs: 8dab74045e538d5698ea3c4caed3e48c -> 
  custom:scripting/monoscript/fileName/IGL.cs: 8903f8a1304142ec1aefe33b7a4db28c -> 
  custom:scripting/monoscript/fileName/SpritePhysicsShapeModule.cs: 35688b9e178698712b557d50761dc7c2 -> 
  custom:scripting/monoscript/fileName/ITexture.cs: dbb4c87e1c028ce779185d5d3d566460 -> 
  custom:container-muxer-webm: aa71ff27fc2769a1b78a27578f13a17b -> 
  custom:scripting/monoscript/fileName/IEvent.cs: c25d501578d8ebe48d7b30415b0df4c5 -> 
  custom:video-decoder-webm-vp8: 9c59270c3fd7afecdb556c50c9e8de78 -> 
  custom:scripting/monoscript/fileName/SpriteOutlineModule.cs: 249fecf584323de7d2fd0b14e9a4944c -> 
  custom:SearchIndexIgnoredProperties: e643bd26f0fe6173181afceb89e7c659 -> 
  custom:AudioImporter_EditorPlatform: d09bf68614088b80899f8185d706f6e7 -> 
  custom:scripting/monoscript/fileName/SpriteEditorUtility.cs: 7e2d1f2cb427fd67c5461f9431375c3a -> 
  custom:scripting/monoscript/fileName/SpriteSecondaryTexturesModule.cs: 8f361de5bdfd731e220c415240ad033f -> 
  custom:scripting/monoscript/fileName/IGUIUtility.cs: cad79017f17454feb4e1799b1c42f87c -> 
  custom:scripting/monoscript/fileName/IHandles.cs: d2780a18a3844e49d490d68d5cb3d26a -> 
  custom:scripting/monoscript/fileName/TextureImporterDataProvider.cs: d68f5d5325387f4e38fdcf2610c72ce3 -> 
  custom:scripting/monoscript/fileName/SpriteEditorMenu.cs: f9042f312a91c162ede0d5de48225240 -> 
  custom:scripting/monoscript/fileName/ISpriteEditorDataProvider.cs: 4c01add71bf03a3e1afff21bbd534ee9 -> 
  custom:scripting/monoscript/fileName/IUndoSystem.cs: 841a069a843e48d57d362ca08bca21d4 -> 
  custom:scripting/monoscript/fileName/SpritePolygonModeModuleView.cs: db8ddbee5a89c636987047f4602001ef -> 
  custom:scripting/monoscript/fileName/SpriteEditorData.cs: 79e0d970ecf11ef3020398e38672548f -> 
  custom:video-encoder-webm-vp8: eb34c28f22e8b96e1ab97ce403110664 -> 
  custom:audio-decoder-ogg-vorbis: bf7c407c2cedff20999df2af8eb42d56 -> 
  custom:scripting/monoscript/fileName/SpriteEditorWindowSettings.cs: 8e59c26ada2085b3ebaa83fd01af70e3 -> 
  custom:scripting/monoscript/fileName/SpriteFrameModuleBaseView.cs: 72abaa53c3c1184e23d4d9a45f62d8c2 -> 
  custom:scripting/monoscript/fileName/IAssetDatabase.cs: c40b958675a6cd5b519fa6ca497fede4 -> 
  custom:scripting/monoscript/fileName/SpriteFrameModule.cs: f07011b3ec3622062bef733dc29fedf0 -> 
  custom:scripting/monoscript/fileName/ShapeEditorRectSelection.cs: 1696d724b33ef6168949bbdce78d19c6 -> 
  custom:scripting/monoscript/fileName/TextureImporterDataProviderImplementation.cs: ffb9fda6ca225aa106e9fa84455f4e60 -> 
  custom:audio-encoder-webm-vorbis: bf7c407c2cedff20999df2af8eb42d56 -> 
  custom:scripting/monoscript/fileName/SpriteUtilityWindow.cs: 4827aafd0c4d893166845eac1266c4ed -> 
  custom:scripting/monoscript/fileName/SpriteFrameModuleBase.cs: 82472910b376b3c28a6f5b31b28f5f51 -> 
  custom:scripting/precompiled-assembly-types:Assembly-CSharp: 747f81a2961cbfa60241ab80d3450545 -> 17fd4233e2971542c9b4d9c5fc8a1fc5
  custom:scripting/monoscript/fileName/SpriteFrameModuleView.cs: f07011b3ec3622062bef733dc29fedf0 -> 
========================================================================
Received Prepare
Caller must complete domain reload
Begin MonoManager ReloadAssembly
- Loaded All Assemblies, in  0.511 seconds
Native extension for WindowsStandalone target not found
Mono: successfully reloaded assembly
- Finished resetting the current domain, in  1.029 seconds
Domain Reload Profiling: 1540ms
	BeginReloadAssembly (164ms)
		ExecutionOrderSort (0ms)
		DisableScriptedObjects (5ms)
		BackupInstance (0ms)
		ReleaseScriptingObjects (0ms)
		CreateAndSetChildDomain (32ms)
	RebuildCommonClasses (31ms)
	RebuildNativeTypeToScriptingClass (10ms)
	initialDomainReloadingComplete (25ms)
	LoadAllAssembliesAndSetupDomain (281ms)
		LoadAssemblies (330ms)
		RebuildTransferFunctionScriptingTraits (0ms)
		AnalyzeDomain (49ms)
			TypeCache.Refresh (29ms)
				TypeCache.ScanAssembly (1ms)
			ScanForSourceGeneratedMonoScriptInfo (13ms)
			ResolveRequiredComponents (6ms)
	FinalizeReload (1030ms)
		ReleaseScriptCaches (0ms)
		RebuildScriptCaches (0ms)
		SetupLoadedEditorAssemblies (514ms)
			LogAssemblyErrors (0ms)
			InitializePlatformSupportModulesInManaged (5ms)
			SetLoadedEditorAssemblies (5ms)
			RefreshPlugins (0ms)
			BeforeProcessingInitializeOnLoad (89ms)
			ProcessInitializeOnLoadAttributes (390ms)
			ProcessInitializeOnLoadMethodAttributes (22ms)
			AfterProcessingInitializeOnLoad (2ms)
			EditorAssembliesLoaded (0ms)
		ExecutionOrderSort2 (0ms)
		AwakeInstancesAfterBackupRestoration (6ms)
Refreshing native plugins compatible for Editor in 2.69 ms, found 3 plugins.
Preloading 0 native plugins for Editor in 0.00 ms.
Unloading 3578 Unused Serialized files (Serialized files now loaded: 0)
Unloading 14 unused Assets / (28.6 KB). Loaded Objects now: 4308.
Memory consumption went from 128.0 MB to 128.0 MB.
Total: 3.713500 ms (FindLiveObjects: 0.397900 ms CreateObjectMapping: 0.344500 ms MarkObjects: 2.914800 ms  DeleteObjects: 0.055300 ms)

Prepare: number of updated asset objects reloaded= 0
AssetImportParameters requested are different than current active one (requested -> active):
  custom:scripting/monoscript/fileName/RandomHitPlacer.cs: 0e520bb249608fd9a2ce5ff96c591009 -> 
  custom:container-demuxer-ogg: 62fdf1f143b41e24485cea50d1cbac27 -> 
  custom:scripting/monoscript/fileName/SpriteEditorWindow.cs: 1629bd700639d5abf7ee9c1a15128fda -> 
  custom:scripting/monoscript/fileName/SpriteRect.cs: 8da6d12a5fbd75a0eba31cfa62842428 -> 
  custom:scripting/monoscript/fileName/ISpriteEditorModule.cs: f35f8b8d39dcfd448fbbe9ea48566c2f -> 
  custom:video-decoder-ogg-theora: a1e56fd34408186e4bbccfd4996cb3dc -> 
  custom:scripting/monoscript/fileName/MenuItems.cs: 3ea3522373e3b4d2ef39113c39531efd -> 
  custom:scripting/monoscript/fileName/DefaultSpriteNameFileIdDataProvider.cs: cd965ed390b21ec0302c3211a9f903ff -> 
  custom:framework-win-MediaFoundation: 216162199b28c13a410421893ffa2e32 -> 
  custom:scripting/monoscript/fileName/PlayerInteract.cs: 73ffd8c360dbab24565d6c0e90133a24 -> 
  custom:scripting/monoscript/fileName/ShapeEditor.cs: 7eba0c642af179a392c34e527393b30b -> 
  custom:scripting/monoscript/fileName/SpritePolygonModeModule.cs: 8b4aa126b968b0772b9e20476364e690 -> 
  custom:scripting/precompiled-assembly-types:Unity.2D.Sprite.Editor: c80415e041d636416599f4ac20098905 -> 
  custom:scripting/monoscript/fileName/ItemCreationUtility.cs: d1c4ddba747ed633116f555c0d69ace7 -> 
  custom:CustomObjectIndexerAttribute: 9a22284fe3817be447336de3de66b15e -> 
  custom:scripting/monoscript/fileName/SpriteEditorHandles.cs: 8b78502b9b56b3c556563a6e935b52ad -> 
  custom:container-demuxer-webm: 4f35f7cbe854078d1ac9338744f61a02 -> 
  custom:scripting/monoscript/fileName/SpriteNameFileIdPair.cs: 8dab74045e538d5698ea3c4caed3e48c -> 
  custom:scripting/monoscript/fileName/IGL.cs: 8903f8a1304142ec1aefe33b7a4db28c -> 
  custom:scripting/monoscript/fileName/SpritePhysicsShapeModule.cs: 35688b9e178698712b557d50761dc7c2 -> 
  custom:scripting/monoscript/fileName/ITexture.cs: dbb4c87e1c028ce779185d5d3d566460 -> 
  custom:container-muxer-webm: aa71ff27fc2769a1b78a27578f13a17b -> 
  custom:scripting/monoscript/fileName/IEvent.cs: c25d501578d8ebe48d7b30415b0df4c5 -> 
  custom:video-decoder-webm-vp8: 9c59270c3fd7afecdb556c50c9e8de78 -> 
  custom:scripting/monoscript/fileName/SpriteOutlineModule.cs: 249fecf584323de7d2fd0b14e9a4944c -> 
  custom:SearchIndexIgnoredProperties: e643bd26f0fe6173181afceb89e7c659 -> 
  custom:AudioImporter_EditorPlatform: d09bf68614088b80899f8185d706f6e7 -> 
  custom:scripting/monoscript/fileName/SpriteEditorUtility.cs: 7e2d1f2cb427fd67c5461f9431375c3a -> 
  custom:scripting/monoscript/fileName/SpriteSecondaryTexturesModule.cs: 8f361de5bdfd731e220c415240ad033f -> 
  custom:scripting/monoscript/fileName/IGUIUtility.cs: cad79017f17454feb4e1799b1c42f87c -> 
  custom:scripting/monoscript/fileName/IHandles.cs: d2780a18a3844e49d490d68d5cb3d26a -> 
  custom:scripting/monoscript/fileName/TextureImporterDataProvider.cs: d68f5d5325387f4e38fdcf2610c72ce3 -> 
  custom:scripting/monoscript/fileName/SpriteEditorMenu.cs: f9042f312a91c162ede0d5de48225240 -> 
  custom:scripting/monoscript/fileName/ISpriteEditorDataProvider.cs: 4c01add71bf03a3e1afff21bbd534ee9 -> 
  custom:scripting/monoscript/fileName/IUndoSystem.cs: 841a069a843e48d57d362ca08bca21d4 -> 
  custom:scripting/monoscript/fileName/SpritePolygonModeModuleView.cs: db8ddbee5a89c636987047f4602001ef -> 
  custom:scripting/monoscript/fileName/SpriteEditorData.cs: 79e0d970ecf11ef3020398e38672548f -> 
  custom:video-encoder-webm-vp8: eb34c28f22e8b96e1ab97ce403110664 -> 
  custom:audio-decoder-ogg-vorbis: bf7c407c2cedff20999df2af8eb42d56 -> 
  custom:scripting/monoscript/fileName/SpriteEditorWindowSettings.cs: 8e59c26ada2085b3ebaa83fd01af70e3 -> 
  custom:scripting/monoscript/fileName/SpriteFrameModuleBaseView.cs: 72abaa53c3c1184e23d4d9a45f62d8c2 -> 
  custom:scripting/monoscript/fileName/IAssetDatabase.cs: c40b958675a6cd5b519fa6ca497fede4 -> 
  custom:scripting/monoscript/fileName/SpriteFrameModule.cs: f07011b3ec3622062bef733dc29fedf0 -> 
  custom:scripting/monoscript/fileName/ShapeEditorRectSelection.cs: 1696d724b33ef6168949bbdce78d19c6 -> 
  custom:scripting/monoscript/fileName/TextureImporterDataProviderImplementation.cs: ffb9fda6ca225aa106e9fa84455f4e60 -> 
  custom:audio-encoder-webm-vorbis: bf7c407c2cedff20999df2af8eb42d56 -> 
  custom:scripting/monoscript/fileName/SpriteUtilityWindow.cs: 4827aafd0c4d893166845eac1266c4ed -> 
  custom:scripting/monoscript/fileName/SpriteFrameModuleBase.cs: 82472910b376b3c28a6f5b31b28f5f51 -> 
  custom:scripting/precompiled-assembly-types:Assembly-CSharp: 1ef80245403237f75ccd38d07488960b -> 17fd4233e2971542c9b4d9c5fc8a1fc5
  custom:scripting/monoscript/fileName/SpriteFrameModuleView.cs: f07011b3ec3622062bef733dc29fedf0 -> 
========================================================================
Received Prepare
Caller must complete domain reload
Begin MonoManager ReloadAssembly
- Loaded All Assemblies, in  0.444 seconds
Native extension for WindowsStandalone target not found
Mono: successfully reloaded assembly
- Finished resetting the current domain, in  1.038 seconds
Domain Reload Profiling: 1482ms
	BeginReloadAssembly (162ms)
		ExecutionOrderSort (0ms)
		DisableScriptedObjects (7ms)
		BackupInstance (0ms)
		ReleaseScriptingObjects (0ms)
		CreateAndSetChildDomain (32ms)
	RebuildCommonClasses (30ms)
	RebuildNativeTypeToScriptingClass (10ms)
	initialDomainReloadingComplete (24ms)
	LoadAllAssembliesAndSetupDomain (218ms)
		LoadAssemblies (297ms)
		RebuildTransferFunctionScriptingTraits (0ms)
		AnalyzeDomain (16ms)
			TypeCache.Refresh (9ms)
				TypeCache.ScanAssembly (0ms)
			ScanForSourceGeneratedMonoScriptInfo (0ms)
			ResolveRequiredComponents (6ms)
	FinalizeReload (1038ms)
		ReleaseScriptCaches (0ms)
		RebuildScriptCaches (0ms)
		SetupLoadedEditorAssemblies (568ms)
			LogAssemblyErrors (0ms)
			InitializePlatformSupportModulesInManaged (6ms)
			SetLoadedEditorAssemblies (6ms)
			RefreshPlugins (0ms)
			BeforeProcessingInitializeOnLoad (95ms)
			ProcessInitializeOnLoadAttributes (436ms)
			ProcessInitializeOnLoadMethodAttributes (23ms)
			AfterProcessingInitializeOnLoad (3ms)
			EditorAssembliesLoaded (0ms)
		ExecutionOrderSort2 (0ms)
		AwakeInstancesAfterBackupRestoration (6ms)
Refreshing native plugins compatible for Editor in 2.71 ms, found 3 plugins.
Preloading 0 native plugins for Editor in 0.00 ms.
Unloading 3578 Unused Serialized files (Serialized files now loaded: 0)
Unloading 14 unused Assets / (28.5 KB). Loaded Objects now: 4311.
Memory consumption went from 128.0 MB to 128.0 MB.
Total: 3.375800 ms (FindLiveObjects: 0.409400 ms CreateObjectMapping: 0.296400 ms MarkObjects: 2.608600 ms  DeleteObjects: 0.059700 ms)

Prepare: number of updated asset objects reloaded= 0
AssetImportParameters requested are different than current active one (requested -> active):
  custom:scripting/monoscript/fileName/RandomHitPlacer.cs: 0e520bb249608fd9a2ce5ff96c591009 -> 
  custom:container-demuxer-ogg: 62fdf1f143b41e24485cea50d1cbac27 -> 
  custom:scripting/monoscript/fileName/SpriteEditorWindow.cs: 1629bd700639d5abf7ee9c1a15128fda -> 
  custom:scripting/monoscript/fileName/SpriteRect.cs: 8da6d12a5fbd75a0eba31cfa62842428 -> 
  custom:scripting/monoscript/fileName/ISpriteEditorModule.cs: f35f8b8d39dcfd448fbbe9ea48566c2f -> 
  custom:video-decoder-ogg-theora: a1e56fd34408186e4bbccfd4996cb3dc -> 
  custom:scripting/monoscript/fileName/MenuItems.cs: 3ea3522373e3b4d2ef39113c39531efd -> 
  custom:scripting/monoscript/fileName/DefaultSpriteNameFileIdDataProvider.cs: cd965ed390b21ec0302c3211a9f903ff -> 
  custom:framework-win-MediaFoundation: 216162199b28c13a410421893ffa2e32 -> 
  custom:scripting/monoscript/fileName/PlayerInteract.cs: 73ffd8c360dbab24565d6c0e90133a24 -> 
  custom:scripting/monoscript/fileName/ShapeEditor.cs: 7eba0c642af179a392c34e527393b30b -> 
  custom:scripting/monoscript/fileName/SpritePolygonModeModule.cs: 8b4aa126b968b0772b9e20476364e690 -> 
  custom:scripting/precompiled-assembly-types:Unity.2D.Sprite.Editor: c80415e041d636416599f4ac20098905 -> 
  custom:scripting/monoscript/fileName/ItemCreationUtility.cs: d1c4ddba747ed633116f555c0d69ace7 -> 
  custom:CustomObjectIndexerAttribute: 9a22284fe3817be447336de3de66b15e -> 
  custom:scripting/monoscript/fileName/SpriteEditorHandles.cs: 8b78502b9b56b3c556563a6e935b52ad -> 
  custom:container-demuxer-webm: 4f35f7cbe854078d1ac9338744f61a02 -> 
  custom:scripting/monoscript/fileName/SpriteNameFileIdPair.cs: 8dab74045e538d5698ea3c4caed3e48c -> 
  custom:scripting/monoscript/fileName/IGL.cs: 8903f8a1304142ec1aefe33b7a4db28c -> 
  custom:scripting/monoscript/fileName/SpritePhysicsShapeModule.cs: 35688b9e178698712b557d50761dc7c2 -> 
  custom:scripting/monoscript/fileName/ITexture.cs: dbb4c87e1c028ce779185d5d3d566460 -> 
  custom:container-muxer-webm: aa71ff27fc2769a1b78a27578f13a17b -> 
  custom:scripting/monoscript/fileName/IEvent.cs: c25d501578d8ebe48d7b30415b0df4c5 -> 
  custom:video-decoder-webm-vp8: 9c59270c3fd7afecdb556c50c9e8de78 -> 
  custom:scripting/monoscript/fileName/SpriteOutlineModule.cs: 249fecf584323de7d2fd0b14e9a4944c -> 
  custom:SearchIndexIgnoredProperties: e643bd26f0fe6173181afceb89e7c659 -> 
  custom:AudioImporter_EditorPlatform: d09bf68614088b80899f8185d706f6e7 -> 
  custom:scripting/monoscript/fileName/SpriteEditorUtility.cs: 7e2d1f2cb427fd67c5461f9431375c3a -> 
  custom:scripting/monoscript/fileName/SpriteSecondaryTexturesModule.cs: 8f361de5bdfd731e220c415240ad033f -> 
  custom:scripting/monoscript/fileName/IGUIUtility.cs: cad79017f17454feb4e1799b1c42f87c -> 
  custom:scripting/monoscript/fileName/IHandles.cs: d2780a18a3844e49d490d68d5cb3d26a -> 
  custom:scripting/monoscript/fileName/TextureImporterDataProvider.cs: d68f5d5325387f4e38fdcf2610c72ce3 -> 
  custom:scripting/monoscript/fileName/SpriteEditorMenu.cs: f9042f312a91c162ede0d5de48225240 -> 
  custom:scripting/monoscript/fileName/ISpriteEditorDataProvider.cs: 4c01add71bf03a3e1afff21bbd534ee9 -> 
  custom:scripting/monoscript/fileName/IUndoSystem.cs: 841a069a843e48d57d362ca08bca21d4 -> 
  custom:scripting/monoscript/fileName/SpritePolygonModeModuleView.cs: db8ddbee5a89c636987047f4602001ef -> 
  custom:scripting/monoscript/fileName/SpriteEditorData.cs: 79e0d970ecf11ef3020398e38672548f -> 
  custom:video-encoder-webm-vp8: eb34c28f22e8b96e1ab97ce403110664 -> 
  custom:audio-decoder-ogg-vorbis: bf7c407c2cedff20999df2af8eb42d56 -> 
  custom:scripting/monoscript/fileName/SpriteEditorWindowSettings.cs: 8e59c26ada2085b3ebaa83fd01af70e3 -> 
  custom:scripting/monoscript/fileName/SpriteFrameModuleBaseView.cs: 72abaa53c3c1184e23d4d9a45f62d8c2 -> 
  custom:scripting/monoscript/fileName/IAssetDatabase.cs: c40b958675a6cd5b519fa6ca497fede4 -> 
  custom:scripting/monoscript/fileName/SpriteFrameModule.cs: f07011b3ec3622062bef733dc29fedf0 -> 
  custom:scripting/monoscript/fileName/ShapeEditorRectSelection.cs: 1696d724b33ef6168949bbdce78d19c6 -> 
  custom:scripting/monoscript/fileName/TextureImporterDataProviderImplementation.cs: ffb9fda6ca225aa106e9fa84455f4e60 -> 
  custom:audio-encoder-webm-vorbis: bf7c407c2cedff20999df2af8eb42d56 -> 
  custom:scripting/monoscript/fileName/SpriteUtilityWindow.cs: 4827aafd0c4d893166845eac1266c4ed -> 
  custom:scripting/monoscript/fileName/SpriteFrameModuleBase.cs: 82472910b376b3c28a6f5b31b28f5f51 -> 
  custom:scripting/precompiled-assembly-types:Assembly-CSharp: 1ef80245403237f75ccd38d07488960b -> 17fd4233e2971542c9b4d9c5fc8a1fc5
  custom:scripting/monoscript/fileName/SpriteFrameModuleView.cs: f07011b3ec3622062bef733dc29fedf0 -> 
========================================================================
Received Prepare
Caller must complete domain reload
Begin MonoManager ReloadAssembly
- Loaded All Assemblies, in  0.514 seconds
Native extension for WindowsStandalone target not found
Mono: successfully reloaded assembly
- Finished resetting the current domain, in  1.038 seconds
Domain Reload Profiling: 1551ms
	BeginReloadAssembly (163ms)
		ExecutionOrderSort (0ms)
		DisableScriptedObjects (6ms)
		BackupInstance (0ms)
		ReleaseScriptingObjects (0ms)
		CreateAndSetChildDomain (32ms)
	RebuildCommonClasses (30ms)
	RebuildNativeTypeToScriptingClass (10ms)
	initialDomainReloadingComplete (24ms)
	LoadAllAssembliesAndSetupDomain (286ms)
		LoadAssemblies (330ms)
		RebuildTransferFunctionScriptingTraits (0ms)
		AnalyzeDomain (53ms)
			TypeCache.Refresh (29ms)
				TypeCache.ScanAssembly (14ms)
			ScanForSourceGeneratedMonoScriptInfo (15ms)
			ResolveRequiredComponents (6ms)
	FinalizeReload (1038ms)
		ReleaseScriptCaches (0ms)
		RebuildScriptCaches (0ms)
		SetupLoadedEditorAssemblies (526ms)
			LogAssemblyErrors (0ms)
			InitializePlatformSupportModulesInManaged (5ms)
			SetLoadedEditorAssemblies (5ms)
			RefreshPlugins (0ms)
			BeforeProcessingInitializeOnLoad (86ms)
			ProcessInitializeOnLoadAttributes (406ms)
			ProcessInitializeOnLoadMethodAttributes (21ms)
			AfterProcessingInitializeOnLoad (2ms)
			EditorAssembliesLoaded (0ms)
		ExecutionOrderSort2 (0ms)
		AwakeInstancesAfterBackupRestoration (6ms)
Refreshing native plugins compatible for Editor in 2.56 ms, found 3 plugins.
Preloading 0 native plugins for Editor in 0.00 ms.
Unloading 3578 Unused Serialized files (Serialized files now loaded: 0)
Unloading 14 unused Assets / (28.5 KB). Loaded Objects now: 4314.
Memory consumption went from 128.0 MB to 128.0 MB.
Total: 3.150300 ms (FindLiveObjects: 0.312600 ms CreateObjectMapping: 0.197000 ms MarkObjects: 2.605900 ms  DeleteObjects: 0.033900 ms)

Prepare: number of updated asset objects reloaded= 0
AssetImportParameters requested are different than current active one (requested -> active):
  custom:scripting/monoscript/fileName/RandomHitPlacer.cs: 0e520bb249608fd9a2ce5ff96c591009 -> 
  custom:container-demuxer-ogg: 62fdf1f143b41e24485cea50d1cbac27 -> 
  custom:scripting/monoscript/fileName/SpriteEditorWindow.cs: 1629bd700639d5abf7ee9c1a15128fda -> 
  custom:scripting/monoscript/fileName/SpriteRect.cs: 8da6d12a5fbd75a0eba31cfa62842428 -> 
  custom:scripting/monoscript/fileName/ISpriteEditorModule.cs: f35f8b8d39dcfd448fbbe9ea48566c2f -> 
  custom:video-decoder-ogg-theora: a1e56fd34408186e4bbccfd4996cb3dc -> 
  custom:scripting/monoscript/fileName/MenuItems.cs: 3ea3522373e3b4d2ef39113c39531efd -> 
  custom:scripting/monoscript/fileName/DefaultSpriteNameFileIdDataProvider.cs: cd965ed390b21ec0302c3211a9f903ff -> 
  custom:framework-win-MediaFoundation: 216162199b28c13a410421893ffa2e32 -> 
  custom:scripting/monoscript/fileName/PlayerInteract.cs: 73ffd8c360dbab24565d6c0e90133a24 -> 
  custom:scripting/monoscript/fileName/ShapeEditor.cs: 7eba0c642af179a392c34e527393b30b -> 
  custom:scripting/monoscript/fileName/SpritePolygonModeModule.cs: 8b4aa126b968b0772b9e20476364e690 -> 
  custom:scripting/precompiled-assembly-types:Unity.2D.Sprite.Editor: c80415e041d636416599f4ac20098905 -> 
  custom:scripting/monoscript/fileName/ItemCreationUtility.cs: d1c4ddba747ed633116f555c0d69ace7 -> 
  custom:CustomObjectIndexerAttribute: 9a22284fe3817be447336de3de66b15e -> 
  custom:scripting/monoscript/fileName/SpriteEditorHandles.cs: 8b78502b9b56b3c556563a6e935b52ad -> 
  custom:container-demuxer-webm: 4f35f7cbe854078d1ac9338744f61a02 -> 
  custom:scripting/monoscript/fileName/SpriteNameFileIdPair.cs: 8dab74045e538d5698ea3c4caed3e48c -> 
  custom:scripting/monoscript/fileName/IGL.cs: 8903f8a1304142ec1aefe33b7a4db28c -> 
  custom:scripting/monoscript/fileName/SpritePhysicsShapeModule.cs: 35688b9e178698712b557d50761dc7c2 -> 
  custom:scripting/monoscript/fileName/ITexture.cs: dbb4c87e1c028ce779185d5d3d566460 -> 
  custom:container-muxer-webm: aa71ff27fc2769a1b78a27578f13a17b -> 
  custom:scripting/monoscript/fileName/IEvent.cs: c25d501578d8ebe48d7b30415b0df4c5 -> 
  custom:video-decoder-webm-vp8: 9c59270c3fd7afecdb556c50c9e8de78 -> 
  custom:scripting/monoscript/fileName/SpriteOutlineModule.cs: 249fecf584323de7d2fd0b14e9a4944c -> 
  custom:SearchIndexIgnoredProperties: e643bd26f0fe6173181afceb89e7c659 -> 
  custom:AudioImporter_EditorPlatform: d09bf68614088b80899f8185d706f6e7 -> 
  custom:scripting/monoscript/fileName/SpriteEditorUtility.cs: 7e2d1f2cb427fd67c5461f9431375c3a -> 
  custom:scripting/monoscript/fileName/SpriteSecondaryTexturesModule.cs: 8f361de5bdfd731e220c415240ad033f -> 
  custom:scripting/monoscript/fileName/IGUIUtility.cs: cad79017f17454feb4e1799b1c42f87c -> 
  custom:scripting/monoscript/fileName/IHandles.cs: d2780a18a3844e49d490d68d5cb3d26a -> 
  custom:scripting/monoscript/fileName/TextureImporterDataProvider.cs: d68f5d5325387f4e38fdcf2610c72ce3 -> 
  custom:scripting/monoscript/fileName/SpriteEditorMenu.cs: f9042f312a91c162ede0d5de48225240 -> 
  custom:scripting/monoscript/fileName/ISpriteEditorDataProvider.cs: 4c01add71bf03a3e1afff21bbd534ee9 -> 
  custom:scripting/monoscript/fileName/IUndoSystem.cs: 841a069a843e48d57d362ca08bca21d4 -> 
  custom:scripting/monoscript/fileName/SpritePolygonModeModuleView.cs: db8ddbee5a89c636987047f4602001ef -> 
  custom:scripting/monoscript/fileName/SpriteEditorData.cs: 79e0d970ecf11ef3020398e38672548f -> 
  custom:video-encoder-webm-vp8: eb34c28f22e8b96e1ab97ce403110664 -> 
  custom:audio-decoder-ogg-vorbis: bf7c407c2cedff20999df2af8eb42d56 -> 
  custom:scripting/monoscript/fileName/SpriteEditorWindowSettings.cs: 8e59c26ada2085b3ebaa83fd01af70e3 -> 
  custom:scripting/monoscript/fileName/SpriteFrameModuleBaseView.cs: 72abaa53c3c1184e23d4d9a45f62d8c2 -> 
  custom:scripting/monoscript/fileName/IAssetDatabase.cs: c40b958675a6cd5b519fa6ca497fede4 -> 
  custom:scripting/monoscript/fileName/SpriteFrameModule.cs: f07011b3ec3622062bef733dc29fedf0 -> 
  custom:scripting/monoscript/fileName/ShapeEditorRectSelection.cs: 1696d724b33ef6168949bbdce78d19c6 -> 
  custom:scripting/monoscript/fileName/TextureImporterDataProviderImplementation.cs: ffb9fda6ca225aa106e9fa84455f4e60 -> 
  custom:audio-encoder-webm-vorbis: bf7c407c2cedff20999df2af8eb42d56 -> 
  custom:scripting/monoscript/fileName/SpriteUtilityWindow.cs: 4827aafd0c4d893166845eac1266c4ed -> 
  custom:scripting/monoscript/fileName/SpriteFrameModuleBase.cs: 82472910b376b3c28a6f5b31b28f5f51 -> 
  custom:scripting/precompiled-assembly-types:Assembly-CSharp: 1ef80245403237f75ccd38d07488960b -> 17fd4233e2971542c9b4d9c5fc8a1fc5
  custom:scripting/monoscript/fileName/SpriteFrameModuleView.cs: f07011b3ec3622062bef733dc29fedf0 -> 
========================================================================
Received Prepare
Caller must complete domain reload
Begin MonoManager ReloadAssembly
- Loaded All Assemblies, in  0.448 seconds
Native extension for WindowsStandalone target not found
Mono: successfully reloaded assembly
- Finished resetting the current domain, in  1.042 seconds
Domain Reload Profiling: 1490ms
	BeginReloadAssembly (158ms)
		ExecutionOrderSort (0ms)
		DisableScriptedObjects (5ms)
		BackupInstance (0ms)
		ReleaseScriptingObjects (0ms)
		CreateAndSetChildDomain (28ms)
	RebuildCommonClasses (30ms)
	RebuildNativeTypeToScriptingClass (10ms)
	initialDomainReloadingComplete (25ms)
	LoadAllAssembliesAndSetupDomain (225ms)
		LoadAssemblies (305ms)
		RebuildTransferFunctionScriptingTraits (0ms)
		AnalyzeDomain (17ms)
			TypeCache.Refresh (9ms)
				TypeCache.ScanAssembly (0ms)
			ScanForSourceGeneratedMonoScriptInfo (0ms)
			ResolveRequiredComponents (6ms)
	FinalizeReload (1042ms)
		ReleaseScriptCaches (0ms)
		RebuildScriptCaches (0ms)
		SetupLoadedEditorAssemblies (560ms)
			LogAssemblyErrors (0ms)
			InitializePlatformSupportModulesInManaged (6ms)
			SetLoadedEditorAssemblies (6ms)
			RefreshPlugins (0ms)
			BeforeProcessingInitializeOnLoad (95ms)
			ProcessInitializeOnLoadAttributes (428ms)
			ProcessInitializeOnLoadMethodAttributes (23ms)
			AfterProcessingInitializeOnLoad (3ms)
			EditorAssembliesLoaded (0ms)
		ExecutionOrderSort2 (0ms)
		AwakeInstancesAfterBackupRestoration (7ms)
Refreshing native plugins compatible for Editor in 3.00 ms, found 3 plugins.
Preloading 0 native plugins for Editor in 0.00 ms.
Unloading 3578 Unused Serialized files (Serialized files now loaded: 0)
Unloading 14 unused Assets / (28.6 KB). Loaded Objects now: 4317.
Memory consumption went from 128.0 MB to 128.0 MB.
Total: 3.660000 ms (FindLiveObjects: 0.326200 ms CreateObjectMapping: 0.333500 ms MarkObjects: 2.959700 ms  DeleteObjects: 0.039300 ms)

Prepare: number of updated asset objects reloaded= 0
AssetImportParameters requested are different than current active one (requested -> active):
  custom:scripting/monoscript/fileName/RandomHitPlacer.cs: 0e520bb249608fd9a2ce5ff96c591009 -> 
  custom:container-demuxer-ogg: 62fdf1f143b41e24485cea50d1cbac27 -> 
  custom:scripting/monoscript/fileName/SpriteEditorWindow.cs: 1629bd700639d5abf7ee9c1a15128fda -> 
  custom:scripting/monoscript/fileName/SpriteRect.cs: 8da6d12a5fbd75a0eba31cfa62842428 -> 
  custom:scripting/monoscript/fileName/ISpriteEditorModule.cs: f35f8b8d39dcfd448fbbe9ea48566c2f -> 
  custom:video-decoder-ogg-theora: a1e56fd34408186e4bbccfd4996cb3dc -> 
  custom:scripting/monoscript/fileName/MenuItems.cs: 3ea3522373e3b4d2ef39113c39531efd -> 
  custom:scripting/monoscript/fileName/DefaultSpriteNameFileIdDataProvider.cs: cd965ed390b21ec0302c3211a9f903ff -> 
  custom:framework-win-MediaFoundation: 216162199b28c13a410421893ffa2e32 -> 
  custom:scripting/monoscript/fileName/PlayerInteract.cs: 73ffd8c360dbab24565d6c0e90133a24 -> 
  custom:scripting/monoscript/fileName/ShapeEditor.cs: 7eba0c642af179a392c34e527393b30b -> 
  custom:scripting/monoscript/fileName/SpritePolygonModeModule.cs: 8b4aa126b968b0772b9e20476364e690 -> 
  custom:scripting/precompiled-assembly-types:Unity.2D.Sprite.Editor: c80415e041d636416599f4ac20098905 -> 
  custom:scripting/monoscript/fileName/ItemCreationUtility.cs: d1c4ddba747ed633116f555c0d69ace7 -> 
  custom:CustomObjectIndexerAttribute: 9a22284fe3817be447336de3de66b15e -> 
  custom:scripting/monoscript/fileName/SpriteEditorHandles.cs: 8b78502b9b56b3c556563a6e935b52ad -> 
  custom:container-demuxer-webm: 4f35f7cbe854078d1ac9338744f61a02 -> 
  custom:scripting/monoscript/fileName/SpriteNameFileIdPair.cs: 8dab74045e538d5698ea3c4caed3e48c -> 
  custom:scripting/monoscript/fileName/IGL.cs: 8903f8a1304142ec1aefe33b7a4db28c -> 
  custom:scripting/monoscript/fileName/SpritePhysicsShapeModule.cs: 35688b9e178698712b557d50761dc7c2 -> 
  custom:scripting/monoscript/fileName/ITexture.cs: dbb4c87e1c028ce779185d5d3d566460 -> 
  custom:container-muxer-webm: aa71ff27fc2769a1b78a27578f13a17b -> 
  custom:scripting/monoscript/fileName/IEvent.cs: c25d501578d8ebe48d7b30415b0df4c5 -> 
  custom:video-decoder-webm-vp8: 9c59270c3fd7afecdb556c50c9e8de78 -> 
  custom:scripting/monoscript/fileName/SpriteOutlineModule.cs: 249fecf584323de7d2fd0b14e9a4944c -> 
  custom:SearchIndexIgnoredProperties: e643bd26f0fe6173181afceb89e7c659 -> 
  custom:AudioImporter_EditorPlatform: d09bf68614088b80899f8185d706f6e7 -> 
  custom:scripting/monoscript/fileName/SpriteEditorUtility.cs: 7e2d1f2cb427fd67c5461f9431375c3a -> 
  custom:scripting/monoscript/fileName/SpriteSecondaryTexturesModule.cs: 8f361de5bdfd731e220c415240ad033f -> 
  custom:scripting/monoscript/fileName/IGUIUtility.cs: cad79017f17454feb4e1799b1c42f87c -> 
  custom:scripting/monoscript/fileName/IHandles.cs: d2780a18a3844e49d490d68d5cb3d26a -> 
  custom:scripting/monoscript/fileName/TextureImporterDataProvider.cs: d68f5d5325387f4e38fdcf2610c72ce3 -> 
  custom:scripting/monoscript/fileName/SpriteEditorMenu.cs: f9042f312a91c162ede0d5de48225240 -> 
  custom:scripting/monoscript/fileName/ISpriteEditorDataProvider.cs: 4c01add71bf03a3e1afff21bbd534ee9 -> 
  custom:scripting/monoscript/fileName/IUndoSystem.cs: 841a069a843e48d57d362ca08bca21d4 -> 
  custom:scripting/monoscript/fileName/SpritePolygonModeModuleView.cs: db8ddbee5a89c636987047f4602001ef -> 
  custom:scripting/monoscript/fileName/SpriteEditorData.cs: 79e0d970ecf11ef3020398e38672548f -> 
  custom:video-encoder-webm-vp8: eb34c28f22e8b96e1ab97ce403110664 -> 
  custom:audio-decoder-ogg-vorbis: bf7c407c2cedff20999df2af8eb42d56 -> 
  custom:scripting/monoscript/fileName/SpriteEditorWindowSettings.cs: 8e59c26ada2085b3ebaa83fd01af70e3 -> 
  custom:scripting/monoscript/fileName/SpriteFrameModuleBaseView.cs: 72abaa53c3c1184e23d4d9a45f62d8c2 -> 
  custom:scripting/monoscript/fileName/IAssetDatabase.cs: c40b958675a6cd5b519fa6ca497fede4 -> 
  custom:scripting/monoscript/fileName/SpriteFrameModule.cs: f07011b3ec3622062bef733dc29fedf0 -> 
  custom:scripting/monoscript/fileName/ShapeEditorRectSelection.cs: 1696d724b33ef6168949bbdce78d19c6 -> 
  custom:scripting/monoscript/fileName/TextureImporterDataProviderImplementation.cs: ffb9fda6ca225aa106e9fa84455f4e60 -> 
  custom:audio-encoder-webm-vorbis: bf7c407c2cedff20999df2af8eb42d56 -> 
  custom:scripting/monoscript/fileName/SpriteUtilityWindow.cs: 4827aafd0c4d893166845eac1266c4ed -> 
  custom:scripting/monoscript/fileName/SpriteFrameModuleBase.cs: 82472910b376b3c28a6f5b31b28f5f51 -> 
  custom:scripting/precompiled-assembly-types:Assembly-CSharp: 1ef80245403237f75ccd38d07488960b -> 17fd4233e2971542c9b4d9c5fc8a1fc5
  custom:scripting/monoscript/fileName/SpriteFrameModuleView.cs: f07011b3ec3622062bef733dc29fedf0 -> 
========================================================================
Received Prepare
Caller must complete domain reload
Begin MonoManager ReloadAssembly
- Loaded All Assemblies, in  0.509 seconds
Native extension for WindowsStandalone target not found
Mono: successfully reloaded assembly
- Finished resetting the current domain, in  0.996 seconds
Domain Reload Profiling: 1505ms
	BeginReloadAssembly (169ms)
		ExecutionOrderSort (0ms)
		DisableScriptedObjects (7ms)
		BackupInstance (0ms)
		ReleaseScriptingObjects (0ms)
		CreateAndSetChildDomain (30ms)
	RebuildCommonClasses (31ms)
	RebuildNativeTypeToScriptingClass (10ms)
	initialDomainReloadingComplete (25ms)
	LoadAllAssembliesAndSetupDomain (272ms)
		LoadAssemblies (346ms)
		RebuildTransferFunctionScriptingTraits (0ms)
		AnalyzeDomain (30ms)
			TypeCache.Refresh (10ms)
				TypeCache.ScanAssembly (1ms)
			ScanForSourceGeneratedMonoScriptInfo (12ms)
			ResolveRequiredComponents (6ms)
	FinalizeReload (997ms)
		ReleaseScriptCaches (0ms)
		RebuildScriptCaches (0ms)
		SetupLoadedEditorAssemblies (515ms)
			LogAssemblyErrors (0ms)
			InitializePlatformSupportModulesInManaged (6ms)
			SetLoadedEditorAssemblies (5ms)
			RefreshPlugins (0ms)
			BeforeProcessingInitializeOnLoad (91ms)
			ProcessInitializeOnLoadAttributes (389ms)
			ProcessInitializeOnLoadMethodAttributes (21ms)
			AfterProcessingInitializeOnLoad (2ms)
			EditorAssembliesLoaded (0ms)
		ExecutionOrderSort2 (0ms)
		AwakeInstancesAfterBackupRestoration (6ms)
Refreshing native plugins compatible for Editor in 2.64 ms, found 3 plugins.
Preloading 0 native plugins for Editor in 0.00 ms.
Unloading 3578 Unused Serialized files (Serialized files now loaded: 0)
Unloading 14 unused Assets / (28.6 KB). Loaded Objects now: 4320.
Memory consumption went from 128.0 MB to 128.0 MB.
Total: 3.244800 ms (FindLiveObjects: 0.305800 ms CreateObjectMapping: 0.201900 ms MarkObjects: 2.702600 ms  DeleteObjects: 0.033800 ms)

Prepare: number of updated asset objects reloaded= 0
AssetImportParameters requested are different than current active one (requested -> active):
  custom:scripting/monoscript/fileName/RandomHitPlacer.cs: 0e520bb249608fd9a2ce5ff96c591009 -> 
  custom:container-demuxer-ogg: 62fdf1f143b41e24485cea50d1cbac27 -> 
  custom:scripting/monoscript/fileName/SpriteEditorWindow.cs: 1629bd700639d5abf7ee9c1a15128fda -> 
  custom:scripting/monoscript/fileName/SpriteRect.cs: 8da6d12a5fbd75a0eba31cfa62842428 -> 
  custom:scripting/monoscript/fileName/ISpriteEditorModule.cs: f35f8b8d39dcfd448fbbe9ea48566c2f -> 
  custom:video-decoder-ogg-theora: a1e56fd34408186e4bbccfd4996cb3dc -> 
  custom:scripting/monoscript/fileName/MenuItems.cs: 3ea3522373e3b4d2ef39113c39531efd -> 
  custom:scripting/monoscript/fileName/DefaultSpriteNameFileIdDataProvider.cs: cd965ed390b21ec0302c3211a9f903ff -> 
  custom:framework-win-MediaFoundation: 216162199b28c13a410421893ffa2e32 -> 
  custom:scripting/monoscript/fileName/PlayerInteract.cs: 73ffd8c360dbab24565d6c0e90133a24 -> 
  custom:scripting/monoscript/fileName/ShapeEditor.cs: 7eba0c642af179a392c34e527393b30b -> 
  custom:scripting/monoscript/fileName/SpritePolygonModeModule.cs: 8b4aa126b968b0772b9e20476364e690 -> 
  custom:scripting/precompiled-assembly-types:Unity.2D.Sprite.Editor: c80415e041d636416599f4ac20098905 -> 
  custom:scripting/monoscript/fileName/ItemCreationUtility.cs: d1c4ddba747ed633116f555c0d69ace7 -> 
  custom:CustomObjectIndexerAttribute: 9a22284fe3817be447336de3de66b15e -> 
  custom:scripting/monoscript/fileName/SpriteEditorHandles.cs: 8b78502b9b56b3c556563a6e935b52ad -> 
  custom:container-demuxer-webm: 4f35f7cbe854078d1ac9338744f61a02 -> 
  custom:scripting/monoscript/fileName/SpriteNameFileIdPair.cs: 8dab74045e538d5698ea3c4caed3e48c -> 
  custom:scripting/monoscript/fileName/IGL.cs: 8903f8a1304142ec1aefe33b7a4db28c -> 
  custom:scripting/monoscript/fileName/SpritePhysicsShapeModule.cs: 35688b9e178698712b557d50761dc7c2 -> 
  custom:scripting/monoscript/fileName/ITexture.cs: dbb4c87e1c028ce779185d5d3d566460 -> 
  custom:container-muxer-webm: aa71ff27fc2769a1b78a27578f13a17b -> 
  custom:scripting/monoscript/fileName/IEvent.cs: c25d501578d8ebe48d7b30415b0df4c5 -> 
  custom:video-decoder-webm-vp8: 9c59270c3fd7afecdb556c50c9e8de78 -> 
  custom:scripting/monoscript/fileName/SpriteOutlineModule.cs: 249fecf584323de7d2fd0b14e9a4944c -> 
  custom:SearchIndexIgnoredProperties: e643bd26f0fe6173181afceb89e7c659 -> 
  custom:AudioImporter_EditorPlatform: d09bf68614088b80899f8185d706f6e7 -> 
  custom:scripting/monoscript/fileName/SpriteEditorUtility.cs: 7e2d1f2cb427fd67c5461f9431375c3a -> 
  custom:scripting/monoscript/fileName/SpriteSecondaryTexturesModule.cs: 8f361de5bdfd731e220c415240ad033f -> 
  custom:scripting/monoscript/fileName/IGUIUtility.cs: cad79017f17454feb4e1799b1c42f87c -> 
  custom:scripting/monoscript/fileName/IHandles.cs: d2780a18a3844e49d490d68d5cb3d26a -> 
  custom:scripting/monoscript/fileName/TextureImporterDataProvider.cs: d68f5d5325387f4e38fdcf2610c72ce3 -> 
  custom:scripting/monoscript/fileName/SpriteEditorMenu.cs: f9042f312a91c162ede0d5de48225240 -> 
  custom:scripting/monoscript/fileName/ISpriteEditorDataProvider.cs: 4c01add71bf03a3e1afff21bbd534ee9 -> 
  custom:scripting/monoscript/fileName/IUndoSystem.cs: 841a069a843e48d57d362ca08bca21d4 -> 
  custom:scripting/monoscript/fileName/SpritePolygonModeModuleView.cs: db8ddbee5a89c636987047f4602001ef -> 
  custom:scripting/monoscript/fileName/SpriteEditorData.cs: 79e0d970ecf11ef3020398e38672548f -> 
  custom:video-encoder-webm-vp8: eb34c28f22e8b96e1ab97ce403110664 -> 
  custom:audio-decoder-ogg-vorbis: bf7c407c2cedff20999df2af8eb42d56 -> 
  custom:scripting/monoscript/fileName/SpriteEditorWindowSettings.cs: 8e59c26ada2085b3ebaa83fd01af70e3 -> 
  custom:scripting/monoscript/fileName/SpriteFrameModuleBaseView.cs: 72abaa53c3c1184e23d4d9a45f62d8c2 -> 
  custom:scripting/monoscript/fileName/IAssetDatabase.cs: c40b958675a6cd5b519fa6ca497fede4 -> 
  custom:scripting/monoscript/fileName/SpriteFrameModule.cs: f07011b3ec3622062bef733dc29fedf0 -> 
  custom:scripting/monoscript/fileName/ShapeEditorRectSelection.cs: 1696d724b33ef6168949bbdce78d19c6 -> 
  custom:scripting/monoscript/fileName/TextureImporterDataProviderImplementation.cs: ffb9fda6ca225aa106e9fa84455f4e60 -> 
  custom:audio-encoder-webm-vorbis: bf7c407c2cedff20999df2af8eb42d56 -> 
  custom:scripting/monoscript/fileName/SpriteUtilityWindow.cs: 4827aafd0c4d893166845eac1266c4ed -> 
  custom:scripting/monoscript/fileName/SpriteFrameModuleBase.cs: 82472910b376b3c28a6f5b31b28f5f51 -> 
  custom:scripting/precompiled-assembly-types:Assembly-CSharp: 1ef80245403237f75ccd38d07488960b -> 17fd4233e2971542c9b4d9c5fc8a1fc5
  custom:scripting/monoscript/fileName/SpriteFrameModuleView.cs: f07011b3ec3622062bef733dc29fedf0 -> 
========================================================================
Received Prepare
Caller must complete domain reload
Begin MonoManager ReloadAssembly
- Loaded All Assemblies, in  0.455 seconds
Native extension for WindowsStandalone target not found
Mono: successfully reloaded assembly
- Finished resetting the current domain, in  1.062 seconds
Domain Reload Profiling: 1517ms
	BeginReloadAssembly (166ms)
		ExecutionOrderSort (0ms)
		DisableScriptedObjects (5ms)
		BackupInstance (0ms)
		ReleaseScriptingObjects (0ms)
		CreateAndSetChildDomain (31ms)
	RebuildCommonClasses (30ms)
	RebuildNativeTypeToScriptingClass (10ms)
	initialDomainReloadingComplete (24ms)
	LoadAllAssembliesAndSetupDomain (224ms)
		LoadAssemblies (306ms)
		RebuildTransferFunctionScriptingTraits (0ms)
		AnalyzeDomain (18ms)
			TypeCache.Refresh (9ms)
				TypeCache.ScanAssembly (0ms)
			ScanForSourceGeneratedMonoScriptInfo (0ms)
			ResolveRequiredComponents (7ms)
	FinalizeReload (1063ms)
		ReleaseScriptCaches (0ms)
		RebuildScriptCaches (0ms)
		SetupLoadedEditorAssemblies (584ms)
			LogAssemblyErrors (0ms)
			InitializePlatformSupportModulesInManaged (6ms)
			SetLoadedEditorAssemblies (6ms)
			RefreshPlugins (0ms)
			BeforeProcessingInitializeOnLoad (96ms)
			ProcessInitializeOnLoadAttributes (449ms)
			ProcessInitializeOnLoadMethodAttributes (23ms)
			AfterProcessingInitializeOnLoad (3ms)
			EditorAssembliesLoaded (0ms)
		ExecutionOrderSort2 (0ms)
		AwakeInstancesAfterBackupRestoration (6ms)
Refreshing native plugins compatible for Editor in 3.23 ms, found 3 plugins.
Preloading 0 native plugins for Editor in 0.00 ms.
Unloading 3578 Unused Serialized files (Serialized files now loaded: 0)
Unloading 14 unused Assets / (28.5 KB). Loaded Objects now: 4323.
Memory consumption went from 128.0 MB to 128.0 MB.
Total: 3.569500 ms (FindLiveObjects: 0.396800 ms CreateObjectMapping: 0.305900 ms MarkObjects: 2.822600 ms  DeleteObjects: 0.043200 ms)

Prepare: number of updated asset objects reloaded= 0
AssetImportParameters requested are different than current active one (requested -> active):
  custom:scripting/monoscript/fileName/RandomHitPlacer.cs: 0e520bb249608fd9a2ce5ff96c591009 -> 
  custom:container-demuxer-ogg: 62fdf1f143b41e24485cea50d1cbac27 -> 
  custom:scripting/monoscript/fileName/SpriteEditorWindow.cs: 1629bd700639d5abf7ee9c1a15128fda -> 
  custom:scripting/monoscript/fileName/SpriteRect.cs: 8da6d12a5fbd75a0eba31cfa62842428 -> 
  custom:scripting/monoscript/fileName/ISpriteEditorModule.cs: f35f8b8d39dcfd448fbbe9ea48566c2f -> 
  custom:video-decoder-ogg-theora: a1e56fd34408186e4bbccfd4996cb3dc -> 
  custom:scripting/monoscript/fileName/MenuItems.cs: 3ea3522373e3b4d2ef39113c39531efd -> 
  custom:scripting/monoscript/fileName/DefaultSpriteNameFileIdDataProvider.cs: cd965ed390b21ec0302c3211a9f903ff -> 
  custom:framework-win-MediaFoundation: 216162199b28c13a410421893ffa2e32 -> 
  custom:scripting/monoscript/fileName/PlayerInteract.cs: 73ffd8c360dbab24565d6c0e90133a24 -> 
  custom:scripting/monoscript/fileName/ShapeEditor.cs: 7eba0c642af179a392c34e527393b30b -> 
  custom:scripting/monoscript/fileName/SpritePolygonModeModule.cs: 8b4aa126b968b0772b9e20476364e690 -> 
  custom:scripting/precompiled-assembly-types:Unity.2D.Sprite.Editor: c80415e041d636416599f4ac20098905 -> 
  custom:scripting/monoscript/fileName/ItemCreationUtility.cs: d1c4ddba747ed633116f555c0d69ace7 -> 
  custom:CustomObjectIndexerAttribute: 9a22284fe3817be447336de3de66b15e -> 
  custom:scripting/monoscript/fileName/SpriteEditorHandles.cs: 8b78502b9b56b3c556563a6e935b52ad -> 
  custom:container-demuxer-webm: 4f35f7cbe854078d1ac9338744f61a02 -> 
  custom:scripting/monoscript/fileName/SpriteNameFileIdPair.cs: 8dab74045e538d5698ea3c4caed3e48c -> 
  custom:scripting/monoscript/fileName/IGL.cs: 8903f8a1304142ec1aefe33b7a4db28c -> 
  custom:scripting/monoscript/fileName/SpritePhysicsShapeModule.cs: 35688b9e178698712b557d50761dc7c2 -> 
  custom:scripting/monoscript/fileName/ITexture.cs: dbb4c87e1c028ce779185d5d3d566460 -> 
  custom:container-muxer-webm: aa71ff27fc2769a1b78a27578f13a17b -> 
  custom:scripting/monoscript/fileName/IEvent.cs: c25d501578d8ebe48d7b30415b0df4c5 -> 
  custom:video-decoder-webm-vp8: 9c59270c3fd7afecdb556c50c9e8de78 -> 
  custom:scripting/monoscript/fileName/SpriteOutlineModule.cs: 249fecf584323de7d2fd0b14e9a4944c -> 
  custom:SearchIndexIgnoredProperties: e643bd26f0fe6173181afceb89e7c659 -> 
  custom:AudioImporter_EditorPlatform: d09bf68614088b80899f8185d706f6e7 -> 
  custom:scripting/monoscript/fileName/SpriteEditorUtility.cs: 7e2d1f2cb427fd67c5461f9431375c3a -> 
  custom:scripting/monoscript/fileName/SpriteSecondaryTexturesModule.cs: 8f361de5bdfd731e220c415240ad033f -> 
  custom:scripting/monoscript/fileName/IGUIUtility.cs: cad79017f17454feb4e1799b1c42f87c -> 
  custom:scripting/monoscript/fileName/IHandles.cs: d2780a18a3844e49d490d68d5cb3d26a -> 
  custom:scripting/monoscript/fileName/TextureImporterDataProvider.cs: d68f5d5325387f4e38fdcf2610c72ce3 -> 
  custom:scripting/monoscript/fileName/SpriteEditorMenu.cs: f9042f312a91c162ede0d5de48225240 -> 
  custom:scripting/monoscript/fileName/ISpriteEditorDataProvider.cs: 4c01add71bf03a3e1afff21bbd534ee9 -> 
  custom:scripting/monoscript/fileName/IUndoSystem.cs: 841a069a843e48d57d362ca08bca21d4 -> 
  custom:scripting/monoscript/fileName/SpritePolygonModeModuleView.cs: db8ddbee5a89c636987047f4602001ef -> 
  custom:scripting/monoscript/fileName/SpriteEditorData.cs: 79e0d970ecf11ef3020398e38672548f -> 
  custom:video-encoder-webm-vp8: eb34c28f22e8b96e1ab97ce403110664 -> 
  custom:audio-decoder-ogg-vorbis: bf7c407c2cedff20999df2af8eb42d56 -> 
  custom:scripting/monoscript/fileName/SpriteEditorWindowSettings.cs: 8e59c26ada2085b3ebaa83fd01af70e3 -> 
  custom:scripting/monoscript/fileName/SpriteFrameModuleBaseView.cs: 72abaa53c3c1184e23d4d9a45f62d8c2 -> 
  custom:scripting/monoscript/fileName/IAssetDatabase.cs: c40b958675a6cd5b519fa6ca497fede4 -> 
  custom:scripting/monoscript/fileName/SpriteFrameModule.cs: f07011b3ec3622062bef733dc29fedf0 -> 
  custom:scripting/monoscript/fileName/ShapeEditorRectSelection.cs: 1696d724b33ef6168949bbdce78d19c6 -> 
  custom:scripting/monoscript/fileName/TextureImporterDataProviderImplementation.cs: ffb9fda6ca225aa106e9fa84455f4e60 -> 
  custom:audio-encoder-webm-vorbis: bf7c407c2cedff20999df2af8eb42d56 -> 
  custom:scripting/monoscript/fileName/SpriteUtilityWindow.cs: 4827aafd0c4d893166845eac1266c4ed -> 
  custom:scripting/monoscript/fileName/SpriteFrameModuleBase.cs: 82472910b376b3c28a6f5b31b28f5f51 -> 
  custom:scripting/precompiled-assembly-types:Assembly-CSharp: 1ef80245403237f75ccd38d07488960b -> 17fd4233e2971542c9b4d9c5fc8a1fc5
  custom:scripting/monoscript/fileName/SpriteFrameModuleView.cs: f07011b3ec3622062bef733dc29fedf0 -> 
========================================================================
Received Prepare
Caller must complete domain reload
Begin MonoManager ReloadAssembly
- Loaded All Assemblies, in  0.479 seconds
Native extension for WindowsStandalone target not found
Mono: successfully reloaded assembly
- Finished resetting the current domain, in  0.973 seconds
Domain Reload Profiling: 1452ms
	BeginReloadAssembly (180ms)
		ExecutionOrderSort (0ms)
		DisableScriptedObjects (6ms)
		BackupInstance (0ms)
		ReleaseScriptingObjects (0ms)
		CreateAndSetChildDomain (34ms)
	RebuildCommonClasses (31ms)
	RebuildNativeTypeToScriptingClass (10ms)
	initialDomainReloadingComplete (25ms)
	LoadAllAssembliesAndSetupDomain (233ms)
		LoadAssemblies (303ms)
		RebuildTransferFunctionScriptingTraits (0ms)
		AnalyzeDomain (28ms)
			TypeCache.Refresh (9ms)
				TypeCache.ScanAssembly (0ms)
			ScanForSourceGeneratedMonoScriptInfo (12ms)
			ResolveRequiredComponents (5ms)
	FinalizeReload (973ms)
		ReleaseScriptCaches (0ms)
		RebuildScriptCaches (0ms)
		SetupLoadedEditorAssemblies (508ms)
			LogAssemblyErrors (0ms)
			InitializePlatformSupportModulesInManaged (5ms)
			SetLoadedEditorAssemblies (5ms)
			RefreshPlugins (0ms)
			BeforeProcessingInitializeOnLoad (88ms)
			ProcessInitializeOnLoadAttributes (387ms)
			ProcessInitializeOnLoadMethodAttributes (19ms)
			AfterProcessingInitializeOnLoad (2ms)
			EditorAssembliesLoaded (0ms)
		ExecutionOrderSort2 (0ms)
		AwakeInstancesAfterBackupRestoration (5ms)
Refreshing native plugins compatible for Editor in 2.46 ms, found 3 plugins.
Preloading 0 native plugins for Editor in 0.00 ms.
Unloading 3578 Unused Serialized files (Serialized files now loaded: 0)
Unloading 14 unused Assets / (28.5 KB). Loaded Objects now: 4326.
Memory consumption went from 128.0 MB to 128.0 MB.
Total: 2.975200 ms (FindLiveObjects: 0.366200 ms CreateObjectMapping: 0.257100 ms MarkObjects: 2.308400 ms  DeleteObjects: 0.042600 ms)

Prepare: number of updated asset objects reloaded= 0
AssetImportParameters requested are different than current active one (requested -> active):
  custom:scripting/monoscript/fileName/RandomHitPlacer.cs: 0e520bb249608fd9a2ce5ff96c591009 -> 
  custom:container-demuxer-ogg: 62fdf1f143b41e24485cea50d1cbac27 -> 
  custom:scripting/monoscript/fileName/SpriteEditorWindow.cs: 1629bd700639d5abf7ee9c1a15128fda -> 
  custom:scripting/monoscript/fileName/SpriteRect.cs: 8da6d12a5fbd75a0eba31cfa62842428 -> 
  custom:scripting/monoscript/fileName/ISpriteEditorModule.cs: f35f8b8d39dcfd448fbbe9ea48566c2f -> 
  custom:video-decoder-ogg-theora: a1e56fd34408186e4bbccfd4996cb3dc -> 
  custom:scripting/monoscript/fileName/MenuItems.cs: 3ea3522373e3b4d2ef39113c39531efd -> 
  custom:scripting/monoscript/fileName/DefaultSpriteNameFileIdDataProvider.cs: cd965ed390b21ec0302c3211a9f903ff -> 
  custom:framework-win-MediaFoundation: 216162199b28c13a410421893ffa2e32 -> 
  custom:scripting/monoscript/fileName/PlayerInteract.cs: 73ffd8c360dbab24565d6c0e90133a24 -> 
  custom:scripting/monoscript/fileName/ShapeEditor.cs: 7eba0c642af179a392c34e527393b30b -> 
  custom:scripting/monoscript/fileName/SpritePolygonModeModule.cs: 8b4aa126b968b0772b9e20476364e690 -> 
  custom:scripting/precompiled-assembly-types:Unity.2D.Sprite.Editor: c80415e041d636416599f4ac20098905 -> 
  custom:scripting/monoscript/fileName/ItemCreationUtility.cs: d1c4ddba747ed633116f555c0d69ace7 -> 
  custom:CustomObjectIndexerAttribute: 9a22284fe3817be447336de3de66b15e -> 
  custom:scripting/monoscript/fileName/SpriteEditorHandles.cs: 8b78502b9b56b3c556563a6e935b52ad -> 
  custom:container-demuxer-webm: 4f35f7cbe854078d1ac9338744f61a02 -> 
  custom:scripting/monoscript/fileName/SpriteNameFileIdPair.cs: 8dab74045e538d5698ea3c4caed3e48c -> 
  custom:scripting/monoscript/fileName/IGL.cs: 8903f8a1304142ec1aefe33b7a4db28c -> 
  custom:scripting/monoscript/fileName/SpritePhysicsShapeModule.cs: 35688b9e178698712b557d50761dc7c2 -> 
  custom:scripting/monoscript/fileName/ITexture.cs: dbb4c87e1c028ce779185d5d3d566460 -> 
  custom:container-muxer-webm: aa71ff27fc2769a1b78a27578f13a17b -> 
  custom:scripting/monoscript/fileName/IEvent.cs: c25d501578d8ebe48d7b30415b0df4c5 -> 
  custom:video-decoder-webm-vp8: 9c59270c3fd7afecdb556c50c9e8de78 -> 
  custom:scripting/monoscript/fileName/SpriteOutlineModule.cs: 249fecf584323de7d2fd0b14e9a4944c -> 
  custom:SearchIndexIgnoredProperties: e643bd26f0fe6173181afceb89e7c659 -> 
  custom:AudioImporter_EditorPlatform: d09bf68614088b80899f8185d706f6e7 -> 
  custom:scripting/monoscript/fileName/SpriteEditorUtility.cs: 7e2d1f2cb427fd67c5461f9431375c3a -> 
  custom:scripting/monoscript/fileName/SpriteSecondaryTexturesModule.cs: 8f361de5bdfd731e220c415240ad033f -> 
  custom:scripting/monoscript/fileName/IGUIUtility.cs: cad79017f17454feb4e1799b1c42f87c -> 
  custom:scripting/monoscript/fileName/IHandles.cs: d2780a18a3844e49d490d68d5cb3d26a -> 
  custom:scripting/monoscript/fileName/TextureImporterDataProvider.cs: d68f5d5325387f4e38fdcf2610c72ce3 -> 
  custom:scripting/monoscript/fileName/SpriteEditorMenu.cs: f9042f312a91c162ede0d5de48225240 -> 
  custom:scripting/monoscript/fileName/ISpriteEditorDataProvider.cs: 4c01add71bf03a3e1afff21bbd534ee9 -> 
  custom:scripting/monoscript/fileName/IUndoSystem.cs: 841a069a843e48d57d362ca08bca21d4 -> 
  custom:scripting/monoscript/fileName/SpritePolygonModeModuleView.cs: db8ddbee5a89c636987047f4602001ef -> 
  custom:scripting/monoscript/fileName/SpriteEditorData.cs: 79e0d970ecf11ef3020398e38672548f -> 
  custom:video-encoder-webm-vp8: eb34c28f22e8b96e1ab97ce403110664 -> 
  custom:audio-decoder-ogg-vorbis: bf7c407c2cedff20999df2af8eb42d56 -> 
  custom:scripting/monoscript/fileName/SpriteEditorWindowSettings.cs: 8e59c26ada2085b3ebaa83fd01af70e3 -> 
  custom:scripting/monoscript/fileName/SpriteFrameModuleBaseView.cs: 72abaa53c3c1184e23d4d9a45f62d8c2 -> 
  custom:scripting/monoscript/fileName/IAssetDatabase.cs: c40b958675a6cd5b519fa6ca497fede4 -> 
  custom:scripting/monoscript/fileName/SpriteFrameModule.cs: f07011b3ec3622062bef733dc29fedf0 -> 
  custom:scripting/monoscript/fileName/ShapeEditorRectSelection.cs: 1696d724b33ef6168949bbdce78d19c6 -> 
  custom:scripting/monoscript/fileName/TextureImporterDataProviderImplementation.cs: ffb9fda6ca225aa106e9fa84455f4e60 -> 
  custom:audio-encoder-webm-vorbis: bf7c407c2cedff20999df2af8eb42d56 -> 
  custom:scripting/monoscript/fileName/SpriteUtilityWindow.cs: 4827aafd0c4d893166845eac1266c4ed -> 
  custom:scripting/monoscript/fileName/SpriteFrameModuleBase.cs: 82472910b376b3c28a6f5b31b28f5f51 -> 
  custom:scripting/precompiled-assembly-types:Assembly-CSharp: 1ef80245403237f75ccd38d07488960b -> 17fd4233e2971542c9b4d9c5fc8a1fc5
  custom:scripting/monoscript/fileName/SpriteFrameModuleView.cs: f07011b3ec3622062bef733dc29fedf0 -> 
========================================================================
Received Import Request.
  Time since last request: 8557.185541 seconds.
  path: Assets/ECCreated/Materials/RadiusMaterial.mat
  artifactKey: Guid(d24645c20056cff46ae4f6a238d518f8) Importer(815301076,1909f56bfc062723c751e8b465ee728b)
Start importing Assets/ECCreated/Materials/RadiusMaterial.mat using Guid(d24645c20056cff46ae4f6a238d518f8) Importer(815301076,1909f56bfc062723c751e8b465ee728b) [PhysX] Initialized MultithreadedTaskDispatcher with 8 workers.
[PhysX] Initialized MultithreadedTaskDispatcher with 8 workers.
 -> (artifact id: '52fe0fbc5cfbaf1abfe3c41495832c9f') in 0.116852 seconds
Number of updated asset objects reloaded before import = 0
Number of asset objects unloaded after import = 1
========================================================================
Received Import Request.
  Time since last request: 121.578548 seconds.
  path: Assets/ECCreated/Materials/New Physic Material.physicMaterial
  artifactKey: Guid(7155a2581a51091498e5a9eaf98ff733) Importer(815301076,1909f56bfc062723c751e8b465ee728b)
Start importing Assets/ECCreated/Materials/New Physic Material.physicMaterial using Guid(7155a2581a51091498e5a9eaf98ff733) Importer(815301076,1909f56bfc062723c751e8b465ee728b) [PhysX] Initialized MultithreadedTaskDispatcher with 8 workers.
 -> (artifact id: 'e542742309496c801a8c28764b9f8c73') in 0.000966 seconds
Number of updated asset objects reloaded before import = 0
Number of asset objects unloaded after import = 1
========================================================================
Received Import Request.
  Time since last request: 131.245376 seconds.
  path: Assets/ECCreated/Materials/New Material.mat
  artifactKey: Guid(ce92e83f8005524409c572ddf90802e8) Importer(815301076,1909f56bfc062723c751e8b465ee728b)
Start importing Assets/ECCreated/Materials/New Material.mat using Guid(ce92e83f8005524409c572ddf90802e8) Importer(815301076,1909f56bfc062723c751e8b465ee728b) [PhysX] Initialized MultithreadedTaskDispatcher with 8 workers.
[PhysX] Initialized MultithreadedTaskDispatcher with 8 workers.
 -> (artifact id: 'eed690fe2ff1edcfcca02693f50f508c') in 0.014677 seconds
Number of updated asset objects reloaded before import = 0
Number of asset objects unloaded after import = 1
========================================================================
Received Import Request.
  Time since last request: 62.151435 seconds.
  path: Assets/ECCreated/Materials/AttuneRadius.mat
  artifactKey: Guid(ce92e83f8005524409c572ddf90802e8) Importer(815301076,1909f56bfc062723c751e8b465ee728b)
Start importing Assets/ECCreated/Materials/AttuneRadius.mat using Guid(ce92e83f8005524409c572ddf90802e8) Importer(815301076,1909f56bfc062723c751e8b465ee728b) [PhysX] Initialized MultithreadedTaskDispatcher with 8 workers.
[PhysX] Initialized MultithreadedTaskDispatcher with 8 workers.
 -> (artifact id: 'ed803200dd819ef73cd32c7b843782c4') in 0.200229 seconds
Number of updated asset objects reloaded before import = 0
Number of asset objects unloaded after import = 1
========================================================================
Received Prepare
Caller must complete domain reload
Begin MonoManager ReloadAssembly
- Loaded All Assemblies, in  0.492 seconds
Native extension for WindowsStandalone target not found
Mono: successfully reloaded assembly
- Finished resetting the current domain, in  1.042 seconds
Domain Reload Profiling: 1534ms
	BeginReloadAssembly (172ms)
		ExecutionOrderSort (0ms)
		DisableScriptedObjects (5ms)
		BackupInstance (0ms)
		ReleaseScriptingObjects (0ms)
		CreateAndSetChildDomain (36ms)
	RebuildCommonClasses (31ms)
	RebuildNativeTypeToScriptingClass (10ms)
	initialDomainReloadingComplete (25ms)
	LoadAllAssembliesAndSetupDomain (254ms)
		LoadAssemblies (325ms)
		RebuildTransferFunctionScriptingTraits (0ms)
		AnalyzeDomain (32ms)
			TypeCache.Refresh (10ms)
				TypeCache.ScanAssembly (0ms)
			ScanForSourceGeneratedMonoScriptInfo (13ms)
			ResolveRequiredComponents (7ms)
	FinalizeReload (1042ms)
		ReleaseScriptCaches (0ms)
		RebuildScriptCaches (0ms)
		SetupLoadedEditorAssemblies (506ms)
			LogAssemblyErrors (0ms)
			InitializePlatformSupportModulesInManaged (5ms)
			SetLoadedEditorAssemblies (5ms)
			RefreshPlugins (0ms)
			BeforeProcessingInitializeOnLoad (86ms)
			ProcessInitializeOnLoadAttributes (387ms)
			ProcessInitializeOnLoadMethodAttributes (20ms)
			AfterProcessingInitializeOnLoad (2ms)
			EditorAssembliesLoaded (0ms)
		ExecutionOrderSort2 (0ms)
		AwakeInstancesAfterBackupRestoration (5ms)
Refreshing native plugins compatible for Editor in 2.52 ms, found 3 plugins.
Preloading 0 native plugins for Editor in 0.00 ms.
Unloading 3577 Unused Serialized files (Serialized files now loaded: 0)
Unloading 14 unused Assets / (28.5 KB). Loaded Objects now: 4369.
Memory consumption went from 132.5 MB to 132.4 MB.
Total: 3.194600 ms (FindLiveObjects: 0.309400 ms CreateObjectMapping: 0.214000 ms MarkObjects: 2.626900 ms  DeleteObjects: 0.043400 ms)

Prepare: number of updated asset objects reloaded= 0
AssetImportParameters requested are different than current active one (requested -> active):
  custom:scripting/monoscript/fileName/RandomHitPlacer.cs: 0e520bb249608fd9a2ce5ff96c591009 -> 
  custom:container-demuxer-ogg: 62fdf1f143b41e24485cea50d1cbac27 -> 
  custom:scripting/monoscript/fileName/SpriteEditorWindow.cs: 1629bd700639d5abf7ee9c1a15128fda -> 
  custom:scripting/monoscript/fileName/SpriteRect.cs: 8da6d12a5fbd75a0eba31cfa62842428 -> 
  custom:scripting/monoscript/fileName/ISpriteEditorModule.cs: f35f8b8d39dcfd448fbbe9ea48566c2f -> 
  custom:video-decoder-ogg-theora: a1e56fd34408186e4bbccfd4996cb3dc -> 
  custom:scripting/monoscript/fileName/MenuItems.cs: 3ea3522373e3b4d2ef39113c39531efd -> 
  custom:scripting/monoscript/fileName/DefaultSpriteNameFileIdDataProvider.cs: cd965ed390b21ec0302c3211a9f903ff -> 
  custom:framework-win-MediaFoundation: 216162199b28c13a410421893ffa2e32 -> 
  custom:scripting/monoscript/fileName/PlayerInteract.cs: 73ffd8c360dbab24565d6c0e90133a24 -> 
  custom:scripting/monoscript/fileName/ShapeEditor.cs: 7eba0c642af179a392c34e527393b30b -> 
  custom:scripting/monoscript/fileName/SpritePolygonModeModule.cs: 8b4aa126b968b0772b9e20476364e690 -> 
  custom:scripting/precompiled-assembly-types:Unity.2D.Sprite.Editor: c80415e041d636416599f4ac20098905 -> 
  custom:scripting/monoscript/fileName/ItemCreationUtility.cs: d1c4ddba747ed633116f555c0d69ace7 -> 
  custom:CustomObjectIndexerAttribute: 9a22284fe3817be447336de3de66b15e -> 
  custom:scripting/monoscript/fileName/SpriteEditorHandles.cs: 8b78502b9b56b3c556563a6e935b52ad -> 
  custom:container-demuxer-webm: 4f35f7cbe854078d1ac9338744f61a02 -> 
  custom:scripting/monoscript/fileName/SpriteNameFileIdPair.cs: 8dab74045e538d5698ea3c4caed3e48c -> 
  custom:scripting/monoscript/fileName/IGL.cs: 8903f8a1304142ec1aefe33b7a4db28c -> 
  custom:scripting/monoscript/fileName/SpritePhysicsShapeModule.cs: 35688b9e178698712b557d50761dc7c2 -> 
  custom:scripting/monoscript/fileName/ITexture.cs: dbb4c87e1c028ce779185d5d3d566460 -> 
  custom:container-muxer-webm: aa71ff27fc2769a1b78a27578f13a17b -> 
  custom:scripting/monoscript/fileName/IEvent.cs: c25d501578d8ebe48d7b30415b0df4c5 -> 
  custom:video-decoder-webm-vp8: 9c59270c3fd7afecdb556c50c9e8de78 -> 
  custom:scripting/monoscript/fileName/SpriteOutlineModule.cs: 249fecf584323de7d2fd0b14e9a4944c -> 
  custom:SearchIndexIgnoredProperties: e643bd26f0fe6173181afceb89e7c659 -> 
  custom:AudioImporter_EditorPlatform: d09bf68614088b80899f8185d706f6e7 -> 
  custom:scripting/monoscript/fileName/SpriteEditorUtility.cs: 7e2d1f2cb427fd67c5461f9431375c3a -> 
  custom:scripting/monoscript/fileName/SpriteSecondaryTexturesModule.cs: 8f361de5bdfd731e220c415240ad033f -> 
  custom:scripting/monoscript/fileName/IGUIUtility.cs: cad79017f17454feb4e1799b1c42f87c -> 
  custom:scripting/monoscript/fileName/IHandles.cs: d2780a18a3844e49d490d68d5cb3d26a -> 
  custom:scripting/monoscript/fileName/TextureImporterDataProvider.cs: d68f5d5325387f4e38fdcf2610c72ce3 -> 
  custom:scripting/monoscript/fileName/SpriteEditorMenu.cs: f9042f312a91c162ede0d5de48225240 -> 
  custom:scripting/monoscript/fileName/ISpriteEditorDataProvider.cs: 4c01add71bf03a3e1afff21bbd534ee9 -> 
  custom:scripting/monoscript/fileName/IUndoSystem.cs: 841a069a843e48d57d362ca08bca21d4 -> 
  custom:scripting/monoscript/fileName/SpritePolygonModeModuleView.cs: db8ddbee5a89c636987047f4602001ef -> 
  custom:scripting/monoscript/fileName/SpriteEditorData.cs: 79e0d970ecf11ef3020398e38672548f -> 
  custom:video-encoder-webm-vp8: eb34c28f22e8b96e1ab97ce403110664 -> 
  custom:audio-decoder-ogg-vorbis: bf7c407c2cedff20999df2af8eb42d56 -> 
  custom:scripting/monoscript/fileName/SpriteEditorWindowSettings.cs: 8e59c26ada2085b3ebaa83fd01af70e3 -> 
  custom:scripting/monoscript/fileName/SpriteFrameModuleBaseView.cs: 72abaa53c3c1184e23d4d9a45f62d8c2 -> 
  custom:scripting/monoscript/fileName/IAssetDatabase.cs: c40b958675a6cd5b519fa6ca497fede4 -> 
  custom:scripting/monoscript/fileName/SpriteFrameModule.cs: f07011b3ec3622062bef733dc29fedf0 -> 
  custom:scripting/monoscript/fileName/ShapeEditorRectSelection.cs: 1696d724b33ef6168949bbdce78d19c6 -> 
  custom:scripting/monoscript/fileName/TextureImporterDataProviderImplementation.cs: ffb9fda6ca225aa106e9fa84455f4e60 -> 
  custom:audio-encoder-webm-vorbis: bf7c407c2cedff20999df2af8eb42d56 -> 
  custom:scripting/monoscript/fileName/SpriteUtilityWindow.cs: 4827aafd0c4d893166845eac1266c4ed -> 
  custom:scripting/monoscript/fileName/SpriteFrameModuleBase.cs: 82472910b376b3c28a6f5b31b28f5f51 -> 
  custom:scripting/precompiled-assembly-types:Assembly-CSharp: 1ef80245403237f75ccd38d07488960b -> 17fd4233e2971542c9b4d9c5fc8a1fc5
  custom:scripting/monoscript/fileName/SpriteFrameModuleView.cs: f07011b3ec3622062bef733dc29fedf0 -> 
========================================================================
Received Prepare
Caller must complete domain reload
Begin MonoManager ReloadAssembly
- Loaded All Assemblies, in  0.495 seconds
Native extension for WindowsStandalone target not found
Mono: successfully reloaded assembly
- Finished resetting the current domain, in  0.999 seconds
Domain Reload Profiling: 1494ms
	BeginReloadAssembly (176ms)
		ExecutionOrderSort (0ms)
		DisableScriptedObjects (5ms)
		BackupInstance (0ms)
		ReleaseScriptingObjects (0ms)
		CreateAndSetChildDomain (29ms)
	RebuildCommonClasses (30ms)
	RebuildNativeTypeToScriptingClass (10ms)
	initialDomainReloadingComplete (25ms)
	LoadAllAssembliesAndSetupDomain (253ms)
		LoadAssemblies (332ms)
		RebuildTransferFunctionScriptingTraits (0ms)
		AnalyzeDomain (34ms)
			TypeCache.Refresh (12ms)
				TypeCache.ScanAssembly (0ms)
			ScanForSourceGeneratedMonoScriptInfo (14ms)
			ResolveRequiredComponents (6ms)
	FinalizeReload (1000ms)
		ReleaseScriptCaches (0ms)
		RebuildScriptCaches (0ms)
		SetupLoadedEditorAssemblies (505ms)
			LogAssemblyErrors (0ms)
			InitializePlatformSupportModulesInManaged (5ms)
			SetLoadedEditorAssemblies (5ms)
			RefreshPlugins (0ms)
			BeforeProcessingInitializeOnLoad (87ms)
			ProcessInitializeOnLoadAttributes (384ms)
			ProcessInitializeOnLoadMethodAttributes (22ms)
			AfterProcessingInitializeOnLoad (2ms)
			EditorAssembliesLoaded (0ms)
		ExecutionOrderSort2 (0ms)
		AwakeInstancesAfterBackupRestoration (5ms)
Refreshing native plugins compatible for Editor in 2.92 ms, found 3 plugins.
Preloading 0 native plugins for Editor in 0.00 ms.
Unloading 3578 Unused Serialized files (Serialized files now loaded: 0)
Unloading 14 unused Assets / (28.5 KB). Loaded Objects now: 4372.
Memory consumption went from 132.7 MB to 132.7 MB.
Total: 3.035500 ms (FindLiveObjects: 0.322500 ms CreateObjectMapping: 0.227600 ms MarkObjects: 2.452800 ms  DeleteObjects: 0.032000 ms)

Prepare: number of updated asset objects reloaded= 0
AssetImportParameters requested are different than current active one (requested -> active):
  custom:scripting/monoscript/fileName/RandomHitPlacer.cs: 0e520bb249608fd9a2ce5ff96c591009 -> 
  custom:container-demuxer-ogg: 62fdf1f143b41e24485cea50d1cbac27 -> 
  custom:scripting/monoscript/fileName/SpriteEditorWindow.cs: 1629bd700639d5abf7ee9c1a15128fda -> 
  custom:scripting/monoscript/fileName/SpriteRect.cs: 8da6d12a5fbd75a0eba31cfa62842428 -> 
  custom:scripting/monoscript/fileName/ISpriteEditorModule.cs: f35f8b8d39dcfd448fbbe9ea48566c2f -> 
  custom:video-decoder-ogg-theora: a1e56fd34408186e4bbccfd4996cb3dc -> 
  custom:scripting/monoscript/fileName/MenuItems.cs: 3ea3522373e3b4d2ef39113c39531efd -> 
  custom:scripting/monoscript/fileName/DefaultSpriteNameFileIdDataProvider.cs: cd965ed390b21ec0302c3211a9f903ff -> 
  custom:framework-win-MediaFoundation: 216162199b28c13a410421893ffa2e32 -> 
  custom:scripting/monoscript/fileName/PlayerInteract.cs: 73ffd8c360dbab24565d6c0e90133a24 -> 
  custom:scripting/monoscript/fileName/ShapeEditor.cs: 7eba0c642af179a392c34e527393b30b -> 
  custom:scripting/monoscript/fileName/SpritePolygonModeModule.cs: 8b4aa126b968b0772b9e20476364e690 -> 
  custom:scripting/precompiled-assembly-types:Unity.2D.Sprite.Editor: c80415e041d636416599f4ac20098905 -> 
  custom:scripting/monoscript/fileName/ItemCreationUtility.cs: d1c4ddba747ed633116f555c0d69ace7 -> 
  custom:CustomObjectIndexerAttribute: 9a22284fe3817be447336de3de66b15e -> 
  custom:scripting/monoscript/fileName/SpriteEditorHandles.cs: 8b78502b9b56b3c556563a6e935b52ad -> 
  custom:container-demuxer-webm: 4f35f7cbe854078d1ac9338744f61a02 -> 
  custom:scripting/monoscript/fileName/SpriteNameFileIdPair.cs: 8dab74045e538d5698ea3c4caed3e48c -> 
  custom:scripting/monoscript/fileName/IGL.cs: 8903f8a1304142ec1aefe33b7a4db28c -> 
  custom:scripting/monoscript/fileName/SpritePhysicsShapeModule.cs: 35688b9e178698712b557d50761dc7c2 -> 
  custom:scripting/monoscript/fileName/ITexture.cs: dbb4c87e1c028ce779185d5d3d566460 -> 
  custom:container-muxer-webm: aa71ff27fc2769a1b78a27578f13a17b -> 
  custom:scripting/monoscript/fileName/IEvent.cs: c25d501578d8ebe48d7b30415b0df4c5 -> 
  custom:video-decoder-webm-vp8: 9c59270c3fd7afecdb556c50c9e8de78 -> 
  custom:scripting/monoscript/fileName/SpriteOutlineModule.cs: 249fecf584323de7d2fd0b14e9a4944c -> 
  custom:SearchIndexIgnoredProperties: e643bd26f0fe6173181afceb89e7c659 -> 
  custom:AudioImporter_EditorPlatform: d09bf68614088b80899f8185d706f6e7 -> 
  custom:scripting/monoscript/fileName/SpriteEditorUtility.cs: 7e2d1f2cb427fd67c5461f9431375c3a -> 
  custom:scripting/monoscript/fileName/SpriteSecondaryTexturesModule.cs: 8f361de5bdfd731e220c415240ad033f -> 
  custom:scripting/monoscript/fileName/IGUIUtility.cs: cad79017f17454feb4e1799b1c42f87c -> 
  custom:scripting/monoscript/fileName/IHandles.cs: d2780a18a3844e49d490d68d5cb3d26a -> 
  custom:scripting/monoscript/fileName/TextureImporterDataProvider.cs: d68f5d5325387f4e38fdcf2610c72ce3 -> 
  custom:scripting/monoscript/fileName/SpriteEditorMenu.cs: f9042f312a91c162ede0d5de48225240 -> 
  custom:scripting/monoscript/fileName/ISpriteEditorDataProvider.cs: 4c01add71bf03a3e1afff21bbd534ee9 -> 
  custom:scripting/monoscript/fileName/IUndoSystem.cs: 841a069a843e48d57d362ca08bca21d4 -> 
  custom:scripting/monoscript/fileName/SpritePolygonModeModuleView.cs: db8ddbee5a89c636987047f4602001ef -> 
  custom:scripting/monoscript/fileName/SpriteEditorData.cs: 79e0d970ecf11ef3020398e38672548f -> 
  custom:video-encoder-webm-vp8: eb34c28f22e8b96e1ab97ce403110664 -> 
  custom:audio-decoder-ogg-vorbis: bf7c407c2cedff20999df2af8eb42d56 -> 
  custom:scripting/monoscript/fileName/SpriteEditorWindowSettings.cs: 8e59c26ada2085b3ebaa83fd01af70e3 -> 
  custom:scripting/monoscript/fileName/SpriteFrameModuleBaseView.cs: 72abaa53c3c1184e23d4d9a45f62d8c2 -> 
  custom:scripting/monoscript/fileName/IAssetDatabase.cs: c40b958675a6cd5b519fa6ca497fede4 -> 
  custom:scripting/monoscript/fileName/SpriteFrameModule.cs: f07011b3ec3622062bef733dc29fedf0 -> 
  custom:scripting/monoscript/fileName/ShapeEditorRectSelection.cs: 1696d724b33ef6168949bbdce78d19c6 -> 
  custom:scripting/monoscript/fileName/TextureImporterDataProviderImplementation.cs: ffb9fda6ca225aa106e9fa84455f4e60 -> 
  custom:audio-encoder-webm-vorbis: bf7c407c2cedff20999df2af8eb42d56 -> 
  custom:scripting/monoscript/fileName/SpriteUtilityWindow.cs: 4827aafd0c4d893166845eac1266c4ed -> 
  custom:scripting/monoscript/fileName/SpriteFrameModuleBase.cs: 82472910b376b3c28a6f5b31b28f5f51 -> 
  custom:scripting/precompiled-assembly-types:Assembly-CSharp: 1ef80245403237f75ccd38d07488960b -> 17fd4233e2971542c9b4d9c5fc8a1fc5
  custom:scripting/monoscript/fileName/SpriteFrameModuleView.cs: f07011b3ec3622062bef733dc29fedf0 -> 
========================================================================
Received Prepare
Caller must complete domain reload
Begin MonoManager ReloadAssembly
- Loaded All Assemblies, in  0.467 seconds
Native extension for WindowsStandalone target not found
Mono: successfully reloaded assembly
- Finished resetting the current domain, in  0.967 seconds
Domain Reload Profiling: 1434ms
	BeginReloadAssembly (165ms)
		ExecutionOrderSort (0ms)
		DisableScriptedObjects (6ms)
		BackupInstance (0ms)
		ReleaseScriptingObjects (0ms)
		CreateAndSetChildDomain (33ms)
	RebuildCommonClasses (30ms)
	RebuildNativeTypeToScriptingClass (10ms)
	initialDomainReloadingComplete (24ms)
	LoadAllAssembliesAndSetupDomain (238ms)
		LoadAssemblies (302ms)
		RebuildTransferFunctionScriptingTraits (0ms)
		AnalyzeDomain (33ms)
			TypeCache.Refresh (11ms)
				TypeCache.ScanAssembly (0ms)
			ScanForSourceGeneratedMonoScriptInfo (14ms)
			ResolveRequiredComponents (6ms)
	FinalizeReload (968ms)
		ReleaseScriptCaches (0ms)
		RebuildScriptCaches (0ms)
		SetupLoadedEditorAssemblies (501ms)
			LogAssemblyErrors (0ms)
			InitializePlatformSupportModulesInManaged (5ms)
			SetLoadedEditorAssemblies (5ms)
			RefreshPlugins (0ms)
			BeforeProcessingInitializeOnLoad (87ms)
			ProcessInitializeOnLoadAttributes (377ms)
			ProcessInitializeOnLoadMethodAttributes (24ms)
			AfterProcessingInitializeOnLoad (2ms)
			EditorAssembliesLoaded (0ms)
		ExecutionOrderSort2 (0ms)
		AwakeInstancesAfterBackupRestoration (6ms)
Refreshing native plugins compatible for Editor in 2.63 ms, found 3 plugins.
Preloading 0 native plugins for Editor in 0.00 ms.
Unloading 3578 Unused Serialized files (Serialized files now loaded: 0)
Unloading 14 unused Assets / (28.5 KB). Loaded Objects now: 4375.
Memory consumption went from 132.7 MB to 132.7 MB.
Total: 2.822100 ms (FindLiveObjects: 0.321700 ms CreateObjectMapping: 0.206000 ms MarkObjects: 2.259100 ms  DeleteObjects: 0.034500 ms)

Prepare: number of updated asset objects reloaded= 0
AssetImportParameters requested are different than current active one (requested -> active):
  custom:scripting/monoscript/fileName/RandomHitPlacer.cs: 0e520bb249608fd9a2ce5ff96c591009 -> 
  custom:container-demuxer-ogg: 62fdf1f143b41e24485cea50d1cbac27 -> 
  custom:scripting/monoscript/fileName/SpriteEditorWindow.cs: 1629bd700639d5abf7ee9c1a15128fda -> 
  custom:scripting/monoscript/fileName/SpriteRect.cs: 8da6d12a5fbd75a0eba31cfa62842428 -> 
  custom:scripting/monoscript/fileName/ISpriteEditorModule.cs: f35f8b8d39dcfd448fbbe9ea48566c2f -> 
  custom:video-decoder-ogg-theora: a1e56fd34408186e4bbccfd4996cb3dc -> 
  custom:scripting/monoscript/fileName/MenuItems.cs: 3ea3522373e3b4d2ef39113c39531efd -> 
  custom:scripting/monoscript/fileName/DefaultSpriteNameFileIdDataProvider.cs: cd965ed390b21ec0302c3211a9f903ff -> 
  custom:framework-win-MediaFoundation: 216162199b28c13a410421893ffa2e32 -> 
  custom:scripting/monoscript/fileName/PlayerInteract.cs: 73ffd8c360dbab24565d6c0e90133a24 -> 
  custom:scripting/monoscript/fileName/ShapeEditor.cs: 7eba0c642af179a392c34e527393b30b -> 
  custom:scripting/monoscript/fileName/SpritePolygonModeModule.cs: 8b4aa126b968b0772b9e20476364e690 -> 
  custom:scripting/precompiled-assembly-types:Unity.2D.Sprite.Editor: c80415e041d636416599f4ac20098905 -> 
  custom:scripting/monoscript/fileName/ItemCreationUtility.cs: d1c4ddba747ed633116f555c0d69ace7 -> 
  custom:CustomObjectIndexerAttribute: 9a22284fe3817be447336de3de66b15e -> 
  custom:scripting/monoscript/fileName/SpriteEditorHandles.cs: 8b78502b9b56b3c556563a6e935b52ad -> 
  custom:container-demuxer-webm: 4f35f7cbe854078d1ac9338744f61a02 -> 
  custom:scripting/monoscript/fileName/SpriteNameFileIdPair.cs: 8dab74045e538d5698ea3c4caed3e48c -> 
  custom:scripting/monoscript/fileName/IGL.cs: 8903f8a1304142ec1aefe33b7a4db28c -> 
  custom:scripting/monoscript/fileName/SpritePhysicsShapeModule.cs: 35688b9e178698712b557d50761dc7c2 -> 
  custom:scripting/monoscript/fileName/ITexture.cs: dbb4c87e1c028ce779185d5d3d566460 -> 
  custom:container-muxer-webm: aa71ff27fc2769a1b78a27578f13a17b -> 
  custom:scripting/monoscript/fileName/IEvent.cs: c25d501578d8ebe48d7b30415b0df4c5 -> 
  custom:video-decoder-webm-vp8: 9c59270c3fd7afecdb556c50c9e8de78 -> 
  custom:scripting/monoscript/fileName/SpriteOutlineModule.cs: 249fecf584323de7d2fd0b14e9a4944c -> 
  custom:SearchIndexIgnoredProperties: e643bd26f0fe6173181afceb89e7c659 -> 
  custom:AudioImporter_EditorPlatform: d09bf68614088b80899f8185d706f6e7 -> 
  custom:scripting/monoscript/fileName/SpriteEditorUtility.cs: 7e2d1f2cb427fd67c5461f9431375c3a -> 
  custom:scripting/monoscript/fileName/SpriteSecondaryTexturesModule.cs: 8f361de5bdfd731e220c415240ad033f -> 
  custom:scripting/monoscript/fileName/IGUIUtility.cs: cad79017f17454feb4e1799b1c42f87c -> 
  custom:scripting/monoscript/fileName/IHandles.cs: d2780a18a3844e49d490d68d5cb3d26a -> 
  custom:scripting/monoscript/fileName/TextureImporterDataProvider.cs: d68f5d5325387f4e38fdcf2610c72ce3 -> 
  custom:scripting/monoscript/fileName/SpriteEditorMenu.cs: f9042f312a91c162ede0d5de48225240 -> 
  custom:scripting/monoscript/fileName/ISpriteEditorDataProvider.cs: 4c01add71bf03a3e1afff21bbd534ee9 -> 
  custom:scripting/monoscript/fileName/IUndoSystem.cs: 841a069a843e48d57d362ca08bca21d4 -> 
  custom:scripting/monoscript/fileName/SpritePolygonModeModuleView.cs: db8ddbee5a89c636987047f4602001ef -> 
  custom:scripting/monoscript/fileName/SpriteEditorData.cs: 79e0d970ecf11ef3020398e38672548f -> 
  custom:video-encoder-webm-vp8: eb34c28f22e8b96e1ab97ce403110664 -> 
  custom:audio-decoder-ogg-vorbis: bf7c407c2cedff20999df2af8eb42d56 -> 
  custom:scripting/monoscript/fileName/SpriteEditorWindowSettings.cs: 8e59c26ada2085b3ebaa83fd01af70e3 -> 
  custom:scripting/monoscript/fileName/SpriteFrameModuleBaseView.cs: 72abaa53c3c1184e23d4d9a45f62d8c2 -> 
  custom:scripting/monoscript/fileName/IAssetDatabase.cs: c40b958675a6cd5b519fa6ca497fede4 -> 
  custom:scripting/monoscript/fileName/SpriteFrameModule.cs: f07011b3ec3622062bef733dc29fedf0 -> 
  custom:scripting/monoscript/fileName/ShapeEditorRectSelection.cs: 1696d724b33ef6168949bbdce78d19c6 -> 
  custom:scripting/monoscript/fileName/TextureImporterDataProviderImplementation.cs: ffb9fda6ca225aa106e9fa84455f4e60 -> 
  custom:audio-encoder-webm-vorbis: bf7c407c2cedff20999df2af8eb42d56 -> 
  custom:scripting/monoscript/fileName/SpriteUtilityWindow.cs: 4827aafd0c4d893166845eac1266c4ed -> 
  custom:scripting/monoscript/fileName/SpriteFrameModuleBase.cs: 82472910b376b3c28a6f5b31b28f5f51 -> 
  custom:scripting/precompiled-assembly-types:Assembly-CSharp: 1ef80245403237f75ccd38d07488960b -> 17fd4233e2971542c9b4d9c5fc8a1fc5
  custom:scripting/monoscript/fileName/SpriteFrameModuleView.cs: f07011b3ec3622062bef733dc29fedf0 -> 
========================================================================
Received Prepare
Caller must complete domain reload
Begin MonoManager ReloadAssembly
- Loaded All Assemblies, in  0.465 seconds
Native extension for WindowsStandalone target not found
Mono: successfully reloaded assembly
- Finished resetting the current domain, in  1.052 seconds
Domain Reload Profiling: 1516ms
	BeginReloadAssembly (175ms)
		ExecutionOrderSort (0ms)
		DisableScriptedObjects (5ms)
		BackupInstance (0ms)
		ReleaseScriptingObjects (0ms)
		CreateAndSetChildDomain (33ms)
	RebuildCommonClasses (30ms)
	RebuildNativeTypeToScriptingClass (10ms)
	initialDomainReloadingComplete (24ms)
	LoadAllAssembliesAndSetupDomain (224ms)
		LoadAssemblies (319ms)
		RebuildTransferFunctionScriptingTraits (0ms)
		AnalyzeDomain (15ms)
			TypeCache.Refresh (7ms)
				TypeCache.ScanAssembly (0ms)
			ScanForSourceGeneratedMonoScriptInfo (0ms)
			ResolveRequiredComponents (6ms)
	FinalizeReload (1052ms)
		ReleaseScriptCaches (0ms)
		RebuildScriptCaches (0ms)
		SetupLoadedEditorAssemblies (578ms)
			LogAssemblyErrors (0ms)
			InitializePlatformSupportModulesInManaged (6ms)
			SetLoadedEditorAssemblies (6ms)
			RefreshPlugins (0ms)
			BeforeProcessingInitializeOnLoad (95ms)
			ProcessInitializeOnLoadAttributes (444ms)
			ProcessInitializeOnLoadMethodAttributes (24ms)
			AfterProcessingInitializeOnLoad (3ms)
			EditorAssembliesLoaded (0ms)
		ExecutionOrderSort2 (0ms)
		AwakeInstancesAfterBackupRestoration (7ms)
Refreshing native plugins compatible for Editor in 2.78 ms, found 3 plugins.
Preloading 0 native plugins for Editor in 0.00 ms.
Unloading 3578 Unused Serialized files (Serialized files now loaded: 0)
Unloading 14 unused Assets / (28.4 KB). Loaded Objects now: 4378.
Memory consumption went from 132.7 MB to 132.7 MB.
Total: 3.362800 ms (FindLiveObjects: 0.307800 ms CreateObjectMapping: 0.197900 ms MarkObjects: 2.817800 ms  DeleteObjects: 0.038300 ms)

Prepare: number of updated asset objects reloaded= 0
AssetImportParameters requested are different than current active one (requested -> active):
  custom:scripting/monoscript/fileName/RandomHitPlacer.cs: 0e520bb249608fd9a2ce5ff96c591009 -> 
  custom:container-demuxer-ogg: 62fdf1f143b41e24485cea50d1cbac27 -> 
  custom:scripting/monoscript/fileName/SpriteEditorWindow.cs: 1629bd700639d5abf7ee9c1a15128fda -> 
  custom:scripting/monoscript/fileName/SpriteRect.cs: 8da6d12a5fbd75a0eba31cfa62842428 -> 
  custom:scripting/monoscript/fileName/ISpriteEditorModule.cs: f35f8b8d39dcfd448fbbe9ea48566c2f -> 
  custom:video-decoder-ogg-theora: a1e56fd34408186e4bbccfd4996cb3dc -> 
  custom:scripting/monoscript/fileName/MenuItems.cs: 3ea3522373e3b4d2ef39113c39531efd -> 
  custom:scripting/monoscript/fileName/DefaultSpriteNameFileIdDataProvider.cs: cd965ed390b21ec0302c3211a9f903ff -> 
  custom:framework-win-MediaFoundation: 216162199b28c13a410421893ffa2e32 -> 
  custom:scripting/monoscript/fileName/PlayerInteract.cs: 73ffd8c360dbab24565d6c0e90133a24 -> 
  custom:scripting/monoscript/fileName/ShapeEditor.cs: 7eba0c642af179a392c34e527393b30b -> 
  custom:scripting/monoscript/fileName/SpritePolygonModeModule.cs: 8b4aa126b968b0772b9e20476364e690 -> 
  custom:scripting/precompiled-assembly-types:Unity.2D.Sprite.Editor: c80415e041d636416599f4ac20098905 -> 
  custom:scripting/monoscript/fileName/ItemCreationUtility.cs: d1c4ddba747ed633116f555c0d69ace7 -> 
  custom:CustomObjectIndexerAttribute: 9a22284fe3817be447336de3de66b15e -> 
  custom:scripting/monoscript/fileName/SpriteEditorHandles.cs: 8b78502b9b56b3c556563a6e935b52ad -> 
  custom:container-demuxer-webm: 4f35f7cbe854078d1ac9338744f61a02 -> 
  custom:scripting/monoscript/fileName/SpriteNameFileIdPair.cs: 8dab74045e538d5698ea3c4caed3e48c -> 
  custom:scripting/monoscript/fileName/IGL.cs: 8903f8a1304142ec1aefe33b7a4db28c -> 
  custom:scripting/monoscript/fileName/SpritePhysicsShapeModule.cs: 35688b9e178698712b557d50761dc7c2 -> 
  custom:scripting/monoscript/fileName/ITexture.cs: dbb4c87e1c028ce779185d5d3d566460 -> 
  custom:container-muxer-webm: aa71ff27fc2769a1b78a27578f13a17b -> 
  custom:scripting/monoscript/fileName/IEvent.cs: c25d501578d8ebe48d7b30415b0df4c5 -> 
  custom:video-decoder-webm-vp8: 9c59270c3fd7afecdb556c50c9e8de78 -> 
  custom:scripting/monoscript/fileName/SpriteOutlineModule.cs: 249fecf584323de7d2fd0b14e9a4944c -> 
  custom:SearchIndexIgnoredProperties: e643bd26f0fe6173181afceb89e7c659 -> 
  custom:AudioImporter_EditorPlatform: d09bf68614088b80899f8185d706f6e7 -> 
  custom:scripting/monoscript/fileName/SpriteEditorUtility.cs: 7e2d1f2cb427fd67c5461f9431375c3a -> 
  custom:scripting/monoscript/fileName/SpriteSecondaryTexturesModule.cs: 8f361de5bdfd731e220c415240ad033f -> 
  custom:scripting/monoscript/fileName/IGUIUtility.cs: cad79017f17454feb4e1799b1c42f87c -> 
  custom:scripting/monoscript/fileName/IHandles.cs: d2780a18a3844e49d490d68d5cb3d26a -> 
  custom:scripting/monoscript/fileName/TextureImporterDataProvider.cs: d68f5d5325387f4e38fdcf2610c72ce3 -> 
  custom:scripting/monoscript/fileName/SpriteEditorMenu.cs: f9042f312a91c162ede0d5de48225240 -> 
  custom:scripting/monoscript/fileName/ISpriteEditorDataProvider.cs: 4c01add71bf03a3e1afff21bbd534ee9 -> 
  custom:scripting/monoscript/fileName/IUndoSystem.cs: 841a069a843e48d57d362ca08bca21d4 -> 
  custom:scripting/monoscript/fileName/SpritePolygonModeModuleView.cs: db8ddbee5a89c636987047f4602001ef -> 
  custom:scripting/monoscript/fileName/SpriteEditorData.cs: 79e0d970ecf11ef3020398e38672548f -> 
  custom:video-encoder-webm-vp8: eb34c28f22e8b96e1ab97ce403110664 -> 
  custom:audio-decoder-ogg-vorbis: bf7c407c2cedff20999df2af8eb42d56 -> 
  custom:scripting/monoscript/fileName/SpriteEditorWindowSettings.cs: 8e59c26ada2085b3ebaa83fd01af70e3 -> 
  custom:scripting/monoscript/fileName/SpriteFrameModuleBaseView.cs: 72abaa53c3c1184e23d4d9a45f62d8c2 -> 
  custom:scripting/monoscript/fileName/IAssetDatabase.cs: c40b958675a6cd5b519fa6ca497fede4 -> 
  custom:scripting/monoscript/fileName/SpriteFrameModule.cs: f07011b3ec3622062bef733dc29fedf0 -> 
  custom:scripting/monoscript/fileName/ShapeEditorRectSelection.cs: 1696d724b33ef6168949bbdce78d19c6 -> 
  custom:scripting/monoscript/fileName/TextureImporterDataProviderImplementation.cs: ffb9fda6ca225aa106e9fa84455f4e60 -> 
  custom:audio-encoder-webm-vorbis: bf7c407c2cedff20999df2af8eb42d56 -> 
  custom:scripting/monoscript/fileName/SpriteUtilityWindow.cs: 4827aafd0c4d893166845eac1266c4ed -> 
  custom:scripting/monoscript/fileName/SpriteFrameModuleBase.cs: 82472910b376b3c28a6f5b31b28f5f51 -> 
  custom:scripting/precompiled-assembly-types:Assembly-CSharp: 1ef80245403237f75ccd38d07488960b -> 17fd4233e2971542c9b4d9c5fc8a1fc5
  custom:scripting/monoscript/fileName/SpriteFrameModuleView.cs: f07011b3ec3622062bef733dc29fedf0 -> 
========================================================================
Received Prepare
Caller must complete domain reload
Begin MonoManager ReloadAssembly
- Loaded All Assemblies, in  0.491 seconds
Native extension for WindowsStandalone target not found
Mono: successfully reloaded assembly
- Finished resetting the current domain, in  1.012 seconds
Domain Reload Profiling: 1503ms
	BeginReloadAssembly (167ms)
		ExecutionOrderSort (0ms)
		DisableScriptedObjects (5ms)
		BackupInstance (0ms)
		ReleaseScriptingObjects (0ms)
		CreateAndSetChildDomain (35ms)
	RebuildCommonClasses (31ms)
	RebuildNativeTypeToScriptingClass (10ms)
	initialDomainReloadingComplete (25ms)
	LoadAllAssembliesAndSetupDomain (257ms)
		LoadAssemblies (323ms)
		RebuildTransferFunctionScriptingTraits (0ms)
		AnalyzeDomain (33ms)
			TypeCache.Refresh (12ms)
				TypeCache.ScanAssembly (0ms)
			ScanForSourceGeneratedMonoScriptInfo (14ms)
			ResolveRequiredComponents (5ms)
	FinalizeReload (1013ms)
		ReleaseScriptCaches (0ms)
		RebuildScriptCaches (0ms)
		SetupLoadedEditorAssemblies (533ms)
			LogAssemblyErrors (0ms)
			InitializePlatformSupportModulesInManaged (6ms)
			SetLoadedEditorAssemblies (6ms)
			RefreshPlugins (0ms)
			BeforeProcessingInitializeOnLoad (92ms)
			ProcessInitializeOnLoadAttributes (406ms)
			ProcessInitializeOnLoadMethodAttributes (21ms)
			AfterProcessingInitializeOnLoad (2ms)
			EditorAssembliesLoaded (0ms)
		ExecutionOrderSort2 (0ms)
		AwakeInstancesAfterBackupRestoration (5ms)
Refreshing native plugins compatible for Editor in 2.42 ms, found 3 plugins.
Preloading 0 native plugins for Editor in 0.00 ms.
Unloading 3578 Unused Serialized files (Serialized files now loaded: 0)
Unloading 14 unused Assets / (28.5 KB). Loaded Objects now: 4381.
Memory consumption went from 132.7 MB to 132.7 MB.
Total: 3.344300 ms (FindLiveObjects: 0.456400 ms CreateObjectMapping: 0.302000 ms MarkObjects: 2.533500 ms  DeleteObjects: 0.051400 ms)

Prepare: number of updated asset objects reloaded= 0
AssetImportParameters requested are different than current active one (requested -> active):
  custom:scripting/monoscript/fileName/RandomHitPlacer.cs: 0e520bb249608fd9a2ce5ff96c591009 -> 
  custom:container-demuxer-ogg: 62fdf1f143b41e24485cea50d1cbac27 -> 
  custom:scripting/monoscript/fileName/SpriteEditorWindow.cs: 1629bd700639d5abf7ee9c1a15128fda -> 
  custom:scripting/monoscript/fileName/SpriteRect.cs: 8da6d12a5fbd75a0eba31cfa62842428 -> 
  custom:scripting/monoscript/fileName/ISpriteEditorModule.cs: f35f8b8d39dcfd448fbbe9ea48566c2f -> 
  custom:video-decoder-ogg-theora: a1e56fd34408186e4bbccfd4996cb3dc -> 
  custom:scripting/monoscript/fileName/MenuItems.cs: 3ea3522373e3b4d2ef39113c39531efd -> 
  custom:scripting/monoscript/fileName/DefaultSpriteNameFileIdDataProvider.cs: cd965ed390b21ec0302c3211a9f903ff -> 
  custom:framework-win-MediaFoundation: 216162199b28c13a410421893ffa2e32 -> 
  custom:scripting/monoscript/fileName/PlayerInteract.cs: 73ffd8c360dbab24565d6c0e90133a24 -> 
  custom:scripting/monoscript/fileName/ShapeEditor.cs: 7eba0c642af179a392c34e527393b30b -> 
  custom:scripting/monoscript/fileName/SpritePolygonModeModule.cs: 8b4aa126b968b0772b9e20476364e690 -> 
  custom:scripting/precompiled-assembly-types:Unity.2D.Sprite.Editor: c80415e041d636416599f4ac20098905 -> 
  custom:scripting/monoscript/fileName/ItemCreationUtility.cs: d1c4ddba747ed633116f555c0d69ace7 -> 
  custom:CustomObjectIndexerAttribute: 9a22284fe3817be447336de3de66b15e -> 
  custom:scripting/monoscript/fileName/SpriteEditorHandles.cs: 8b78502b9b56b3c556563a6e935b52ad -> 
  custom:container-demuxer-webm: 4f35f7cbe854078d1ac9338744f61a02 -> 
  custom:scripting/monoscript/fileName/SpriteNameFileIdPair.cs: 8dab74045e538d5698ea3c4caed3e48c -> 
  custom:scripting/monoscript/fileName/IGL.cs: 8903f8a1304142ec1aefe33b7a4db28c -> 
  custom:scripting/monoscript/fileName/SpritePhysicsShapeModule.cs: 35688b9e178698712b557d50761dc7c2 -> 
  custom:scripting/monoscript/fileName/ITexture.cs: dbb4c87e1c028ce779185d5d3d566460 -> 
  custom:container-muxer-webm: aa71ff27fc2769a1b78a27578f13a17b -> 
  custom:scripting/monoscript/fileName/IEvent.cs: c25d501578d8ebe48d7b30415b0df4c5 -> 
  custom:video-decoder-webm-vp8: 9c59270c3fd7afecdb556c50c9e8de78 -> 
  custom:scripting/monoscript/fileName/SpriteOutlineModule.cs: 249fecf584323de7d2fd0b14e9a4944c -> 
  custom:SearchIndexIgnoredProperties: e643bd26f0fe6173181afceb89e7c659 -> 
  custom:AudioImporter_EditorPlatform: d09bf68614088b80899f8185d706f6e7 -> 
  custom:scripting/monoscript/fileName/SpriteEditorUtility.cs: 7e2d1f2cb427fd67c5461f9431375c3a -> 
  custom:scripting/monoscript/fileName/SpriteSecondaryTexturesModule.cs: 8f361de5bdfd731e220c415240ad033f -> 
  custom:scripting/monoscript/fileName/IGUIUtility.cs: cad79017f17454feb4e1799b1c42f87c -> 
  custom:scripting/monoscript/fileName/IHandles.cs: d2780a18a3844e49d490d68d5cb3d26a -> 
  custom:scripting/monoscript/fileName/TextureImporterDataProvider.cs: d68f5d5325387f4e38fdcf2610c72ce3 -> 
  custom:scripting/monoscript/fileName/SpriteEditorMenu.cs: f9042f312a91c162ede0d5de48225240 -> 
  custom:scripting/monoscript/fileName/ISpriteEditorDataProvider.cs: 4c01add71bf03a3e1afff21bbd534ee9 -> 
  custom:scripting/monoscript/fileName/IUndoSystem.cs: 841a069a843e48d57d362ca08bca21d4 -> 
  custom:scripting/monoscript/fileName/SpritePolygonModeModuleView.cs: db8ddbee5a89c636987047f4602001ef -> 
  custom:scripting/monoscript/fileName/SpriteEditorData.cs: 79e0d970ecf11ef3020398e38672548f -> 
  custom:video-encoder-webm-vp8: eb34c28f22e8b96e1ab97ce403110664 -> 
  custom:audio-decoder-ogg-vorbis: bf7c407c2cedff20999df2af8eb42d56 -> 
  custom:scripting/monoscript/fileName/SpriteEditorWindowSettings.cs: 8e59c26ada2085b3ebaa83fd01af70e3 -> 
  custom:scripting/monoscript/fileName/SpriteFrameModuleBaseView.cs: 72abaa53c3c1184e23d4d9a45f62d8c2 -> 
  custom:scripting/monoscript/fileName/IAssetDatabase.cs: c40b958675a6cd5b519fa6ca497fede4 -> 
  custom:scripting/monoscript/fileName/SpriteFrameModule.cs: f07011b3ec3622062bef733dc29fedf0 -> 
  custom:scripting/monoscript/fileName/ShapeEditorRectSelection.cs: 1696d724b33ef6168949bbdce78d19c6 -> 
  custom:scripting/monoscript/fileName/TextureImporterDataProviderImplementation.cs: ffb9fda6ca225aa106e9fa84455f4e60 -> 
  custom:audio-encoder-webm-vorbis: bf7c407c2cedff20999df2af8eb42d56 -> 
  custom:scripting/monoscript/fileName/SpriteUtilityWindow.cs: 4827aafd0c4d893166845eac1266c4ed -> 
  custom:scripting/monoscript/fileName/SpriteFrameModuleBase.cs: 82472910b376b3c28a6f5b31b28f5f51 -> 
  custom:scripting/precompiled-assembly-types:Assembly-CSharp: 1ef80245403237f75ccd38d07488960b -> 17fd4233e2971542c9b4d9c5fc8a1fc5
  custom:scripting/monoscript/fileName/SpriteFrameModuleView.cs: f07011b3ec3622062bef733dc29fedf0 -> 
========================================================================
Received Prepare
Caller must complete domain reload
Begin MonoManager ReloadAssembly
- Loaded All Assemblies, in  0.451 seconds
Native extension for WindowsStandalone target not found
Mono: successfully reloaded assembly
- Finished resetting the current domain, in  1.063 seconds
Domain Reload Profiling: 1514ms
	BeginReloadAssembly (161ms)
		ExecutionOrderSort (0ms)
		DisableScriptedObjects (5ms)
		BackupInstance (0ms)
		ReleaseScriptingObjects (0ms)
		CreateAndSetChildDomain (34ms)
	RebuildCommonClasses (30ms)
	RebuildNativeTypeToScriptingClass (10ms)
	initialDomainReloadingComplete (24ms)
	LoadAllAssembliesAndSetupDomain (224ms)
		LoadAssemblies (302ms)
		RebuildTransferFunctionScriptingTraits (0ms)
		AnalyzeDomain (16ms)
			TypeCache.Refresh (8ms)
				TypeCache.ScanAssembly (0ms)
			ScanForSourceGeneratedMonoScriptInfo (0ms)
			ResolveRequiredComponents (6ms)
	FinalizeReload (1064ms)
		ReleaseScriptCaches (0ms)
		RebuildScriptCaches (0ms)
		SetupLoadedEditorAssemblies (578ms)
			LogAssemblyErrors (0ms)
			InitializePlatformSupportModulesInManaged (6ms)
			SetLoadedEditorAssemblies (6ms)
			RefreshPlugins (0ms)
			BeforeProcessingInitializeOnLoad (95ms)
			ProcessInitializeOnLoadAttributes (444ms)
			ProcessInitializeOnLoadMethodAttributes (24ms)
			AfterProcessingInitializeOnLoad (3ms)
			EditorAssembliesLoaded (0ms)
		ExecutionOrderSort2 (0ms)
		AwakeInstancesAfterBackupRestoration (6ms)
Refreshing native plugins compatible for Editor in 2.84 ms, found 3 plugins.
Preloading 0 native plugins for Editor in 0.00 ms.
Unloading 3578 Unused Serialized files (Serialized files now loaded: 0)
Unloading 14 unused Assets / (28.6 KB). Loaded Objects now: 4384.
Memory consumption went from 132.7 MB to 132.7 MB.
Total: 3.479200 ms (FindLiveObjects: 0.453100 ms CreateObjectMapping: 0.398300 ms MarkObjects: 2.562000 ms  DeleteObjects: 0.064500 ms)

Prepare: number of updated asset objects reloaded= 0
AssetImportParameters requested are different than current active one (requested -> active):
  custom:scripting/monoscript/fileName/RandomHitPlacer.cs: 0e520bb249608fd9a2ce5ff96c591009 -> 
  custom:container-demuxer-ogg: 62fdf1f143b41e24485cea50d1cbac27 -> 
  custom:scripting/monoscript/fileName/SpriteEditorWindow.cs: 1629bd700639d5abf7ee9c1a15128fda -> 
  custom:scripting/monoscript/fileName/SpriteRect.cs: 8da6d12a5fbd75a0eba31cfa62842428 -> 
  custom:scripting/monoscript/fileName/ISpriteEditorModule.cs: f35f8b8d39dcfd448fbbe9ea48566c2f -> 
  custom:video-decoder-ogg-theora: a1e56fd34408186e4bbccfd4996cb3dc -> 
  custom:scripting/monoscript/fileName/MenuItems.cs: 3ea3522373e3b4d2ef39113c39531efd -> 
  custom:scripting/monoscript/fileName/DefaultSpriteNameFileIdDataProvider.cs: cd965ed390b21ec0302c3211a9f903ff -> 
  custom:framework-win-MediaFoundation: 216162199b28c13a410421893ffa2e32 -> 
  custom:scripting/monoscript/fileName/PlayerInteract.cs: 73ffd8c360dbab24565d6c0e90133a24 -> 
  custom:scripting/monoscript/fileName/ShapeEditor.cs: 7eba0c642af179a392c34e527393b30b -> 
  custom:scripting/monoscript/fileName/SpritePolygonModeModule.cs: 8b4aa126b968b0772b9e20476364e690 -> 
  custom:scripting/precompiled-assembly-types:Unity.2D.Sprite.Editor: c80415e041d636416599f4ac20098905 -> 
  custom:scripting/monoscript/fileName/ItemCreationUtility.cs: d1c4ddba747ed633116f555c0d69ace7 -> 
  custom:CustomObjectIndexerAttribute: 9a22284fe3817be447336de3de66b15e -> 
  custom:scripting/monoscript/fileName/SpriteEditorHandles.cs: 8b78502b9b56b3c556563a6e935b52ad -> 
  custom:container-demuxer-webm: 4f35f7cbe854078d1ac9338744f61a02 -> 
  custom:scripting/monoscript/fileName/SpriteNameFileIdPair.cs: 8dab74045e538d5698ea3c4caed3e48c -> 
  custom:scripting/monoscript/fileName/IGL.cs: 8903f8a1304142ec1aefe33b7a4db28c -> 
  custom:scripting/monoscript/fileName/SpritePhysicsShapeModule.cs: 35688b9e178698712b557d50761dc7c2 -> 
  custom:scripting/monoscript/fileName/ITexture.cs: dbb4c87e1c028ce779185d5d3d566460 -> 
  custom:container-muxer-webm: aa71ff27fc2769a1b78a27578f13a17b -> 
  custom:scripting/monoscript/fileName/IEvent.cs: c25d501578d8ebe48d7b30415b0df4c5 -> 
  custom:video-decoder-webm-vp8: 9c59270c3fd7afecdb556c50c9e8de78 -> 
  custom:scripting/monoscript/fileName/SpriteOutlineModule.cs: 249fecf584323de7d2fd0b14e9a4944c -> 
  custom:SearchIndexIgnoredProperties: e643bd26f0fe6173181afceb89e7c659 -> 
  custom:AudioImporter_EditorPlatform: d09bf68614088b80899f8185d706f6e7 -> 
  custom:scripting/monoscript/fileName/SpriteEditorUtility.cs: 7e2d1f2cb427fd67c5461f9431375c3a -> 
  custom:scripting/monoscript/fileName/SpriteSecondaryTexturesModule.cs: 8f361de5bdfd731e220c415240ad033f -> 
  custom:scripting/monoscript/fileName/IGUIUtility.cs: cad79017f17454feb4e1799b1c42f87c -> 
  custom:scripting/monoscript/fileName/IHandles.cs: d2780a18a3844e49d490d68d5cb3d26a -> 
  custom:scripting/monoscript/fileName/TextureImporterDataProvider.cs: d68f5d5325387f4e38fdcf2610c72ce3 -> 
  custom:scripting/monoscript/fileName/SpriteEditorMenu.cs: f9042f312a91c162ede0d5de48225240 -> 
  custom:scripting/monoscript/fileName/ISpriteEditorDataProvider.cs: 4c01add71bf03a3e1afff21bbd534ee9 -> 
  custom:scripting/monoscript/fileName/IUndoSystem.cs: 841a069a843e48d57d362ca08bca21d4 -> 
  custom:scripting/monoscript/fileName/SpritePolygonModeModuleView.cs: db8ddbee5a89c636987047f4602001ef -> 
  custom:scripting/monoscript/fileName/SpriteEditorData.cs: 79e0d970ecf11ef3020398e38672548f -> 
  custom:video-encoder-webm-vp8: eb34c28f22e8b96e1ab97ce403110664 -> 
  custom:audio-decoder-ogg-vorbis: bf7c407c2cedff20999df2af8eb42d56 -> 
  custom:scripting/monoscript/fileName/SpriteEditorWindowSettings.cs: 8e59c26ada2085b3ebaa83fd01af70e3 -> 
  custom:scripting/monoscript/fileName/SpriteFrameModuleBaseView.cs: 72abaa53c3c1184e23d4d9a45f62d8c2 -> 
  custom:scripting/monoscript/fileName/IAssetDatabase.cs: c40b958675a6cd5b519fa6ca497fede4 -> 
  custom:scripting/monoscript/fileName/SpriteFrameModule.cs: f07011b3ec3622062bef733dc29fedf0 -> 
  custom:scripting/monoscript/fileName/ShapeEditorRectSelection.cs: 1696d724b33ef6168949bbdce78d19c6 -> 
  custom:scripting/monoscript/fileName/TextureImporterDataProviderImplementation.cs: ffb9fda6ca225aa106e9fa84455f4e60 -> 
  custom:audio-encoder-webm-vorbis: bf7c407c2cedff20999df2af8eb42d56 -> 
  custom:scripting/monoscript/fileName/SpriteUtilityWindow.cs: 4827aafd0c4d893166845eac1266c4ed -> 
  custom:scripting/monoscript/fileName/SpriteFrameModuleBase.cs: 82472910b376b3c28a6f5b31b28f5f51 -> 
  custom:scripting/precompiled-assembly-types:Assembly-CSharp: 1ef80245403237f75ccd38d07488960b -> 17fd4233e2971542c9b4d9c5fc8a1fc5
  custom:scripting/monoscript/fileName/SpriteFrameModuleView.cs: f07011b3ec3622062bef733dc29fedf0 -> 
========================================================================
Received Prepare
Caller must complete domain reload
Begin MonoManager ReloadAssembly
- Loaded All Assemblies, in  0.480 seconds
Native extension for WindowsStandalone target not found
Mono: successfully reloaded assembly
- Finished resetting the current domain, in  1.000 seconds
Domain Reload Profiling: 1480ms
	BeginReloadAssembly (168ms)
		ExecutionOrderSort (0ms)
		DisableScriptedObjects (5ms)
		BackupInstance (0ms)
		ReleaseScriptingObjects (0ms)
		CreateAndSetChildDomain (32ms)
	RebuildCommonClasses (31ms)
	RebuildNativeTypeToScriptingClass (10ms)
	initialDomainReloadingComplete (25ms)
	LoadAllAssembliesAndSetupDomain (245ms)
		LoadAssemblies (316ms)
		RebuildTransferFunctionScriptingTraits (0ms)
		AnalyzeDomain (32ms)
			TypeCache.Refresh (11ms)
				TypeCache.ScanAssembly (0ms)
			ScanForSourceGeneratedMonoScriptInfo (13ms)
			ResolveRequiredComponents (6ms)
	FinalizeReload (1000ms)
		ReleaseScriptCaches (0ms)
		RebuildScriptCaches (0ms)
		SetupLoadedEditorAssemblies (521ms)
			LogAssemblyErrors (0ms)
			InitializePlatformSupportModulesInManaged (5ms)
			SetLoadedEditorAssemblies (5ms)
			RefreshPlugins (0ms)
			BeforeProcessingInitializeOnLoad (87ms)
			ProcessInitializeOnLoadAttributes (396ms)
			ProcessInitializeOnLoadMethodAttributes (24ms)
			AfterProcessingInitializeOnLoad (3ms)
			EditorAssembliesLoaded (0ms)
		ExecutionOrderSort2 (0ms)
		AwakeInstancesAfterBackupRestoration (6ms)
Refreshing native plugins compatible for Editor in 2.58 ms, found 3 plugins.
Preloading 0 native plugins for Editor in 0.00 ms.
Unloading 3578 Unused Serialized files (Serialized files now loaded: 0)
Unloading 14 unused Assets / (28.5 KB). Loaded Objects now: 4387.
Memory consumption went from 132.7 MB to 132.7 MB.
Total: 3.015800 ms (FindLiveObjects: 0.313900 ms CreateObjectMapping: 0.217900 ms MarkObjects: 2.447800 ms  DeleteObjects: 0.035600 ms)

Prepare: number of updated asset objects reloaded= 0
AssetImportParameters requested are different than current active one (requested -> active):
  custom:scripting/monoscript/fileName/RandomHitPlacer.cs: 0e520bb249608fd9a2ce5ff96c591009 -> 
  custom:container-demuxer-ogg: 62fdf1f143b41e24485cea50d1cbac27 -> 
  custom:scripting/monoscript/fileName/SpriteEditorWindow.cs: 1629bd700639d5abf7ee9c1a15128fda -> 
  custom:scripting/monoscript/fileName/SpriteRect.cs: 8da6d12a5fbd75a0eba31cfa62842428 -> 
  custom:scripting/monoscript/fileName/ISpriteEditorModule.cs: f35f8b8d39dcfd448fbbe9ea48566c2f -> 
  custom:video-decoder-ogg-theora: a1e56fd34408186e4bbccfd4996cb3dc -> 
  custom:scripting/monoscript/fileName/MenuItems.cs: 3ea3522373e3b4d2ef39113c39531efd -> 
  custom:scripting/monoscript/fileName/DefaultSpriteNameFileIdDataProvider.cs: cd965ed390b21ec0302c3211a9f903ff -> 
  custom:framework-win-MediaFoundation: 216162199b28c13a410421893ffa2e32 -> 
  custom:scripting/monoscript/fileName/PlayerInteract.cs: 73ffd8c360dbab24565d6c0e90133a24 -> 
  custom:scripting/monoscript/fileName/ShapeEditor.cs: 7eba0c642af179a392c34e527393b30b -> 
  custom:scripting/monoscript/fileName/SpritePolygonModeModule.cs: 8b4aa126b968b0772b9e20476364e690 -> 
  custom:scripting/precompiled-assembly-types:Unity.2D.Sprite.Editor: c80415e041d636416599f4ac20098905 -> 
  custom:scripting/monoscript/fileName/ItemCreationUtility.cs: d1c4ddba747ed633116f555c0d69ace7 -> 
  custom:CustomObjectIndexerAttribute: 9a22284fe3817be447336de3de66b15e -> 
  custom:scripting/monoscript/fileName/SpriteEditorHandles.cs: 8b78502b9b56b3c556563a6e935b52ad -> 
  custom:container-demuxer-webm: 4f35f7cbe854078d1ac9338744f61a02 -> 
  custom:scripting/monoscript/fileName/SpriteNameFileIdPair.cs: 8dab74045e538d5698ea3c4caed3e48c -> 
  custom:scripting/monoscript/fileName/IGL.cs: 8903f8a1304142ec1aefe33b7a4db28c -> 
  custom:scripting/monoscript/fileName/SpritePhysicsShapeModule.cs: 35688b9e178698712b557d50761dc7c2 -> 
  custom:scripting/monoscript/fileName/ITexture.cs: dbb4c87e1c028ce779185d5d3d566460 -> 
  custom:container-muxer-webm: aa71ff27fc2769a1b78a27578f13a17b -> 
  custom:scripting/monoscript/fileName/IEvent.cs: c25d501578d8ebe48d7b30415b0df4c5 -> 
  custom:video-decoder-webm-vp8: 9c59270c3fd7afecdb556c50c9e8de78 -> 
  custom:scripting/monoscript/fileName/SpriteOutlineModule.cs: 249fecf584323de7d2fd0b14e9a4944c -> 
  custom:SearchIndexIgnoredProperties: e643bd26f0fe6173181afceb89e7c659 -> 
  custom:AudioImporter_EditorPlatform: d09bf68614088b80899f8185d706f6e7 -> 
  custom:scripting/monoscript/fileName/SpriteEditorUtility.cs: 7e2d1f2cb427fd67c5461f9431375c3a -> 
  custom:scripting/monoscript/fileName/SpriteSecondaryTexturesModule.cs: 8f361de5bdfd731e220c415240ad033f -> 
  custom:scripting/monoscript/fileName/IGUIUtility.cs: cad79017f17454feb4e1799b1c42f87c -> 
  custom:scripting/monoscript/fileName/IHandles.cs: d2780a18a3844e49d490d68d5cb3d26a -> 
  custom:scripting/monoscript/fileName/TextureImporterDataProvider.cs: d68f5d5325387f4e38fdcf2610c72ce3 -> 
  custom:scripting/monoscript/fileName/SpriteEditorMenu.cs: f9042f312a91c162ede0d5de48225240 -> 
  custom:scripting/monoscript/fileName/ISpriteEditorDataProvider.cs: 4c01add71bf03a3e1afff21bbd534ee9 -> 
  custom:scripting/monoscript/fileName/IUndoSystem.cs: 841a069a843e48d57d362ca08bca21d4 -> 
  custom:scripting/monoscript/fileName/SpritePolygonModeModuleView.cs: db8ddbee5a89c636987047f4602001ef -> 
  custom:scripting/monoscript/fileName/SpriteEditorData.cs: 79e0d970ecf11ef3020398e38672548f -> 
  custom:video-encoder-webm-vp8: eb34c28f22e8b96e1ab97ce403110664 -> 
  custom:audio-decoder-ogg-vorbis: bf7c407c2cedff20999df2af8eb42d56 -> 
  custom:scripting/monoscript/fileName/SpriteEditorWindowSettings.cs: 8e59c26ada2085b3ebaa83fd01af70e3 -> 
  custom:scripting/monoscript/fileName/SpriteFrameModuleBaseView.cs: 72abaa53c3c1184e23d4d9a45f62d8c2 -> 
  custom:scripting/monoscript/fileName/IAssetDatabase.cs: c40b958675a6cd5b519fa6ca497fede4 -> 
  custom:scripting/monoscript/fileName/SpriteFrameModule.cs: f07011b3ec3622062bef733dc29fedf0 -> 
  custom:scripting/monoscript/fileName/ShapeEditorRectSelection.cs: 1696d724b33ef6168949bbdce78d19c6 -> 
  custom:scripting/monoscript/fileName/TextureImporterDataProviderImplementation.cs: ffb9fda6ca225aa106e9fa84455f4e60 -> 
  custom:audio-encoder-webm-vorbis: bf7c407c2cedff20999df2af8eb42d56 -> 
  custom:scripting/monoscript/fileName/SpriteUtilityWindow.cs: 4827aafd0c4d893166845eac1266c4ed -> 
  custom:scripting/monoscript/fileName/SpriteFrameModuleBase.cs: 82472910b376b3c28a6f5b31b28f5f51 -> 
  custom:scripting/precompiled-assembly-types:Assembly-CSharp: 8c477c1a2a4d6aa6310bfaea186a1525 -> 17fd4233e2971542c9b4d9c5fc8a1fc5
  custom:scripting/monoscript/fileName/SpriteFrameModuleView.cs: f07011b3ec3622062bef733dc29fedf0 -> 
========================================================================
Received Prepare
Caller must complete domain reload
Begin MonoManager ReloadAssembly
- Loaded All Assemblies, in  0.472 seconds
Native extension for WindowsStandalone target not found
Mono: successfully reloaded assembly
- Finished resetting the current domain, in  1.058 seconds
Domain Reload Profiling: 1530ms
	BeginReloadAssembly (173ms)
		ExecutionOrderSort (0ms)
		DisableScriptedObjects (5ms)
		BackupInstance (0ms)
		ReleaseScriptingObjects (0ms)
		CreateAndSetChildDomain (29ms)
	RebuildCommonClasses (31ms)
	RebuildNativeTypeToScriptingClass (10ms)
	initialDomainReloadingComplete (26ms)
	LoadAllAssembliesAndSetupDomain (232ms)
		LoadAssemblies (328ms)
		RebuildTransferFunctionScriptingTraits (0ms)
		AnalyzeDomain (15ms)
			TypeCache.Refresh (7ms)
				TypeCache.ScanAssembly (0ms)
			ScanForSourceGeneratedMonoScriptInfo (0ms)
			ResolveRequiredComponents (6ms)
	FinalizeReload (1059ms)
		ReleaseScriptCaches (0ms)
		RebuildScriptCaches (0ms)
		SetupLoadedEditorAssemblies (573ms)
			LogAssemblyErrors (0ms)
			InitializePlatformSupportModulesInManaged (6ms)
			SetLoadedEditorAssemblies (6ms)
			RefreshPlugins (0ms)
			BeforeProcessingInitializeOnLoad (94ms)
			ProcessInitializeOnLoadAttributes (440ms)
			ProcessInitializeOnLoadMethodAttributes (23ms)
			AfterProcessingInitializeOnLoad (3ms)
			EditorAssembliesLoaded (0ms)
		ExecutionOrderSort2 (0ms)
		AwakeInstancesAfterBackupRestoration (7ms)
Refreshing native plugins compatible for Editor in 4.25 ms, found 3 plugins.
Preloading 0 native plugins for Editor in 0.00 ms.
Unloading 3578 Unused Serialized files (Serialized files now loaded: 0)
Unloading 14 unused Assets / (28.5 KB). Loaded Objects now: 4390.
Memory consumption went from 132.7 MB to 132.7 MB.
Total: 3.593300 ms (FindLiveObjects: 0.414900 ms CreateObjectMapping: 0.255600 ms MarkObjects: 2.882500 ms  DeleteObjects: 0.039200 ms)

Prepare: number of updated asset objects reloaded= 0
AssetImportParameters requested are different than current active one (requested -> active):
  custom:scripting/monoscript/fileName/RandomHitPlacer.cs: 0e520bb249608fd9a2ce5ff96c591009 -> 
  custom:container-demuxer-ogg: 62fdf1f143b41e24485cea50d1cbac27 -> 
  custom:scripting/monoscript/fileName/SpriteEditorWindow.cs: 1629bd700639d5abf7ee9c1a15128fda -> 
  custom:scripting/monoscript/fileName/SpriteRect.cs: 8da6d12a5fbd75a0eba31cfa62842428 -> 
  custom:scripting/monoscript/fileName/ISpriteEditorModule.cs: f35f8b8d39dcfd448fbbe9ea48566c2f -> 
  custom:video-decoder-ogg-theora: a1e56fd34408186e4bbccfd4996cb3dc -> 
  custom:scripting/monoscript/fileName/MenuItems.cs: 3ea3522373e3b4d2ef39113c39531efd -> 
  custom:scripting/monoscript/fileName/DefaultSpriteNameFileIdDataProvider.cs: cd965ed390b21ec0302c3211a9f903ff -> 
  custom:framework-win-MediaFoundation: 216162199b28c13a410421893ffa2e32 -> 
  custom:scripting/monoscript/fileName/PlayerInteract.cs: 73ffd8c360dbab24565d6c0e90133a24 -> 
  custom:scripting/monoscript/fileName/ShapeEditor.cs: 7eba0c642af179a392c34e527393b30b -> 
  custom:scripting/monoscript/fileName/SpritePolygonModeModule.cs: 8b4aa126b968b0772b9e20476364e690 -> 
  custom:scripting/precompiled-assembly-types:Unity.2D.Sprite.Editor: c80415e041d636416599f4ac20098905 -> 
  custom:scripting/monoscript/fileName/ItemCreationUtility.cs: d1c4ddba747ed633116f555c0d69ace7 -> 
  custom:CustomObjectIndexerAttribute: 9a22284fe3817be447336de3de66b15e -> 
  custom:scripting/monoscript/fileName/SpriteEditorHandles.cs: 8b78502b9b56b3c556563a6e935b52ad -> 
  custom:container-demuxer-webm: 4f35f7cbe854078d1ac9338744f61a02 -> 
  custom:scripting/monoscript/fileName/SpriteNameFileIdPair.cs: 8dab74045e538d5698ea3c4caed3e48c -> 
  custom:scripting/monoscript/fileName/IGL.cs: 8903f8a1304142ec1aefe33b7a4db28c -> 
  custom:scripting/monoscript/fileName/SpritePhysicsShapeModule.cs: 35688b9e178698712b557d50761dc7c2 -> 
  custom:scripting/monoscript/fileName/ITexture.cs: dbb4c87e1c028ce779185d5d3d566460 -> 
  custom:container-muxer-webm: aa71ff27fc2769a1b78a27578f13a17b -> 
  custom:scripting/monoscript/fileName/IEvent.cs: c25d501578d8ebe48d7b30415b0df4c5 -> 
  custom:video-decoder-webm-vp8: 9c59270c3fd7afecdb556c50c9e8de78 -> 
  custom:scripting/monoscript/fileName/SpriteOutlineModule.cs: 249fecf584323de7d2fd0b14e9a4944c -> 
  custom:SearchIndexIgnoredProperties: e643bd26f0fe6173181afceb89e7c659 -> 
  custom:AudioImporter_EditorPlatform: d09bf68614088b80899f8185d706f6e7 -> 
  custom:scripting/monoscript/fileName/SpriteEditorUtility.cs: 7e2d1f2cb427fd67c5461f9431375c3a -> 
  custom:scripting/monoscript/fileName/SpriteSecondaryTexturesModule.cs: 8f361de5bdfd731e220c415240ad033f -> 
  custom:scripting/monoscript/fileName/IGUIUtility.cs: cad79017f17454feb4e1799b1c42f87c -> 
  custom:scripting/monoscript/fileName/IHandles.cs: d2780a18a3844e49d490d68d5cb3d26a -> 
  custom:scripting/monoscript/fileName/TextureImporterDataProvider.cs: d68f5d5325387f4e38fdcf2610c72ce3 -> 
  custom:scripting/monoscript/fileName/SpriteEditorMenu.cs: f9042f312a91c162ede0d5de48225240 -> 
  custom:scripting/monoscript/fileName/ISpriteEditorDataProvider.cs: 4c01add71bf03a3e1afff21bbd534ee9 -> 
  custom:scripting/monoscript/fileName/IUndoSystem.cs: 841a069a843e48d57d362ca08bca21d4 -> 
  custom:scripting/monoscript/fileName/SpritePolygonModeModuleView.cs: db8ddbee5a89c636987047f4602001ef -> 
  custom:scripting/monoscript/fileName/SpriteEditorData.cs: 79e0d970ecf11ef3020398e38672548f -> 
  custom:video-encoder-webm-vp8: eb34c28f22e8b96e1ab97ce403110664 -> 
  custom:audio-decoder-ogg-vorbis: bf7c407c2cedff20999df2af8eb42d56 -> 
  custom:scripting/monoscript/fileName/SpriteEditorWindowSettings.cs: 8e59c26ada2085b3ebaa83fd01af70e3 -> 
  custom:scripting/monoscript/fileName/SpriteFrameModuleBaseView.cs: 72abaa53c3c1184e23d4d9a45f62d8c2 -> 
  custom:scripting/monoscript/fileName/IAssetDatabase.cs: c40b958675a6cd5b519fa6ca497fede4 -> 
  custom:scripting/monoscript/fileName/SpriteFrameModule.cs: f07011b3ec3622062bef733dc29fedf0 -> 
  custom:scripting/monoscript/fileName/ShapeEditorRectSelection.cs: 1696d724b33ef6168949bbdce78d19c6 -> 
  custom:scripting/monoscript/fileName/TextureImporterDataProviderImplementation.cs: ffb9fda6ca225aa106e9fa84455f4e60 -> 
  custom:audio-encoder-webm-vorbis: bf7c407c2cedff20999df2af8eb42d56 -> 
  custom:scripting/monoscript/fileName/SpriteUtilityWindow.cs: 4827aafd0c4d893166845eac1266c4ed -> 
  custom:scripting/monoscript/fileName/SpriteFrameModuleBase.cs: 82472910b376b3c28a6f5b31b28f5f51 -> 
  custom:scripting/precompiled-assembly-types:Assembly-CSharp: 8c477c1a2a4d6aa6310bfaea186a1525 -> 17fd4233e2971542c9b4d9c5fc8a1fc5
  custom:scripting/monoscript/fileName/SpriteFrameModuleView.cs: f07011b3ec3622062bef733dc29fedf0 -> 
========================================================================
Received Prepare
Caller must complete domain reload
Begin MonoManager ReloadAssembly
- Loaded All Assemblies, in  0.471 seconds
Native extension for WindowsStandalone target not found
Mono: successfully reloaded assembly
- Finished resetting the current domain, in  0.985 seconds
Domain Reload Profiling: 1456ms
	BeginReloadAssembly (162ms)
		ExecutionOrderSort (0ms)
		DisableScriptedObjects (5ms)
		BackupInstance (0ms)
		ReleaseScriptingObjects (0ms)
		CreateAndSetChildDomain (32ms)
	RebuildCommonClasses (31ms)
	RebuildNativeTypeToScriptingClass (10ms)
	initialDomainReloadingComplete (25ms)
	LoadAllAssembliesAndSetupDomain (243ms)
		LoadAssemblies (310ms)
		RebuildTransferFunctionScriptingTraits (0ms)
		AnalyzeDomain (30ms)
			TypeCache.Refresh (10ms)
				TypeCache.ScanAssembly (0ms)
			ScanForSourceGeneratedMonoScriptInfo (13ms)
			ResolveRequiredComponents (6ms)
	FinalizeReload (986ms)
		ReleaseScriptCaches (0ms)
		RebuildScriptCaches (0ms)
		SetupLoadedEditorAssemblies (524ms)
			LogAssemblyErrors (0ms)
			InitializePlatformSupportModulesInManaged (6ms)
			SetLoadedEditorAssemblies (6ms)
			RefreshPlugins (0ms)
			BeforeProcessingInitializeOnLoad (95ms)
			ProcessInitializeOnLoadAttributes (392ms)
			ProcessInitializeOnLoadMethodAttributes (21ms)
			AfterProcessingInitializeOnLoad (2ms)
			EditorAssembliesLoaded (0ms)
		ExecutionOrderSort2 (0ms)
		AwakeInstancesAfterBackupRestoration (7ms)
Refreshing native plugins compatible for Editor in 2.80 ms, found 3 plugins.
Preloading 0 native plugins for Editor in 0.00 ms.
Unloading 3578 Unused Serialized files (Serialized files now loaded: 0)
Unloading 14 unused Assets / (28.5 KB). Loaded Objects now: 4393.
Memory consumption went from 132.8 MB to 132.7 MB.
Total: 3.599600 ms (FindLiveObjects: 0.658900 ms CreateObjectMapping: 0.353300 ms MarkObjects: 2.551700 ms  DeleteObjects: 0.034500 ms)

Prepare: number of updated asset objects reloaded= 0
AssetImportParameters requested are different than current active one (requested -> active):
  custom:scripting/monoscript/fileName/RandomHitPlacer.cs: 0e520bb249608fd9a2ce5ff96c591009 -> 
  custom:container-demuxer-ogg: 62fdf1f143b41e24485cea50d1cbac27 -> 
  custom:scripting/monoscript/fileName/SpriteEditorWindow.cs: 1629bd700639d5abf7ee9c1a15128fda -> 
  custom:scripting/monoscript/fileName/SpriteRect.cs: 8da6d12a5fbd75a0eba31cfa62842428 -> 
  custom:scripting/monoscript/fileName/ISpriteEditorModule.cs: f35f8b8d39dcfd448fbbe9ea48566c2f -> 
  custom:video-decoder-ogg-theora: a1e56fd34408186e4bbccfd4996cb3dc -> 
  custom:scripting/monoscript/fileName/MenuItems.cs: 3ea3522373e3b4d2ef39113c39531efd -> 
  custom:scripting/monoscript/fileName/DefaultSpriteNameFileIdDataProvider.cs: cd965ed390b21ec0302c3211a9f903ff -> 
  custom:framework-win-MediaFoundation: 216162199b28c13a410421893ffa2e32 -> 
  custom:scripting/monoscript/fileName/PlayerInteract.cs: 73ffd8c360dbab24565d6c0e90133a24 -> 
  custom:scripting/monoscript/fileName/ShapeEditor.cs: 7eba0c642af179a392c34e527393b30b -> 
  custom:scripting/monoscript/fileName/SpritePolygonModeModule.cs: 8b4aa126b968b0772b9e20476364e690 -> 
  custom:scripting/precompiled-assembly-types:Unity.2D.Sprite.Editor: c80415e041d636416599f4ac20098905 -> 
  custom:scripting/monoscript/fileName/ItemCreationUtility.cs: d1c4ddba747ed633116f555c0d69ace7 -> 
  custom:CustomObjectIndexerAttribute: 9a22284fe3817be447336de3de66b15e -> 
  custom:scripting/monoscript/fileName/SpriteEditorHandles.cs: 8b78502b9b56b3c556563a6e935b52ad -> 
  custom:container-demuxer-webm: 4f35f7cbe854078d1ac9338744f61a02 -> 
  custom:scripting/monoscript/fileName/SpriteNameFileIdPair.cs: 8dab74045e538d5698ea3c4caed3e48c -> 
  custom:scripting/monoscript/fileName/IGL.cs: 8903f8a1304142ec1aefe33b7a4db28c -> 
  custom:scripting/monoscript/fileName/SpritePhysicsShapeModule.cs: 35688b9e178698712b557d50761dc7c2 -> 
  custom:scripting/monoscript/fileName/ITexture.cs: dbb4c87e1c028ce779185d5d3d566460 -> 
  custom:container-muxer-webm: aa71ff27fc2769a1b78a27578f13a17b -> 
  custom:scripting/monoscript/fileName/IEvent.cs: c25d501578d8ebe48d7b30415b0df4c5 -> 
  custom:video-decoder-webm-vp8: 9c59270c3fd7afecdb556c50c9e8de78 -> 
  custom:scripting/monoscript/fileName/SpriteOutlineModule.cs: 249fecf584323de7d2fd0b14e9a4944c -> 
  custom:SearchIndexIgnoredProperties: e643bd26f0fe6173181afceb89e7c659 -> 
  custom:AudioImporter_EditorPlatform: d09bf68614088b80899f8185d706f6e7 -> 
  custom:scripting/monoscript/fileName/SpriteEditorUtility.cs: 7e2d1f2cb427fd67c5461f9431375c3a -> 
  custom:scripting/monoscript/fileName/SpriteSecondaryTexturesModule.cs: 8f361de5bdfd731e220c415240ad033f -> 
  custom:scripting/monoscript/fileName/IGUIUtility.cs: cad79017f17454feb4e1799b1c42f87c -> 
  custom:scripting/monoscript/fileName/IHandles.cs: d2780a18a3844e49d490d68d5cb3d26a -> 
  custom:scripting/monoscript/fileName/TextureImporterDataProvider.cs: d68f5d5325387f4e38fdcf2610c72ce3 -> 
  custom:scripting/monoscript/fileName/SpriteEditorMenu.cs: f9042f312a91c162ede0d5de48225240 -> 
  custom:scripting/monoscript/fileName/ISpriteEditorDataProvider.cs: 4c01add71bf03a3e1afff21bbd534ee9 -> 
  custom:scripting/monoscript/fileName/IUndoSystem.cs: 841a069a843e48d57d362ca08bca21d4 -> 
  custom:scripting/monoscript/fileName/SpritePolygonModeModuleView.cs: db8ddbee5a89c636987047f4602001ef -> 
  custom:scripting/monoscript/fileName/SpriteEditorData.cs: 79e0d970ecf11ef3020398e38672548f -> 
  custom:video-encoder-webm-vp8: eb34c28f22e8b96e1ab97ce403110664 -> 
  custom:audio-decoder-ogg-vorbis: bf7c407c2cedff20999df2af8eb42d56 -> 
  custom:scripting/monoscript/fileName/SpriteEditorWindowSettings.cs: 8e59c26ada2085b3ebaa83fd01af70e3 -> 
  custom:scripting/monoscript/fileName/SpriteFrameModuleBaseView.cs: 72abaa53c3c1184e23d4d9a45f62d8c2 -> 
  custom:scripting/monoscript/fileName/IAssetDatabase.cs: c40b958675a6cd5b519fa6ca497fede4 -> 
  custom:scripting/monoscript/fileName/SpriteFrameModule.cs: f07011b3ec3622062bef733dc29fedf0 -> 
  custom:scripting/monoscript/fileName/ShapeEditorRectSelection.cs: 1696d724b33ef6168949bbdce78d19c6 -> 
  custom:scripting/monoscript/fileName/TextureImporterDataProviderImplementation.cs: ffb9fda6ca225aa106e9fa84455f4e60 -> 
  custom:audio-encoder-webm-vorbis: bf7c407c2cedff20999df2af8eb42d56 -> 
  custom:scripting/monoscript/fileName/SpriteUtilityWindow.cs: 4827aafd0c4d893166845eac1266c4ed -> 
  custom:scripting/monoscript/fileName/SpriteFrameModuleBase.cs: 82472910b376b3c28a6f5b31b28f5f51 -> 
  custom:scripting/precompiled-assembly-types:Assembly-CSharp: 8c477c1a2a4d6aa6310bfaea186a1525 -> 17fd4233e2971542c9b4d9c5fc8a1fc5
  custom:scripting/monoscript/fileName/SpriteFrameModuleView.cs: f07011b3ec3622062bef733dc29fedf0 -> 
========================================================================
Received Prepare
Caller must complete domain reload
Begin MonoManager ReloadAssembly
- Loaded All Assemblies, in  0.458 seconds
Native extension for WindowsStandalone target not found
Mono: successfully reloaded assembly
- Finished resetting the current domain, in  1.029 seconds
Domain Reload Profiling: 1487ms
	BeginReloadAssembly (172ms)
		ExecutionOrderSort (0ms)
		DisableScriptedObjects (5ms)
		BackupInstance (0ms)
		ReleaseScriptingObjects (0ms)
		CreateAndSetChildDomain (36ms)
	RebuildCommonClasses (30ms)
	RebuildNativeTypeToScriptingClass (10ms)
	initialDomainReloadingComplete (24ms)
	LoadAllAssembliesAndSetupDomain (221ms)
		LoadAssemblies (308ms)
		RebuildTransferFunctionScriptingTraits (0ms)
		AnalyzeDomain (15ms)
			TypeCache.Refresh (8ms)
				TypeCache.ScanAssembly (0ms)
			ScanForSourceGeneratedMonoScriptInfo (0ms)
			ResolveRequiredComponents (6ms)
	FinalizeReload (1029ms)
		ReleaseScriptCaches (0ms)
		RebuildScriptCaches (0ms)
		SetupLoadedEditorAssemblies (577ms)
			LogAssemblyErrors (0ms)
			InitializePlatformSupportModulesInManaged (7ms)
			SetLoadedEditorAssemblies (6ms)
			RefreshPlugins (0ms)
			BeforeProcessingInitializeOnLoad (95ms)
			ProcessInitializeOnLoadAttributes (442ms)
			ProcessInitializeOnLoadMethodAttributes (23ms)
			AfterProcessingInitializeOnLoad (3ms)
			EditorAssembliesLoaded (0ms)
		ExecutionOrderSort2 (0ms)
		AwakeInstancesAfterBackupRestoration (7ms)
Refreshing native plugins compatible for Editor in 3.23 ms, found 3 plugins.
Preloading 0 native plugins for Editor in 0.00 ms.
Unloading 3578 Unused Serialized files (Serialized files now loaded: 0)
Unloading 14 unused Assets / (28.5 KB). Loaded Objects now: 4396.
Memory consumption went from 132.8 MB to 132.7 MB.
Total: 3.279000 ms (FindLiveObjects: 0.431100 ms CreateObjectMapping: 0.310600 ms MarkObjects: 2.489600 ms  DeleteObjects: 0.046800 ms)

Prepare: number of updated asset objects reloaded= 0
AssetImportParameters requested are different than current active one (requested -> active):
  custom:scripting/monoscript/fileName/RandomHitPlacer.cs: 0e520bb249608fd9a2ce5ff96c591009 -> 
  custom:container-demuxer-ogg: 62fdf1f143b41e24485cea50d1cbac27 -> 
  custom:scripting/monoscript/fileName/SpriteEditorWindow.cs: 1629bd700639d5abf7ee9c1a15128fda -> 
  custom:scripting/monoscript/fileName/SpriteRect.cs: 8da6d12a5fbd75a0eba31cfa62842428 -> 
  custom:scripting/monoscript/fileName/ISpriteEditorModule.cs: f35f8b8d39dcfd448fbbe9ea48566c2f -> 
  custom:video-decoder-ogg-theora: a1e56fd34408186e4bbccfd4996cb3dc -> 
  custom:scripting/monoscript/fileName/MenuItems.cs: 3ea3522373e3b4d2ef39113c39531efd -> 
  custom:scripting/monoscript/fileName/DefaultSpriteNameFileIdDataProvider.cs: cd965ed390b21ec0302c3211a9f903ff -> 
  custom:framework-win-MediaFoundation: 216162199b28c13a410421893ffa2e32 -> 
  custom:scripting/monoscript/fileName/PlayerInteract.cs: 73ffd8c360dbab24565d6c0e90133a24 -> 
  custom:scripting/monoscript/fileName/ShapeEditor.cs: 7eba0c642af179a392c34e527393b30b -> 
  custom:scripting/monoscript/fileName/SpritePolygonModeModule.cs: 8b4aa126b968b0772b9e20476364e690 -> 
  custom:scripting/precompiled-assembly-types:Unity.2D.Sprite.Editor: c80415e041d636416599f4ac20098905 -> 
  custom:scripting/monoscript/fileName/ItemCreationUtility.cs: d1c4ddba747ed633116f555c0d69ace7 -> 
  custom:CustomObjectIndexerAttribute: 9a22284fe3817be447336de3de66b15e -> 
  custom:scripting/monoscript/fileName/SpriteEditorHandles.cs: 8b78502b9b56b3c556563a6e935b52ad -> 
  custom:container-demuxer-webm: 4f35f7cbe854078d1ac9338744f61a02 -> 
  custom:scripting/monoscript/fileName/SpriteNameFileIdPair.cs: 8dab74045e538d5698ea3c4caed3e48c -> 
  custom:scripting/monoscript/fileName/IGL.cs: 8903f8a1304142ec1aefe33b7a4db28c -> 
  custom:scripting/monoscript/fileName/SpritePhysicsShapeModule.cs: 35688b9e178698712b557d50761dc7c2 -> 
  custom:scripting/monoscript/fileName/ITexture.cs: dbb4c87e1c028ce779185d5d3d566460 -> 
  custom:container-muxer-webm: aa71ff27fc2769a1b78a27578f13a17b -> 
  custom:scripting/monoscript/fileName/IEvent.cs: c25d501578d8ebe48d7b30415b0df4c5 -> 
  custom:video-decoder-webm-vp8: 9c59270c3fd7afecdb556c50c9e8de78 -> 
  custom:scripting/monoscript/fileName/SpriteOutlineModule.cs: 249fecf584323de7d2fd0b14e9a4944c -> 
  custom:SearchIndexIgnoredProperties: e643bd26f0fe6173181afceb89e7c659 -> 
  custom:AudioImporter_EditorPlatform: d09bf68614088b80899f8185d706f6e7 -> 
  custom:scripting/monoscript/fileName/SpriteEditorUtility.cs: 7e2d1f2cb427fd67c5461f9431375c3a -> 
  custom:scripting/monoscript/fileName/SpriteSecondaryTexturesModule.cs: 8f361de5bdfd731e220c415240ad033f -> 
  custom:scripting/monoscript/fileName/IGUIUtility.cs: cad79017f17454feb4e1799b1c42f87c -> 
  custom:scripting/monoscript/fileName/IHandles.cs: d2780a18a3844e49d490d68d5cb3d26a -> 
  custom:scripting/monoscript/fileName/TextureImporterDataProvider.cs: d68f5d5325387f4e38fdcf2610c72ce3 -> 
  custom:scripting/monoscript/fileName/SpriteEditorMenu.cs: f9042f312a91c162ede0d5de48225240 -> 
  custom:scripting/monoscript/fileName/ISpriteEditorDataProvider.cs: 4c01add71bf03a3e1afff21bbd534ee9 -> 
  custom:scripting/monoscript/fileName/IUndoSystem.cs: 841a069a843e48d57d362ca08bca21d4 -> 
  custom:scripting/monoscript/fileName/SpritePolygonModeModuleView.cs: db8ddbee5a89c636987047f4602001ef -> 
  custom:scripting/monoscript/fileName/SpriteEditorData.cs: 79e0d970ecf11ef3020398e38672548f -> 
  custom:video-encoder-webm-vp8: eb34c28f22e8b96e1ab97ce403110664 -> 
  custom:audio-decoder-ogg-vorbis: bf7c407c2cedff20999df2af8eb42d56 -> 
  custom:scripting/monoscript/fileName/SpriteEditorWindowSettings.cs: 8e59c26ada2085b3ebaa83fd01af70e3 -> 
  custom:scripting/monoscript/fileName/SpriteFrameModuleBaseView.cs: 72abaa53c3c1184e23d4d9a45f62d8c2 -> 
  custom:scripting/monoscript/fileName/IAssetDatabase.cs: c40b958675a6cd5b519fa6ca497fede4 -> 
  custom:scripting/monoscript/fileName/SpriteFrameModule.cs: f07011b3ec3622062bef733dc29fedf0 -> 
  custom:scripting/monoscript/fileName/ShapeEditorRectSelection.cs: 1696d724b33ef6168949bbdce78d19c6 -> 
  custom:scripting/monoscript/fileName/TextureImporterDataProviderImplementation.cs: ffb9fda6ca225aa106e9fa84455f4e60 -> 
  custom:audio-encoder-webm-vorbis: bf7c407c2cedff20999df2af8eb42d56 -> 
  custom:scripting/monoscript/fileName/SpriteUtilityWindow.cs: 4827aafd0c4d893166845eac1266c4ed -> 
  custom:scripting/monoscript/fileName/SpriteFrameModuleBase.cs: 82472910b376b3c28a6f5b31b28f5f51 -> 
  custom:scripting/precompiled-assembly-types:Assembly-CSharp: 8c477c1a2a4d6aa6310bfaea186a1525 -> 17fd4233e2971542c9b4d9c5fc8a1fc5
  custom:scripting/monoscript/fileName/SpriteFrameModuleView.cs: f07011b3ec3622062bef733dc29fedf0 -> 
========================================================================
Received Prepare
Caller must complete domain reload
Begin MonoManager ReloadAssembly
- Loaded All Assemblies, in  0.453 seconds
Native extension for WindowsStandalone target not found
Mono: successfully reloaded assembly
- Finished resetting the current domain, in  0.948 seconds
Domain Reload Profiling: 1401ms
	BeginReloadAssembly (159ms)
		ExecutionOrderSort (0ms)
		DisableScriptedObjects (5ms)
		BackupInstance (0ms)
		ReleaseScriptingObjects (0ms)
		CreateAndSetChildDomain (30ms)
	RebuildCommonClasses (30ms)
	RebuildNativeTypeToScriptingClass (10ms)
	initialDomainReloadingComplete (24ms)
	LoadAllAssembliesAndSetupDomain (229ms)
		LoadAssemblies (295ms)
		RebuildTransferFunctionScriptingTraits (0ms)
		AnalyzeDomain (28ms)
			TypeCache.Refresh (9ms)
				TypeCache.ScanAssembly (0ms)
			ScanForSourceGeneratedMonoScriptInfo (12ms)
			ResolveRequiredComponents (5ms)
	FinalizeReload (949ms)
		ReleaseScriptCaches (0ms)
		RebuildScriptCaches (0ms)
		SetupLoadedEditorAssemblies (507ms)
			LogAssemblyErrors (0ms)
			InitializePlatformSupportModulesInManaged (5ms)
			SetLoadedEditorAssemblies (5ms)
			RefreshPlugins (0ms)
			BeforeProcessingInitializeOnLoad (86ms)
			ProcessInitializeOnLoadAttributes (387ms)
			ProcessInitializeOnLoadMethodAttributes (20ms)
			AfterProcessingInitializeOnLoad (2ms)
			EditorAssembliesLoaded (0ms)
		ExecutionOrderSort2 (0ms)
		AwakeInstancesAfterBackupRestoration (5ms)
Refreshing native plugins compatible for Editor in 2.72 ms, found 3 plugins.
Preloading 0 native plugins for Editor in 0.00 ms.
Unloading 3578 Unused Serialized files (Serialized files now loaded: 0)
Unloading 14 unused Assets / (28.5 KB). Loaded Objects now: 4399.
Memory consumption went from 132.8 MB to 132.7 MB.
Total: 3.656300 ms (FindLiveObjects: 0.394600 ms CreateObjectMapping: 0.572100 ms MarkObjects: 2.646200 ms  DeleteObjects: 0.042500 ms)

Prepare: number of updated asset objects reloaded= 0
AssetImportParameters requested are different than current active one (requested -> active):
  custom:scripting/monoscript/fileName/RandomHitPlacer.cs: 0e520bb249608fd9a2ce5ff96c591009 -> 
  custom:container-demuxer-ogg: 62fdf1f143b41e24485cea50d1cbac27 -> 
  custom:scripting/monoscript/fileName/SpriteEditorWindow.cs: 1629bd700639d5abf7ee9c1a15128fda -> 
  custom:scripting/monoscript/fileName/SpriteRect.cs: 8da6d12a5fbd75a0eba31cfa62842428 -> 
  custom:scripting/monoscript/fileName/ISpriteEditorModule.cs: f35f8b8d39dcfd448fbbe9ea48566c2f -> 
  custom:video-decoder-ogg-theora: a1e56fd34408186e4bbccfd4996cb3dc -> 
  custom:scripting/monoscript/fileName/MenuItems.cs: 3ea3522373e3b4d2ef39113c39531efd -> 
  custom:scripting/monoscript/fileName/DefaultSpriteNameFileIdDataProvider.cs: cd965ed390b21ec0302c3211a9f903ff -> 
  custom:framework-win-MediaFoundation: 216162199b28c13a410421893ffa2e32 -> 
  custom:scripting/monoscript/fileName/PlayerInteract.cs: 73ffd8c360dbab24565d6c0e90133a24 -> 
  custom:scripting/monoscript/fileName/ShapeEditor.cs: 7eba0c642af179a392c34e527393b30b -> 
  custom:scripting/monoscript/fileName/SpritePolygonModeModule.cs: 8b4aa126b968b0772b9e20476364e690 -> 
  custom:scripting/precompiled-assembly-types:Unity.2D.Sprite.Editor: c80415e041d636416599f4ac20098905 -> 
  custom:scripting/monoscript/fileName/ItemCreationUtility.cs: d1c4ddba747ed633116f555c0d69ace7 -> 
  custom:CustomObjectIndexerAttribute: 9a22284fe3817be447336de3de66b15e -> 
  custom:scripting/monoscript/fileName/SpriteEditorHandles.cs: 8b78502b9b56b3c556563a6e935b52ad -> 
  custom:container-demuxer-webm: 4f35f7cbe854078d1ac9338744f61a02 -> 
  custom:scripting/monoscript/fileName/SpriteNameFileIdPair.cs: 8dab74045e538d5698ea3c4caed3e48c -> 
  custom:scripting/monoscript/fileName/IGL.cs: 8903f8a1304142ec1aefe33b7a4db28c -> 
  custom:scripting/monoscript/fileName/SpritePhysicsShapeModule.cs: 35688b9e178698712b557d50761dc7c2 -> 
  custom:scripting/monoscript/fileName/ITexture.cs: dbb4c87e1c028ce779185d5d3d566460 -> 
  custom:container-muxer-webm: aa71ff27fc2769a1b78a27578f13a17b -> 
  custom:scripting/monoscript/fileName/IEvent.cs: c25d501578d8ebe48d7b30415b0df4c5 -> 
  custom:video-decoder-webm-vp8: 9c59270c3fd7afecdb556c50c9e8de78 -> 
  custom:scripting/monoscript/fileName/SpriteOutlineModule.cs: 249fecf584323de7d2fd0b14e9a4944c -> 
  custom:SearchIndexIgnoredProperties: e643bd26f0fe6173181afceb89e7c659 -> 
  custom:AudioImporter_EditorPlatform: d09bf68614088b80899f8185d706f6e7 -> 
  custom:scripting/monoscript/fileName/SpriteEditorUtility.cs: 7e2d1f2cb427fd67c5461f9431375c3a -> 
  custom:scripting/monoscript/fileName/SpriteSecondaryTexturesModule.cs: 8f361de5bdfd731e220c415240ad033f -> 
  custom:scripting/monoscript/fileName/IGUIUtility.cs: cad79017f17454feb4e1799b1c42f87c -> 
  custom:scripting/monoscript/fileName/IHandles.cs: d2780a18a3844e49d490d68d5cb3d26a -> 
  custom:scripting/monoscript/fileName/TextureImporterDataProvider.cs: d68f5d5325387f4e38fdcf2610c72ce3 -> 
  custom:scripting/monoscript/fileName/SpriteEditorMenu.cs: f9042f312a91c162ede0d5de48225240 -> 
  custom:scripting/monoscript/fileName/ISpriteEditorDataProvider.cs: 4c01add71bf03a3e1afff21bbd534ee9 -> 
  custom:scripting/monoscript/fileName/IUndoSystem.cs: 841a069a843e48d57d362ca08bca21d4 -> 
  custom:scripting/monoscript/fileName/SpritePolygonModeModuleView.cs: db8ddbee5a89c636987047f4602001ef -> 
  custom:scripting/monoscript/fileName/SpriteEditorData.cs: 79e0d970ecf11ef3020398e38672548f -> 
  custom:video-encoder-webm-vp8: eb34c28f22e8b96e1ab97ce403110664 -> 
  custom:audio-decoder-ogg-vorbis: bf7c407c2cedff20999df2af8eb42d56 -> 
  custom:scripting/monoscript/fileName/SpriteEditorWindowSettings.cs: 8e59c26ada2085b3ebaa83fd01af70e3 -> 
  custom:scripting/monoscript/fileName/SpriteFrameModuleBaseView.cs: 72abaa53c3c1184e23d4d9a45f62d8c2 -> 
  custom:scripting/monoscript/fileName/IAssetDatabase.cs: c40b958675a6cd5b519fa6ca497fede4 -> 
  custom:scripting/monoscript/fileName/SpriteFrameModule.cs: f07011b3ec3622062bef733dc29fedf0 -> 
  custom:scripting/monoscript/fileName/ShapeEditorRectSelection.cs: 1696d724b33ef6168949bbdce78d19c6 -> 
  custom:scripting/monoscript/fileName/TextureImporterDataProviderImplementation.cs: ffb9fda6ca225aa106e9fa84455f4e60 -> 
  custom:audio-encoder-webm-vorbis: bf7c407c2cedff20999df2af8eb42d56 -> 
  custom:scripting/monoscript/fileName/SpriteUtilityWindow.cs: 4827aafd0c4d893166845eac1266c4ed -> 
  custom:scripting/monoscript/fileName/SpriteFrameModuleBase.cs: 82472910b376b3c28a6f5b31b28f5f51 -> 
  custom:scripting/precompiled-assembly-types:Assembly-CSharp: 8c477c1a2a4d6aa6310bfaea186a1525 -> 17fd4233e2971542c9b4d9c5fc8a1fc5
  custom:scripting/monoscript/fileName/SpriteFrameModuleView.cs: f07011b3ec3622062bef733dc29fedf0 -> 
========================================================================
Received Prepare
Caller must complete domain reload
Begin MonoManager ReloadAssembly
- Loaded All Assemblies, in  0.464 seconds
Native extension for WindowsStandalone target not found
Mono: successfully reloaded assembly
- Finished resetting the current domain, in  1.026 seconds
Domain Reload Profiling: 1490ms
	BeginReloadAssembly (163ms)
		ExecutionOrderSort (0ms)
		DisableScriptedObjects (5ms)
		BackupInstance (0ms)
		ReleaseScriptingObjects (0ms)
		CreateAndSetChildDomain (32ms)
	RebuildCommonClasses (30ms)
	RebuildNativeTypeToScriptingClass (10ms)
	initialDomainReloadingComplete (25ms)
	LoadAllAssembliesAndSetupDomain (235ms)
		LoadAssemblies (318ms)
		RebuildTransferFunctionScriptingTraits (0ms)
		AnalyzeDomain (15ms)
			TypeCache.Refresh (7ms)
				TypeCache.ScanAssembly (0ms)
			ScanForSourceGeneratedMonoScriptInfo (0ms)
			ResolveRequiredComponents (5ms)
	FinalizeReload (1026ms)
		ReleaseScriptCaches (0ms)
		RebuildScriptCaches (0ms)
		SetupLoadedEditorAssemblies (571ms)
			LogAssemblyErrors (0ms)
			InitializePlatformSupportModulesInManaged (6ms)
			SetLoadedEditorAssemblies (6ms)
			RefreshPlugins (0ms)
			BeforeProcessingInitializeOnLoad (95ms)
			ProcessInitializeOnLoadAttributes (437ms)
			ProcessInitializeOnLoadMethodAttributes (24ms)
			AfterProcessingInitializeOnLoad (3ms)
			EditorAssembliesLoaded (0ms)
		ExecutionOrderSort2 (0ms)
		AwakeInstancesAfterBackupRestoration (7ms)
Refreshing native plugins compatible for Editor in 3.12 ms, found 3 plugins.
Preloading 0 native plugins for Editor in 0.00 ms.
Unloading 3578 Unused Serialized files (Serialized files now loaded: 0)
Unloading 14 unused Assets / (28.5 KB). Loaded Objects now: 4402.
Memory consumption went from 132.8 MB to 132.7 MB.
Total: 3.184700 ms (FindLiveObjects: 0.327300 ms CreateObjectMapping: 0.194700 ms MarkObjects: 2.624500 ms  DeleteObjects: 0.037500 ms)

Prepare: number of updated asset objects reloaded= 0
AssetImportParameters requested are different than current active one (requested -> active):
  custom:scripting/monoscript/fileName/RandomHitPlacer.cs: 0e520bb249608fd9a2ce5ff96c591009 -> 
  custom:container-demuxer-ogg: 62fdf1f143b41e24485cea50d1cbac27 -> 
  custom:scripting/monoscript/fileName/SpriteEditorWindow.cs: 1629bd700639d5abf7ee9c1a15128fda -> 
  custom:scripting/monoscript/fileName/SpriteRect.cs: 8da6d12a5fbd75a0eba31cfa62842428 -> 
  custom:scripting/monoscript/fileName/ISpriteEditorModule.cs: f35f8b8d39dcfd448fbbe9ea48566c2f -> 
  custom:video-decoder-ogg-theora: a1e56fd34408186e4bbccfd4996cb3dc -> 
  custom:scripting/monoscript/fileName/MenuItems.cs: 3ea3522373e3b4d2ef39113c39531efd -> 
  custom:scripting/monoscript/fileName/DefaultSpriteNameFileIdDataProvider.cs: cd965ed390b21ec0302c3211a9f903ff -> 
  custom:framework-win-MediaFoundation: 216162199b28c13a410421893ffa2e32 -> 
  custom:scripting/monoscript/fileName/PlayerInteract.cs: 73ffd8c360dbab24565d6c0e90133a24 -> 
  custom:scripting/monoscript/fileName/ShapeEditor.cs: 7eba0c642af179a392c34e527393b30b -> 
  custom:scripting/monoscript/fileName/SpritePolygonModeModule.cs: 8b4aa126b968b0772b9e20476364e690 -> 
  custom:scripting/precompiled-assembly-types:Unity.2D.Sprite.Editor: c80415e041d636416599f4ac20098905 -> 
  custom:scripting/monoscript/fileName/ItemCreationUtility.cs: d1c4ddba747ed633116f555c0d69ace7 -> 
  custom:CustomObjectIndexerAttribute: 9a22284fe3817be447336de3de66b15e -> 
  custom:scripting/monoscript/fileName/SpriteEditorHandles.cs: 8b78502b9b56b3c556563a6e935b52ad -> 
  custom:container-demuxer-webm: 4f35f7cbe854078d1ac9338744f61a02 -> 
  custom:scripting/monoscript/fileName/SpriteNameFileIdPair.cs: 8dab74045e538d5698ea3c4caed3e48c -> 
  custom:scripting/monoscript/fileName/IGL.cs: 8903f8a1304142ec1aefe33b7a4db28c -> 
  custom:scripting/monoscript/fileName/SpritePhysicsShapeModule.cs: 35688b9e178698712b557d50761dc7c2 -> 
  custom:scripting/monoscript/fileName/ITexture.cs: dbb4c87e1c028ce779185d5d3d566460 -> 
  custom:container-muxer-webm: aa71ff27fc2769a1b78a27578f13a17b -> 
  custom:scripting/monoscript/fileName/IEvent.cs: c25d501578d8ebe48d7b30415b0df4c5 -> 
  custom:video-decoder-webm-vp8: 9c59270c3fd7afecdb556c50c9e8de78 -> 
  custom:scripting/monoscript/fileName/SpriteOutlineModule.cs: 249fecf584323de7d2fd0b14e9a4944c -> 
  custom:SearchIndexIgnoredProperties: e643bd26f0fe6173181afceb89e7c659 -> 
  custom:AudioImporter_EditorPlatform: d09bf68614088b80899f8185d706f6e7 -> 
  custom:scripting/monoscript/fileName/SpriteEditorUtility.cs: 7e2d1f2cb427fd67c5461f9431375c3a -> 
  custom:scripting/monoscript/fileName/SpriteSecondaryTexturesModule.cs: 8f361de5bdfd731e220c415240ad033f -> 
  custom:scripting/monoscript/fileName/IGUIUtility.cs: cad79017f17454feb4e1799b1c42f87c -> 
  custom:scripting/monoscript/fileName/IHandles.cs: d2780a18a3844e49d490d68d5cb3d26a -> 
  custom:scripting/monoscript/fileName/TextureImporterDataProvider.cs: d68f5d5325387f4e38fdcf2610c72ce3 -> 
  custom:scripting/monoscript/fileName/SpriteEditorMenu.cs: f9042f312a91c162ede0d5de48225240 -> 
  custom:scripting/monoscript/fileName/ISpriteEditorDataProvider.cs: 4c01add71bf03a3e1afff21bbd534ee9 -> 
  custom:scripting/monoscript/fileName/IUndoSystem.cs: 841a069a843e48d57d362ca08bca21d4 -> 
  custom:scripting/monoscript/fileName/SpritePolygonModeModuleView.cs: db8ddbee5a89c636987047f4602001ef -> 
  custom:scripting/monoscript/fileName/SpriteEditorData.cs: 79e0d970ecf11ef3020398e38672548f -> 
  custom:video-encoder-webm-vp8: eb34c28f22e8b96e1ab97ce403110664 -> 
  custom:audio-decoder-ogg-vorbis: bf7c407c2cedff20999df2af8eb42d56 -> 
  custom:scripting/monoscript/fileName/SpriteEditorWindowSettings.cs: 8e59c26ada2085b3ebaa83fd01af70e3 -> 
  custom:scripting/monoscript/fileName/SpriteFrameModuleBaseView.cs: 72abaa53c3c1184e23d4d9a45f62d8c2 -> 
  custom:scripting/monoscript/fileName/IAssetDatabase.cs: c40b958675a6cd5b519fa6ca497fede4 -> 
  custom:scripting/monoscript/fileName/SpriteFrameModule.cs: f07011b3ec3622062bef733dc29fedf0 -> 
  custom:scripting/monoscript/fileName/ShapeEditorRectSelection.cs: 1696d724b33ef6168949bbdce78d19c6 -> 
  custom:scripting/monoscript/fileName/TextureImporterDataProviderImplementation.cs: ffb9fda6ca225aa106e9fa84455f4e60 -> 
  custom:audio-encoder-webm-vorbis: bf7c407c2cedff20999df2af8eb42d56 -> 
  custom:scripting/monoscript/fileName/SpriteUtilityWindow.cs: 4827aafd0c4d893166845eac1266c4ed -> 
  custom:scripting/monoscript/fileName/SpriteFrameModuleBase.cs: 82472910b376b3c28a6f5b31b28f5f51 -> 
  custom:scripting/precompiled-assembly-types:Assembly-CSharp: 8c477c1a2a4d6aa6310bfaea186a1525 -> 17fd4233e2971542c9b4d9c5fc8a1fc5
  custom:scripting/monoscript/fileName/SpriteFrameModuleView.cs: f07011b3ec3622062bef733dc29fedf0 -> 
========================================================================
Received Prepare
Caller must complete domain reload
Begin MonoManager ReloadAssembly
- Loaded All Assemblies, in  0.480 seconds
Native extension for WindowsStandalone target not found
Mono: successfully reloaded assembly
- Finished resetting the current domain, in  0.965 seconds
Domain Reload Profiling: 1445ms
	BeginReloadAssembly (170ms)
		ExecutionOrderSort (0ms)
		DisableScriptedObjects (5ms)
		BackupInstance (0ms)
		ReleaseScriptingObjects (0ms)
		CreateAndSetChildDomain (37ms)
	RebuildCommonClasses (31ms)
	RebuildNativeTypeToScriptingClass (11ms)
	initialDomainReloadingComplete (25ms)
	LoadAllAssembliesAndSetupDomain (244ms)
		LoadAssemblies (308ms)
		RebuildTransferFunctionScriptingTraits (0ms)
		AnalyzeDomain (32ms)
			TypeCache.Refresh (12ms)
				TypeCache.ScanAssembly (0ms)
			ScanForSourceGeneratedMonoScriptInfo (13ms)
			ResolveRequiredComponents (6ms)
	FinalizeReload (966ms)
		ReleaseScriptCaches (0ms)
		RebuildScriptCaches (0ms)
		SetupLoadedEditorAssemblies (510ms)
			LogAssemblyErrors (0ms)
			InitializePlatformSupportModulesInManaged (5ms)
			SetLoadedEditorAssemblies (5ms)
			RefreshPlugins (0ms)
			BeforeProcessingInitializeOnLoad (87ms)
			ProcessInitializeOnLoadAttributes (390ms)
			ProcessInitializeOnLoadMethodAttributes (20ms)
			AfterProcessingInitializeOnLoad (3ms)
			EditorAssembliesLoaded (0ms)
		ExecutionOrderSort2 (0ms)
		AwakeInstancesAfterBackupRestoration (5ms)
Refreshing native plugins compatible for Editor in 2.42 ms, found 3 plugins.
Preloading 0 native plugins for Editor in 0.00 ms.
Unloading 3578 Unused Serialized files (Serialized files now loaded: 0)
Unloading 14 unused Assets / (28.5 KB). Loaded Objects now: 4405.
Memory consumption went from 132.8 MB to 132.7 MB.
Total: 2.926900 ms (FindLiveObjects: 0.300400 ms CreateObjectMapping: 0.193200 ms MarkObjects: 2.399100 ms  DeleteObjects: 0.033700 ms)

Prepare: number of updated asset objects reloaded= 0
AssetImportParameters requested are different than current active one (requested -> active):
  custom:scripting/monoscript/fileName/RandomHitPlacer.cs: 0e520bb249608fd9a2ce5ff96c591009 -> 
  custom:container-demuxer-ogg: 62fdf1f143b41e24485cea50d1cbac27 -> 
  custom:scripting/monoscript/fileName/SpriteEditorWindow.cs: 1629bd700639d5abf7ee9c1a15128fda -> 
  custom:scripting/monoscript/fileName/SpriteRect.cs: 8da6d12a5fbd75a0eba31cfa62842428 -> 
  custom:scripting/monoscript/fileName/ISpriteEditorModule.cs: f35f8b8d39dcfd448fbbe9ea48566c2f -> 
  custom:video-decoder-ogg-theora: a1e56fd34408186e4bbccfd4996cb3dc -> 
  custom:scripting/monoscript/fileName/MenuItems.cs: 3ea3522373e3b4d2ef39113c39531efd -> 
  custom:scripting/monoscript/fileName/DefaultSpriteNameFileIdDataProvider.cs: cd965ed390b21ec0302c3211a9f903ff -> 
  custom:framework-win-MediaFoundation: 216162199b28c13a410421893ffa2e32 -> 
  custom:scripting/monoscript/fileName/PlayerInteract.cs: 73ffd8c360dbab24565d6c0e90133a24 -> 
  custom:scripting/monoscript/fileName/ShapeEditor.cs: 7eba0c642af179a392c34e527393b30b -> 
  custom:scripting/monoscript/fileName/SpritePolygonModeModule.cs: 8b4aa126b968b0772b9e20476364e690 -> 
  custom:scripting/precompiled-assembly-types:Unity.2D.Sprite.Editor: c80415e041d636416599f4ac20098905 -> 
  custom:scripting/monoscript/fileName/ItemCreationUtility.cs: d1c4ddba747ed633116f555c0d69ace7 -> 
  custom:CustomObjectIndexerAttribute: 9a22284fe3817be447336de3de66b15e -> 
  custom:scripting/monoscript/fileName/SpriteEditorHandles.cs: 8b78502b9b56b3c556563a6e935b52ad -> 
  custom:container-demuxer-webm: 4f35f7cbe854078d1ac9338744f61a02 -> 
  custom:scripting/monoscript/fileName/SpriteNameFileIdPair.cs: 8dab74045e538d5698ea3c4caed3e48c -> 
  custom:scripting/monoscript/fileName/IGL.cs: 8903f8a1304142ec1aefe33b7a4db28c -> 
  custom:scripting/monoscript/fileName/SpritePhysicsShapeModule.cs: 35688b9e178698712b557d50761dc7c2 -> 
  custom:scripting/monoscript/fileName/ITexture.cs: dbb4c87e1c028ce779185d5d3d566460 -> 
  custom:container-muxer-webm: aa71ff27fc2769a1b78a27578f13a17b -> 
  custom:scripting/monoscript/fileName/IEvent.cs: c25d501578d8ebe48d7b30415b0df4c5 -> 
  custom:video-decoder-webm-vp8: 9c59270c3fd7afecdb556c50c9e8de78 -> 
  custom:scripting/monoscript/fileName/SpriteOutlineModule.cs: 249fecf584323de7d2fd0b14e9a4944c -> 
  custom:SearchIndexIgnoredProperties: e643bd26f0fe6173181afceb89e7c659 -> 
  custom:AudioImporter_EditorPlatform: d09bf68614088b80899f8185d706f6e7 -> 
  custom:scripting/monoscript/fileName/SpriteEditorUtility.cs: 7e2d1f2cb427fd67c5461f9431375c3a -> 
  custom:scripting/monoscript/fileName/SpriteSecondaryTexturesModule.cs: 8f361de5bdfd731e220c415240ad033f -> 
  custom:scripting/monoscript/fileName/IGUIUtility.cs: cad79017f17454feb4e1799b1c42f87c -> 
  custom:scripting/monoscript/fileName/IHandles.cs: d2780a18a3844e49d490d68d5cb3d26a -> 
  custom:scripting/monoscript/fileName/TextureImporterDataProvider.cs: d68f5d5325387f4e38fdcf2610c72ce3 -> 
  custom:scripting/monoscript/fileName/SpriteEditorMenu.cs: f9042f312a91c162ede0d5de48225240 -> 
  custom:scripting/monoscript/fileName/ISpriteEditorDataProvider.cs: 4c01add71bf03a3e1afff21bbd534ee9 -> 
  custom:scripting/monoscript/fileName/IUndoSystem.cs: 841a069a843e48d57d362ca08bca21d4 -> 
  custom:scripting/monoscript/fileName/SpritePolygonModeModuleView.cs: db8ddbee5a89c636987047f4602001ef -> 
  custom:scripting/monoscript/fileName/SpriteEditorData.cs: 79e0d970ecf11ef3020398e38672548f -> 
  custom:video-encoder-webm-vp8: eb34c28f22e8b96e1ab97ce403110664 -> 
  custom:audio-decoder-ogg-vorbis: bf7c407c2cedff20999df2af8eb42d56 -> 
  custom:scripting/monoscript/fileName/SpriteEditorWindowSettings.cs: 8e59c26ada2085b3ebaa83fd01af70e3 -> 
  custom:scripting/monoscript/fileName/SpriteFrameModuleBaseView.cs: 72abaa53c3c1184e23d4d9a45f62d8c2 -> 
  custom:scripting/monoscript/fileName/IAssetDatabase.cs: c40b958675a6cd5b519fa6ca497fede4 -> 
  custom:scripting/monoscript/fileName/SpriteFrameModule.cs: f07011b3ec3622062bef733dc29fedf0 -> 
  custom:scripting/monoscript/fileName/ShapeEditorRectSelection.cs: 1696d724b33ef6168949bbdce78d19c6 -> 
  custom:scripting/monoscript/fileName/TextureImporterDataProviderImplementation.cs: ffb9fda6ca225aa106e9fa84455f4e60 -> 
  custom:audio-encoder-webm-vorbis: bf7c407c2cedff20999df2af8eb42d56 -> 
  custom:scripting/monoscript/fileName/SpriteUtilityWindow.cs: 4827aafd0c4d893166845eac1266c4ed -> 
  custom:scripting/monoscript/fileName/SpriteFrameModuleBase.cs: 82472910b376b3c28a6f5b31b28f5f51 -> 
  custom:scripting/precompiled-assembly-types:Assembly-CSharp: 8c477c1a2a4d6aa6310bfaea186a1525 -> 17fd4233e2971542c9b4d9c5fc8a1fc5
  custom:scripting/monoscript/fileName/SpriteFrameModuleView.cs: f07011b3ec3622062bef733dc29fedf0 -> 
========================================================================
Received Prepare
Caller must complete domain reload
Begin MonoManager ReloadAssembly
- Loaded All Assemblies, in  0.480 seconds
Native extension for WindowsStandalone target not found
Mono: successfully reloaded assembly
- Finished resetting the current domain, in  1.033 seconds
Domain Reload Profiling: 1512ms
	BeginReloadAssembly (180ms)
		ExecutionOrderSort (0ms)
		DisableScriptedObjects (5ms)
		BackupInstance (0ms)
		ReleaseScriptingObjects (0ms)
		CreateAndSetChildDomain (29ms)
	RebuildCommonClasses (30ms)
	RebuildNativeTypeToScriptingClass (11ms)
	initialDomainReloadingComplete (24ms)
	LoadAllAssembliesAndSetupDomain (234ms)
		LoadAssemblies (337ms)
		RebuildTransferFunctionScriptingTraits (0ms)
		AnalyzeDomain (15ms)
			TypeCache.Refresh (7ms)
				TypeCache.ScanAssembly (0ms)
			ScanForSourceGeneratedMonoScriptInfo (0ms)
			ResolveRequiredComponents (6ms)
	FinalizeReload (1033ms)
		ReleaseScriptCaches (0ms)
		RebuildScriptCaches (0ms)
		SetupLoadedEditorAssemblies (575ms)
			LogAssemblyErrors (0ms)
			InitializePlatformSupportModulesInManaged (6ms)
			SetLoadedEditorAssemblies (7ms)
			RefreshPlugins (0ms)
			BeforeProcessingInitializeOnLoad (98ms)
			ProcessInitializeOnLoadAttributes (436ms)
			ProcessInitializeOnLoadMethodAttributes (25ms)
			AfterProcessingInitializeOnLoad (3ms)
			EditorAssembliesLoaded (0ms)
		ExecutionOrderSort2 (0ms)
		AwakeInstancesAfterBackupRestoration (6ms)
Refreshing native plugins compatible for Editor in 2.92 ms, found 3 plugins.
Preloading 0 native plugins for Editor in 0.00 ms.
Unloading 3578 Unused Serialized files (Serialized files now loaded: 0)
Unloading 14 unused Assets / (28.6 KB). Loaded Objects now: 4408.
Memory consumption went from 132.8 MB to 132.7 MB.
Total: 3.073200 ms (FindLiveObjects: 0.399700 ms CreateObjectMapping: 0.265200 ms MarkObjects: 2.371000 ms  DeleteObjects: 0.036600 ms)

Prepare: number of updated asset objects reloaded= 0
AssetImportParameters requested are different than current active one (requested -> active):
  custom:scripting/monoscript/fileName/RandomHitPlacer.cs: 0e520bb249608fd9a2ce5ff96c591009 -> 
  custom:container-demuxer-ogg: 62fdf1f143b41e24485cea50d1cbac27 -> 
  custom:scripting/monoscript/fileName/SpriteEditorWindow.cs: 1629bd700639d5abf7ee9c1a15128fda -> 
  custom:scripting/monoscript/fileName/SpriteRect.cs: 8da6d12a5fbd75a0eba31cfa62842428 -> 
  custom:scripting/monoscript/fileName/ISpriteEditorModule.cs: f35f8b8d39dcfd448fbbe9ea48566c2f -> 
  custom:video-decoder-ogg-theora: a1e56fd34408186e4bbccfd4996cb3dc -> 
  custom:scripting/monoscript/fileName/MenuItems.cs: 3ea3522373e3b4d2ef39113c39531efd -> 
  custom:scripting/monoscript/fileName/DefaultSpriteNameFileIdDataProvider.cs: cd965ed390b21ec0302c3211a9f903ff -> 
  custom:framework-win-MediaFoundation: 216162199b28c13a410421893ffa2e32 -> 
  custom:scripting/monoscript/fileName/PlayerInteract.cs: 73ffd8c360dbab24565d6c0e90133a24 -> 
  custom:scripting/monoscript/fileName/ShapeEditor.cs: 7eba0c642af179a392c34e527393b30b -> 
  custom:scripting/monoscript/fileName/SpritePolygonModeModule.cs: 8b4aa126b968b0772b9e20476364e690 -> 
  custom:scripting/precompiled-assembly-types:Unity.2D.Sprite.Editor: c80415e041d636416599f4ac20098905 -> 
  custom:scripting/monoscript/fileName/ItemCreationUtility.cs: d1c4ddba747ed633116f555c0d69ace7 -> 
  custom:CustomObjectIndexerAttribute: 9a22284fe3817be447336de3de66b15e -> 
  custom:scripting/monoscript/fileName/SpriteEditorHandles.cs: 8b78502b9b56b3c556563a6e935b52ad -> 
  custom:container-demuxer-webm: 4f35f7cbe854078d1ac9338744f61a02 -> 
  custom:scripting/monoscript/fileName/SpriteNameFileIdPair.cs: 8dab74045e538d5698ea3c4caed3e48c -> 
  custom:scripting/monoscript/fileName/IGL.cs: 8903f8a1304142ec1aefe33b7a4db28c -> 
  custom:scripting/monoscript/fileName/SpritePhysicsShapeModule.cs: 35688b9e178698712b557d50761dc7c2 -> 
  custom:scripting/monoscript/fileName/ITexture.cs: dbb4c87e1c028ce779185d5d3d566460 -> 
  custom:container-muxer-webm: aa71ff27fc2769a1b78a27578f13a17b -> 
  custom:scripting/monoscript/fileName/IEvent.cs: c25d501578d8ebe48d7b30415b0df4c5 -> 
  custom:video-decoder-webm-vp8: 9c59270c3fd7afecdb556c50c9e8de78 -> 
  custom:scripting/monoscript/fileName/SpriteOutlineModule.cs: 249fecf584323de7d2fd0b14e9a4944c -> 
  custom:SearchIndexIgnoredProperties: e643bd26f0fe6173181afceb89e7c659 -> 
  custom:AudioImporter_EditorPlatform: d09bf68614088b80899f8185d706f6e7 -> 
  custom:scripting/monoscript/fileName/SpriteEditorUtility.cs: 7e2d1f2cb427fd67c5461f9431375c3a -> 
  custom:scripting/monoscript/fileName/SpriteSecondaryTexturesModule.cs: 8f361de5bdfd731e220c415240ad033f -> 
  custom:scripting/monoscript/fileName/IGUIUtility.cs: cad79017f17454feb4e1799b1c42f87c -> 
  custom:scripting/monoscript/fileName/IHandles.cs: d2780a18a3844e49d490d68d5cb3d26a -> 
  custom:scripting/monoscript/fileName/TextureImporterDataProvider.cs: d68f5d5325387f4e38fdcf2610c72ce3 -> 
  custom:scripting/monoscript/fileName/SpriteEditorMenu.cs: f9042f312a91c162ede0d5de48225240 -> 
  custom:scripting/monoscript/fileName/ISpriteEditorDataProvider.cs: 4c01add71bf03a3e1afff21bbd534ee9 -> 
  custom:scripting/monoscript/fileName/IUndoSystem.cs: 841a069a843e48d57d362ca08bca21d4 -> 
  custom:scripting/monoscript/fileName/SpritePolygonModeModuleView.cs: db8ddbee5a89c636987047f4602001ef -> 
  custom:scripting/monoscript/fileName/SpriteEditorData.cs: 79e0d970ecf11ef3020398e38672548f -> 
  custom:video-encoder-webm-vp8: eb34c28f22e8b96e1ab97ce403110664 -> 
  custom:audio-decoder-ogg-vorbis: bf7c407c2cedff20999df2af8eb42d56 -> 
  custom:scripting/monoscript/fileName/SpriteEditorWindowSettings.cs: 8e59c26ada2085b3ebaa83fd01af70e3 -> 
  custom:scripting/monoscript/fileName/SpriteFrameModuleBaseView.cs: 72abaa53c3c1184e23d4d9a45f62d8c2 -> 
  custom:scripting/monoscript/fileName/IAssetDatabase.cs: c40b958675a6cd5b519fa6ca497fede4 -> 
  custom:scripting/monoscript/fileName/SpriteFrameModule.cs: f07011b3ec3622062bef733dc29fedf0 -> 
  custom:scripting/monoscript/fileName/ShapeEditorRectSelection.cs: 1696d724b33ef6168949bbdce78d19c6 -> 
  custom:scripting/monoscript/fileName/TextureImporterDataProviderImplementation.cs: ffb9fda6ca225aa106e9fa84455f4e60 -> 
  custom:audio-encoder-webm-vorbis: bf7c407c2cedff20999df2af8eb42d56 -> 
  custom:scripting/monoscript/fileName/SpriteUtilityWindow.cs: 4827aafd0c4d893166845eac1266c4ed -> 
  custom:scripting/monoscript/fileName/SpriteFrameModuleBase.cs: 82472910b376b3c28a6f5b31b28f5f51 -> 
  custom:scripting/precompiled-assembly-types:Assembly-CSharp: 8c477c1a2a4d6aa6310bfaea186a1525 -> 17fd4233e2971542c9b4d9c5fc8a1fc5
  custom:scripting/monoscript/fileName/SpriteFrameModuleView.cs: f07011b3ec3622062bef733dc29fedf0 -> 
========================================================================
Received Import Request.
  Time since last request: 1939.749517 seconds.
  path: Assets/ECCreated/Scripts/AnimalAttuneLevels.cs
  artifactKey: Guid(34cd8a07805bba74a87771dff0982904) Importer(815301076,1909f56bfc062723c751e8b465ee728b)
Start importing Assets/ECCreated/Scripts/AnimalAttuneLevels.cs using Guid(34cd8a07805bba74a87771dff0982904) Importer(815301076,1909f56bfc062723c751e8b465ee728b) [PhysX] Initialized MultithreadedTaskDispatcher with 8 workers.
 -> (artifact id: 'b58933ac3a93eadee4032e8bcdf0c163') in 0.001768 seconds
Number of updated asset objects reloaded before import = 0
Number of asset objects unloaded after import = 0
========================================================================
Received Prepare
Caller must complete domain reload
Begin MonoManager ReloadAssembly
- Loaded All Assemblies, in  0.482 seconds
Native extension for WindowsStandalone target not found
Mono: successfully reloaded assembly
- Finished resetting the current domain, in  1.015 seconds
Domain Reload Profiling: 1496ms
	BeginReloadAssembly (162ms)
		ExecutionOrderSort (0ms)
		DisableScriptedObjects (5ms)
		BackupInstance (0ms)
		ReleaseScriptingObjects (0ms)
		CreateAndSetChildDomain (33ms)
	RebuildCommonClasses (30ms)
	RebuildNativeTypeToScriptingClass (10ms)
	initialDomainReloadingComplete (24ms)
	LoadAllAssembliesAndSetupDomain (255ms)
		LoadAssemblies (312ms)
		RebuildTransferFunctionScriptingTraits (0ms)
		AnalyzeDomain (37ms)
			TypeCache.Refresh (14ms)
				TypeCache.ScanAssembly (0ms)
			ScanForSourceGeneratedMonoScriptInfo (15ms)
			ResolveRequiredComponents (7ms)
	FinalizeReload (1015ms)
		ReleaseScriptCaches (0ms)
		RebuildScriptCaches (0ms)
		SetupLoadedEditorAssemblies (521ms)
			LogAssemblyErrors (0ms)
			InitializePlatformSupportModulesInManaged (6ms)
			SetLoadedEditorAssemblies (7ms)
			RefreshPlugins (0ms)
			BeforeProcessingInitializeOnLoad (90ms)
			ProcessInitializeOnLoadAttributes (395ms)
			ProcessInitializeOnLoadMethodAttributes (21ms)
			AfterProcessingInitializeOnLoad (3ms)
			EditorAssembliesLoaded (0ms)
		ExecutionOrderSort2 (0ms)
		AwakeInstancesAfterBackupRestoration (6ms)
Refreshing native plugins compatible for Editor in 3.00 ms, found 3 plugins.
Preloading 0 native plugins for Editor in 0.00 ms.
Unloading 3578 Unused Serialized files (Serialized files now loaded: 0)
Unloading 14 unused Assets / (28.6 KB). Loaded Objects now: 4412.
Memory consumption went from 132.5 MB to 132.5 MB.
Total: 3.683700 ms (FindLiveObjects: 0.340700 ms CreateObjectMapping: 0.214200 ms MarkObjects: 3.083700 ms  DeleteObjects: 0.044100 ms)

Prepare: number of updated asset objects reloaded= 0
AssetImportParameters requested are different than current active one (requested -> active):
  custom:scripting/monoscript/fileName/RandomHitPlacer.cs: 0e520bb249608fd9a2ce5ff96c591009 -> 
  custom:container-demuxer-ogg: 62fdf1f143b41e24485cea50d1cbac27 -> 
  custom:scripting/monoscript/fileName/SpriteEditorWindow.cs: 1629bd700639d5abf7ee9c1a15128fda -> 
  custom:scripting/monoscript/fileName/SpriteRect.cs: 8da6d12a5fbd75a0eba31cfa62842428 -> 
  custom:scripting/monoscript/fileName/ISpriteEditorModule.cs: f35f8b8d39dcfd448fbbe9ea48566c2f -> 
  custom:video-decoder-ogg-theora: a1e56fd34408186e4bbccfd4996cb3dc -> 
  custom:scripting/monoscript/fileName/MenuItems.cs: 3ea3522373e3b4d2ef39113c39531efd -> 
  custom:scripting/monoscript/fileName/DefaultSpriteNameFileIdDataProvider.cs: cd965ed390b21ec0302c3211a9f903ff -> 
  custom:framework-win-MediaFoundation: 216162199b28c13a410421893ffa2e32 -> 
  custom:scripting/monoscript/fileName/PlayerInteract.cs: 73ffd8c360dbab24565d6c0e90133a24 -> 
  custom:scripting/monoscript/fileName/ShapeEditor.cs: 7eba0c642af179a392c34e527393b30b -> 
  custom:scripting/monoscript/fileName/SpritePolygonModeModule.cs: 8b4aa126b968b0772b9e20476364e690 -> 
  custom:scripting/precompiled-assembly-types:Unity.2D.Sprite.Editor: c80415e041d636416599f4ac20098905 -> 
  custom:scripting/monoscript/fileName/ItemCreationUtility.cs: d1c4ddba747ed633116f555c0d69ace7 -> 
  custom:scripting/monoscript/fileName/AnimalAttuneLevels.cs: ea957c9e2bf28bc3640e58cf244df784 -> 
  custom:CustomObjectIndexerAttribute: 9a22284fe3817be447336de3de66b15e -> 
  custom:scripting/monoscript/fileName/SpriteEditorHandles.cs: 8b78502b9b56b3c556563a6e935b52ad -> 
  custom:container-demuxer-webm: 4f35f7cbe854078d1ac9338744f61a02 -> 
  custom:scripting/monoscript/fileName/SpriteNameFileIdPair.cs: 8dab74045e538d5698ea3c4caed3e48c -> 
  custom:scripting/monoscript/fileName/IGL.cs: 8903f8a1304142ec1aefe33b7a4db28c -> 
  custom:scripting/monoscript/fileName/SpritePhysicsShapeModule.cs: 35688b9e178698712b557d50761dc7c2 -> 
  custom:scripting/monoscript/fileName/ITexture.cs: dbb4c87e1c028ce779185d5d3d566460 -> 
  custom:container-muxer-webm: aa71ff27fc2769a1b78a27578f13a17b -> 
  custom:scripting/monoscript/fileName/IEvent.cs: c25d501578d8ebe48d7b30415b0df4c5 -> 
  custom:video-decoder-webm-vp8: 9c59270c3fd7afecdb556c50c9e8de78 -> 
  custom:scripting/monoscript/fileName/SpriteOutlineModule.cs: 249fecf584323de7d2fd0b14e9a4944c -> 
  custom:SearchIndexIgnoredProperties: e643bd26f0fe6173181afceb89e7c659 -> 
  custom:AudioImporter_EditorPlatform: d09bf68614088b80899f8185d706f6e7 -> 
  custom:scripting/monoscript/fileName/SpriteEditorUtility.cs: 7e2d1f2cb427fd67c5461f9431375c3a -> 
  custom:scripting/monoscript/fileName/SpriteSecondaryTexturesModule.cs: 8f361de5bdfd731e220c415240ad033f -> 
  custom:scripting/monoscript/fileName/IGUIUtility.cs: cad79017f17454feb4e1799b1c42f87c -> 
  custom:scripting/monoscript/fileName/IHandles.cs: d2780a18a3844e49d490d68d5cb3d26a -> 
  custom:scripting/monoscript/fileName/TextureImporterDataProvider.cs: d68f5d5325387f4e38fdcf2610c72ce3 -> 
  custom:scripting/monoscript/fileName/SpriteEditorMenu.cs: f9042f312a91c162ede0d5de48225240 -> 
  custom:scripting/monoscript/fileName/ISpriteEditorDataProvider.cs: 4c01add71bf03a3e1afff21bbd534ee9 -> 
  custom:scripting/monoscript/fileName/IUndoSystem.cs: 841a069a843e48d57d362ca08bca21d4 -> 
  custom:scripting/monoscript/fileName/SpritePolygonModeModuleView.cs: db8ddbee5a89c636987047f4602001ef -> 
  custom:scripting/monoscript/fileName/SpriteEditorData.cs: 79e0d970ecf11ef3020398e38672548f -> 
  custom:video-encoder-webm-vp8: eb34c28f22e8b96e1ab97ce403110664 -> 
  custom:audio-decoder-ogg-vorbis: bf7c407c2cedff20999df2af8eb42d56 -> 
  custom:scripting/monoscript/fileName/SpriteEditorWindowSettings.cs: 8e59c26ada2085b3ebaa83fd01af70e3 -> 
  custom:scripting/monoscript/fileName/SpriteFrameModuleBaseView.cs: 72abaa53c3c1184e23d4d9a45f62d8c2 -> 
  custom:scripting/monoscript/fileName/IAssetDatabase.cs: c40b958675a6cd5b519fa6ca497fede4 -> 
  custom:scripting/monoscript/fileName/SpriteFrameModule.cs: f07011b3ec3622062bef733dc29fedf0 -> 
  custom:scripting/monoscript/fileName/ShapeEditorRectSelection.cs: 1696d724b33ef6168949bbdce78d19c6 -> 
  custom:scripting/monoscript/fileName/TextureImporterDataProviderImplementation.cs: ffb9fda6ca225aa106e9fa84455f4e60 -> 
  custom:audio-encoder-webm-vorbis: bf7c407c2cedff20999df2af8eb42d56 -> 
  custom:scripting/monoscript/fileName/SpriteUtilityWindow.cs: 4827aafd0c4d893166845eac1266c4ed -> 
  custom:scripting/monoscript/fileName/SpriteFrameModuleBase.cs: 82472910b376b3c28a6f5b31b28f5f51 -> 
  custom:scripting/precompiled-assembly-types:Assembly-CSharp: 03a9e825132f465d969c1794e92b6bae -> 17fd4233e2971542c9b4d9c5fc8a1fc5
  custom:scripting/monoscript/fileName/SpriteFrameModuleView.cs: f07011b3ec3622062bef733dc29fedf0 -> 
========================================================================
Received Import Request.
  Time since last request: 6.017489 seconds.
  path: Assets/ECCreated/Scripts/AnimalAttuneLevels.cs
  artifactKey: Guid(34cd8a07805bba74a87771dff0982904) Importer(815301076,1909f56bfc062723c751e8b465ee728b)
Start importing Assets/ECCreated/Scripts/AnimalAttuneLevels.cs using Guid(34cd8a07805bba74a87771dff0982904) Importer(815301076,1909f56bfc062723c751e8b465ee728b) [PhysX] Initialized MultithreadedTaskDispatcher with 8 workers.
 -> (artifact id: '3b0d9e934004860d342ab23de87b8d86') in 0.001710 seconds
Number of updated asset objects reloaded before import = 0
Number of asset objects unloaded after import = 0
========================================================================
Received Import Request.
  Time since last request: 197.210349 seconds.
  path: Assets/ECCreated/Scripts/AnimalAttuneLevels.cs
  artifactKey: Guid(34cd8a07805bba74a87771dff0982904) Importer(815301076,1909f56bfc062723c751e8b465ee728b)
Start importing Assets/ECCreated/Scripts/AnimalAttuneLevels.cs using Guid(34cd8a07805bba74a87771dff0982904) Importer(815301076,1909f56bfc062723c751e8b465ee728b) [PhysX] Initialized MultithreadedTaskDispatcher with 8 workers.
 -> (artifact id: '2496da08947fd5a15efe3ae58c55baaf') in 0.000827 seconds
Number of updated asset objects reloaded before import = 0
Number of asset objects unloaded after import = 0
========================================================================
Received Prepare
Caller must complete domain reload
Begin MonoManager ReloadAssembly
- Loaded All Assemblies, in  0.498 seconds
Native extension for WindowsStandalone target not found
Mono: successfully reloaded assembly
- Finished resetting the current domain, in  0.969 seconds
Domain Reload Profiling: 1467ms
	BeginReloadAssembly (184ms)
		ExecutionOrderSort (0ms)
		DisableScriptedObjects (6ms)
		BackupInstance (0ms)
		ReleaseScriptingObjects (0ms)
		CreateAndSetChildDomain (32ms)
	RebuildCommonClasses (30ms)
	RebuildNativeTypeToScriptingClass (10ms)
	initialDomainReloadingComplete (25ms)
	LoadAllAssembliesAndSetupDomain (248ms)
		LoadAssemblies (318ms)
		RebuildTransferFunctionScriptingTraits (0ms)
		AnalyzeDomain (33ms)
			TypeCache.Refresh (11ms)
				TypeCache.ScanAssembly (0ms)
			ScanForSourceGeneratedMonoScriptInfo (13ms)
			ResolveRequiredComponents (6ms)
	FinalizeReload (970ms)
		ReleaseScriptCaches (0ms)
		RebuildScriptCaches (0ms)
		SetupLoadedEditorAssemblies (502ms)
			LogAssemblyErrors (0ms)
			InitializePlatformSupportModulesInManaged (5ms)
			SetLoadedEditorAssemblies (5ms)
			RefreshPlugins (0ms)
			BeforeProcessingInitializeOnLoad (86ms)
			ProcessInitializeOnLoadAttributes (382ms)
			ProcessInitializeOnLoadMethodAttributes (22ms)
			AfterProcessingInitializeOnLoad (2ms)
			EditorAssembliesLoaded (0ms)
		ExecutionOrderSort2 (0ms)
		AwakeInstancesAfterBackupRestoration (6ms)
Refreshing native plugins compatible for Editor in 2.40 ms, found 3 plugins.
Preloading 0 native plugins for Editor in 0.00 ms.
Unloading 3578 Unused Serialized files (Serialized files now loaded: 0)
Unloading 14 unused Assets / (28.5 KB). Loaded Objects now: 4415.
Memory consumption went from 132.5 MB to 132.5 MB.
Total: 2.933200 ms (FindLiveObjects: 0.351400 ms CreateObjectMapping: 0.210100 ms MarkObjects: 2.339400 ms  DeleteObjects: 0.031600 ms)

Prepare: number of updated asset objects reloaded= 0
AssetImportParameters requested are different than current active one (requested -> active):
  custom:scripting/monoscript/fileName/RandomHitPlacer.cs: 0e520bb249608fd9a2ce5ff96c591009 -> 
  custom:container-demuxer-ogg: 62fdf1f143b41e24485cea50d1cbac27 -> 
  custom:scripting/monoscript/fileName/SpriteEditorWindow.cs: 1629bd700639d5abf7ee9c1a15128fda -> 
  custom:scripting/monoscript/fileName/SpriteRect.cs: 8da6d12a5fbd75a0eba31cfa62842428 -> 
  custom:scripting/monoscript/fileName/ISpriteEditorModule.cs: f35f8b8d39dcfd448fbbe9ea48566c2f -> 
  custom:video-decoder-ogg-theora: a1e56fd34408186e4bbccfd4996cb3dc -> 
  custom:scripting/monoscript/fileName/MenuItems.cs: 3ea3522373e3b4d2ef39113c39531efd -> 
  custom:scripting/monoscript/fileName/DefaultSpriteNameFileIdDataProvider.cs: cd965ed390b21ec0302c3211a9f903ff -> 
  custom:framework-win-MediaFoundation: 216162199b28c13a410421893ffa2e32 -> 
  custom:scripting/monoscript/fileName/PlayerInteract.cs: 73ffd8c360dbab24565d6c0e90133a24 -> 
  custom:scripting/monoscript/fileName/ShapeEditor.cs: 7eba0c642af179a392c34e527393b30b -> 
  custom:scripting/monoscript/fileName/SpritePolygonModeModule.cs: 8b4aa126b968b0772b9e20476364e690 -> 
  custom:scripting/precompiled-assembly-types:Unity.2D.Sprite.Editor: c80415e041d636416599f4ac20098905 -> 
  custom:scripting/monoscript/fileName/ItemCreationUtility.cs: d1c4ddba747ed633116f555c0d69ace7 -> 
  custom:scripting/monoscript/fileName/AnimalAttuneLevels.cs: ea957c9e2bf28bc3640e58cf244df784 -> 
  custom:CustomObjectIndexerAttribute: 9a22284fe3817be447336de3de66b15e -> 
  custom:scripting/monoscript/fileName/SpriteEditorHandles.cs: 8b78502b9b56b3c556563a6e935b52ad -> 
  custom:container-demuxer-webm: 4f35f7cbe854078d1ac9338744f61a02 -> 
  custom:scripting/monoscript/fileName/SpriteNameFileIdPair.cs: 8dab74045e538d5698ea3c4caed3e48c -> 
  custom:scripting/monoscript/fileName/IGL.cs: 8903f8a1304142ec1aefe33b7a4db28c -> 
  custom:scripting/monoscript/fileName/SpritePhysicsShapeModule.cs: 35688b9e178698712b557d50761dc7c2 -> 
  custom:scripting/monoscript/fileName/ITexture.cs: dbb4c87e1c028ce779185d5d3d566460 -> 
  custom:container-muxer-webm: aa71ff27fc2769a1b78a27578f13a17b -> 
  custom:scripting/monoscript/fileName/IEvent.cs: c25d501578d8ebe48d7b30415b0df4c5 -> 
  custom:video-decoder-webm-vp8: 9c59270c3fd7afecdb556c50c9e8de78 -> 
  custom:scripting/monoscript/fileName/SpriteOutlineModule.cs: 249fecf584323de7d2fd0b14e9a4944c -> 
  custom:SearchIndexIgnoredProperties: e643bd26f0fe6173181afceb89e7c659 -> 
  custom:AudioImporter_EditorPlatform: d09bf68614088b80899f8185d706f6e7 -> 
  custom:scripting/monoscript/fileName/SpriteEditorUtility.cs: 7e2d1f2cb427fd67c5461f9431375c3a -> 
  custom:scripting/monoscript/fileName/SpriteSecondaryTexturesModule.cs: 8f361de5bdfd731e220c415240ad033f -> 
  custom:scripting/monoscript/fileName/IGUIUtility.cs: cad79017f17454feb4e1799b1c42f87c -> 
  custom:scripting/monoscript/fileName/IHandles.cs: d2780a18a3844e49d490d68d5cb3d26a -> 
  custom:scripting/monoscript/fileName/TextureImporterDataProvider.cs: d68f5d5325387f4e38fdcf2610c72ce3 -> 
  custom:scripting/monoscript/fileName/SpriteEditorMenu.cs: f9042f312a91c162ede0d5de48225240 -> 
  custom:scripting/monoscript/fileName/ISpriteEditorDataProvider.cs: 4c01add71bf03a3e1afff21bbd534ee9 -> 
  custom:scripting/monoscript/fileName/IUndoSystem.cs: 841a069a843e48d57d362ca08bca21d4 -> 
  custom:scripting/monoscript/fileName/SpritePolygonModeModuleView.cs: db8ddbee5a89c636987047f4602001ef -> 
  custom:scripting/monoscript/fileName/SpriteEditorData.cs: 79e0d970ecf11ef3020398e38672548f -> 
  custom:video-encoder-webm-vp8: eb34c28f22e8b96e1ab97ce403110664 -> 
  custom:audio-decoder-ogg-vorbis: bf7c407c2cedff20999df2af8eb42d56 -> 
  custom:scripting/monoscript/fileName/SpriteEditorWindowSettings.cs: 8e59c26ada2085b3ebaa83fd01af70e3 -> 
  custom:scripting/monoscript/fileName/SpriteFrameModuleBaseView.cs: 72abaa53c3c1184e23d4d9a45f62d8c2 -> 
  custom:scripting/monoscript/fileName/IAssetDatabase.cs: c40b958675a6cd5b519fa6ca497fede4 -> 
  custom:scripting/monoscript/fileName/SpriteFrameModule.cs: f07011b3ec3622062bef733dc29fedf0 -> 
  custom:scripting/monoscript/fileName/ShapeEditorRectSelection.cs: 1696d724b33ef6168949bbdce78d19c6 -> 
  custom:scripting/monoscript/fileName/TextureImporterDataProviderImplementation.cs: ffb9fda6ca225aa106e9fa84455f4e60 -> 
  custom:audio-encoder-webm-vorbis: bf7c407c2cedff20999df2af8eb42d56 -> 
  custom:scripting/monoscript/fileName/SpriteUtilityWindow.cs: 4827aafd0c4d893166845eac1266c4ed -> 
  custom:scripting/monoscript/fileName/SpriteFrameModuleBase.cs: 82472910b376b3c28a6f5b31b28f5f51 -> 
  custom:scripting/precompiled-assembly-types:Assembly-CSharp: 03a9e825132f465d969c1794e92b6bae -> 17fd4233e2971542c9b4d9c5fc8a1fc5
  custom:scripting/monoscript/fileName/SpriteFrameModuleView.cs: f07011b3ec3622062bef733dc29fedf0 -> 
========================================================================
Received Prepare
Caller must complete domain reload
Begin MonoManager ReloadAssembly
- Loaded All Assemblies, in  0.623 seconds
Native extension for WindowsStandalone target not found
Mono: successfully reloaded assembly
- Finished resetting the current domain, in  1.429 seconds
Domain Reload Profiling: 2052ms
	BeginReloadAssembly (181ms)
		ExecutionOrderSort (0ms)
		DisableScriptedObjects (5ms)
		BackupInstance (0ms)
		ReleaseScriptingObjects (0ms)
		CreateAndSetChildDomain (34ms)
	RebuildCommonClasses (33ms)
	RebuildNativeTypeToScriptingClass (10ms)
	initialDomainReloadingComplete (26ms)
	LoadAllAssembliesAndSetupDomain (373ms)
		LoadAssemblies (395ms)
		RebuildTransferFunctionScriptingTraits (0ms)
		AnalyzeDomain (90ms)
			TypeCache.Refresh (53ms)
				TypeCache.ScanAssembly (1ms)
			ScanForSourceGeneratedMonoScriptInfo (21ms)
			ResolveRequiredComponents (13ms)
	FinalizeReload (1429ms)
		ReleaseScriptCaches (0ms)
		RebuildScriptCaches (0ms)
		SetupLoadedEditorAssemblies (773ms)
			LogAssemblyErrors (0ms)
			InitializePlatformSupportModulesInManaged (5ms)
			SetLoadedEditorAssemblies (5ms)
			RefreshPlugins (0ms)
			BeforeProcessingInitializeOnLoad (99ms)
			ProcessInitializeOnLoadAttributes (638ms)
			ProcessInitializeOnLoadMethodAttributes (24ms)
			AfterProcessingInitializeOnLoad (2ms)
			EditorAssembliesLoaded (0ms)
		ExecutionOrderSort2 (0ms)
		AwakeInstancesAfterBackupRestoration (6ms)
Refreshing native plugins compatible for Editor in 2.50 ms, found 3 plugins.
Preloading 0 native plugins for Editor in 0.00 ms.
Unloading 3579 Unused Serialized files (Serialized files now loaded: 0)
Unloading 14 unused Assets / (28.5 KB). Loaded Objects now: 4418.
Memory consumption went from 132.8 MB to 132.8 MB.
Total: 3.956300 ms (FindLiveObjects: 0.690800 ms CreateObjectMapping: 0.445200 ms MarkObjects: 2.774700 ms  DeleteObjects: 0.044400 ms)

Prepare: number of updated asset objects reloaded= 0
AssetImportParameters requested are different than current active one (requested -> active):
  custom:scripting/monoscript/fileName/RandomHitPlacer.cs: 0e520bb249608fd9a2ce5ff96c591009 -> 
  custom:container-demuxer-ogg: 62fdf1f143b41e24485cea50d1cbac27 -> 
  custom:scripting/monoscript/fileName/SpriteEditorWindow.cs: 1629bd700639d5abf7ee9c1a15128fda -> 
  custom:scripting/monoscript/fileName/SpriteRect.cs: 8da6d12a5fbd75a0eba31cfa62842428 -> 
  custom:scripting/monoscript/fileName/ISpriteEditorModule.cs: f35f8b8d39dcfd448fbbe9ea48566c2f -> 
  custom:video-decoder-ogg-theora: a1e56fd34408186e4bbccfd4996cb3dc -> 
  custom:scripting/monoscript/fileName/MenuItems.cs: 3ea3522373e3b4d2ef39113c39531efd -> 
  custom:scripting/monoscript/fileName/DefaultSpriteNameFileIdDataProvider.cs: cd965ed390b21ec0302c3211a9f903ff -> 
  custom:framework-win-MediaFoundation: 216162199b28c13a410421893ffa2e32 -> 
  custom:scripting/monoscript/fileName/PlayerInteract.cs: 73ffd8c360dbab24565d6c0e90133a24 -> 
  custom:scripting/monoscript/fileName/ShapeEditor.cs: 7eba0c642af179a392c34e527393b30b -> 
  custom:scripting/monoscript/fileName/SpritePolygonModeModule.cs: 8b4aa126b968b0772b9e20476364e690 -> 
  custom:scripting/precompiled-assembly-types:Unity.2D.Sprite.Editor: c80415e041d636416599f4ac20098905 -> 
  custom:scripting/monoscript/fileName/ItemCreationUtility.cs: d1c4ddba747ed633116f555c0d69ace7 -> 
  custom:scripting/monoscript/fileName/AnimalAttuneLevels.cs: ea957c9e2bf28bc3640e58cf244df784 -> 
  custom:CustomObjectIndexerAttribute: 9a22284fe3817be447336de3de66b15e -> 
  custom:scripting/monoscript/fileName/SpriteEditorHandles.cs: 8b78502b9b56b3c556563a6e935b52ad -> 
  custom:container-demuxer-webm: 4f35f7cbe854078d1ac9338744f61a02 -> 
  custom:scripting/monoscript/fileName/SpriteNameFileIdPair.cs: 8dab74045e538d5698ea3c4caed3e48c -> 
  custom:scripting/monoscript/fileName/IGL.cs: 8903f8a1304142ec1aefe33b7a4db28c -> 
  custom:scripting/monoscript/fileName/SpritePhysicsShapeModule.cs: 35688b9e178698712b557d50761dc7c2 -> 
  custom:scripting/monoscript/fileName/ITexture.cs: dbb4c87e1c028ce779185d5d3d566460 -> 
  custom:container-muxer-webm: aa71ff27fc2769a1b78a27578f13a17b -> 
  custom:scripting/monoscript/fileName/IEvent.cs: c25d501578d8ebe48d7b30415b0df4c5 -> 
  custom:video-decoder-webm-vp8: 9c59270c3fd7afecdb556c50c9e8de78 -> 
  custom:scripting/monoscript/fileName/SpriteOutlineModule.cs: 249fecf584323de7d2fd0b14e9a4944c -> 
  custom:SearchIndexIgnoredProperties: e643bd26f0fe6173181afceb89e7c659 -> 
  custom:AudioImporter_EditorPlatform: d09bf68614088b80899f8185d706f6e7 -> 
  custom:scripting/monoscript/fileName/SpriteEditorUtility.cs: 7e2d1f2cb427fd67c5461f9431375c3a -> 
  custom:scripting/monoscript/fileName/SpriteSecondaryTexturesModule.cs: 8f361de5bdfd731e220c415240ad033f -> 
  custom:scripting/monoscript/fileName/IGUIUtility.cs: cad79017f17454feb4e1799b1c42f87c -> 
  custom:scripting/monoscript/fileName/IHandles.cs: d2780a18a3844e49d490d68d5cb3d26a -> 
  custom:scripting/monoscript/fileName/TextureImporterDataProvider.cs: d68f5d5325387f4e38fdcf2610c72ce3 -> 
  custom:scripting/monoscript/fileName/SpriteEditorMenu.cs: f9042f312a91c162ede0d5de48225240 -> 
  custom:scripting/monoscript/fileName/ISpriteEditorDataProvider.cs: 4c01add71bf03a3e1afff21bbd534ee9 -> 
  custom:scripting/monoscript/fileName/IUndoSystem.cs: 841a069a843e48d57d362ca08bca21d4 -> 
  custom:scripting/monoscript/fileName/SpritePolygonModeModuleView.cs: db8ddbee5a89c636987047f4602001ef -> 
  custom:scripting/monoscript/fileName/SpriteEditorData.cs: 79e0d970ecf11ef3020398e38672548f -> 
  custom:video-encoder-webm-vp8: eb34c28f22e8b96e1ab97ce403110664 -> 
  custom:audio-decoder-ogg-vorbis: bf7c407c2cedff20999df2af8eb42d56 -> 
  custom:scripting/monoscript/fileName/SpriteEditorWindowSettings.cs: 8e59c26ada2085b3ebaa83fd01af70e3 -> 
  custom:scripting/monoscript/fileName/SpriteFrameModuleBaseView.cs: 72abaa53c3c1184e23d4d9a45f62d8c2 -> 
  custom:scripting/monoscript/fileName/IAssetDatabase.cs: c40b958675a6cd5b519fa6ca497fede4 -> 
  custom:scripting/monoscript/fileName/SpriteFrameModule.cs: f07011b3ec3622062bef733dc29fedf0 -> 
  custom:scripting/monoscript/fileName/ShapeEditorRectSelection.cs: 1696d724b33ef6168949bbdce78d19c6 -> 
  custom:scripting/monoscript/fileName/TextureImporterDataProviderImplementation.cs: ffb9fda6ca225aa106e9fa84455f4e60 -> 
  custom:audio-encoder-webm-vorbis: bf7c407c2cedff20999df2af8eb42d56 -> 
  custom:scripting/monoscript/fileName/SpriteUtilityWindow.cs: 4827aafd0c4d893166845eac1266c4ed -> 
  custom:scripting/monoscript/fileName/SpriteFrameModuleBase.cs: 82472910b376b3c28a6f5b31b28f5f51 -> 
  custom:scripting/precompiled-assembly-types:Assembly-CSharp: 03a9e825132f465d969c1794e92b6bae -> 17fd4233e2971542c9b4d9c5fc8a1fc5
  custom:scripting/monoscript/fileName/SpriteFrameModuleView.cs: f07011b3ec3622062bef733dc29fedf0 -> 
========================================================================
Received Prepare
Caller must complete domain reload
Begin MonoManager ReloadAssembly
- Loaded All Assemblies, in  0.529 seconds
Native extension for WindowsStandalone target not found
Mono: successfully reloaded assembly
- Finished resetting the current domain, in  1.070 seconds
Domain Reload Profiling: 1599ms
	BeginReloadAssembly (184ms)
		ExecutionOrderSort (0ms)
		DisableScriptedObjects (5ms)
		BackupInstance (0ms)
		ReleaseScriptingObjects (0ms)
		CreateAndSetChildDomain (32ms)
	RebuildCommonClasses (32ms)
	RebuildNativeTypeToScriptingClass (11ms)
	initialDomainReloadingComplete (28ms)
	LoadAllAssembliesAndSetupDomain (273ms)
		LoadAssemblies (357ms)
		RebuildTransferFunctionScriptingTraits (0ms)
		AnalyzeDomain (31ms)
			TypeCache.Refresh (11ms)
				TypeCache.ScanAssembly (0ms)
			ScanForSourceGeneratedMonoScriptInfo (12ms)
			ResolveRequiredComponents (6ms)
	FinalizeReload (1071ms)
		ReleaseScriptCaches (0ms)
		RebuildScriptCaches (0ms)
		SetupLoadedEditorAssemblies (554ms)
			LogAssemblyErrors (0ms)
			InitializePlatformSupportModulesInManaged (5ms)
			SetLoadedEditorAssemblies (7ms)
			RefreshPlugins (0ms)
			BeforeProcessingInitializeOnLoad (88ms)
			ProcessInitializeOnLoadAttributes (428ms)
			ProcessInitializeOnLoadMethodAttributes (23ms)
			AfterProcessingInitializeOnLoad (2ms)
			EditorAssembliesLoaded (0ms)
		ExecutionOrderSort2 (0ms)
		AwakeInstancesAfterBackupRestoration (6ms)
Refreshing native plugins compatible for Editor in 2.46 ms, found 3 plugins.
Preloading 0 native plugins for Editor in 0.00 ms.
Unloading 3579 Unused Serialized files (Serialized files now loaded: 0)
Unloading 14 unused Assets / (28.5 KB). Loaded Objects now: 4421.
Memory consumption went from 132.8 MB to 132.8 MB.
Total: 2.940500 ms (FindLiveObjects: 0.307800 ms CreateObjectMapping: 0.190800 ms MarkObjects: 2.408600 ms  DeleteObjects: 0.032500 ms)

Prepare: number of updated asset objects reloaded= 0
AssetImportParameters requested are different than current active one (requested -> active):
  custom:scripting/monoscript/fileName/RandomHitPlacer.cs: 0e520bb249608fd9a2ce5ff96c591009 -> 
  custom:container-demuxer-ogg: 62fdf1f143b41e24485cea50d1cbac27 -> 
  custom:scripting/monoscript/fileName/SpriteEditorWindow.cs: 1629bd700639d5abf7ee9c1a15128fda -> 
  custom:scripting/monoscript/fileName/SpriteRect.cs: 8da6d12a5fbd75a0eba31cfa62842428 -> 
  custom:scripting/monoscript/fileName/ISpriteEditorModule.cs: f35f8b8d39dcfd448fbbe9ea48566c2f -> 
  custom:video-decoder-ogg-theora: a1e56fd34408186e4bbccfd4996cb3dc -> 
  custom:scripting/monoscript/fileName/MenuItems.cs: 3ea3522373e3b4d2ef39113c39531efd -> 
  custom:scripting/monoscript/fileName/DefaultSpriteNameFileIdDataProvider.cs: cd965ed390b21ec0302c3211a9f903ff -> 
  custom:framework-win-MediaFoundation: 216162199b28c13a410421893ffa2e32 -> 
  custom:scripting/monoscript/fileName/PlayerInteract.cs: 73ffd8c360dbab24565d6c0e90133a24 -> 
  custom:scripting/monoscript/fileName/ShapeEditor.cs: 7eba0c642af179a392c34e527393b30b -> 
  custom:scripting/monoscript/fileName/SpritePolygonModeModule.cs: 8b4aa126b968b0772b9e20476364e690 -> 
  custom:scripting/precompiled-assembly-types:Unity.2D.Sprite.Editor: c80415e041d636416599f4ac20098905 -> 
  custom:scripting/monoscript/fileName/ItemCreationUtility.cs: d1c4ddba747ed633116f555c0d69ace7 -> 
  custom:scripting/monoscript/fileName/AnimalAttuneLevels.cs: ea957c9e2bf28bc3640e58cf244df784 -> 
  custom:CustomObjectIndexerAttribute: 9a22284fe3817be447336de3de66b15e -> 
  custom:scripting/monoscript/fileName/SpriteEditorHandles.cs: 8b78502b9b56b3c556563a6e935b52ad -> 
  custom:container-demuxer-webm: 4f35f7cbe854078d1ac9338744f61a02 -> 
  custom:scripting/monoscript/fileName/SpriteNameFileIdPair.cs: 8dab74045e538d5698ea3c4caed3e48c -> 
  custom:scripting/monoscript/fileName/IGL.cs: 8903f8a1304142ec1aefe33b7a4db28c -> 
  custom:scripting/monoscript/fileName/SpritePhysicsShapeModule.cs: 35688b9e178698712b557d50761dc7c2 -> 
  custom:scripting/monoscript/fileName/ITexture.cs: dbb4c87e1c028ce779185d5d3d566460 -> 
  custom:container-muxer-webm: aa71ff27fc2769a1b78a27578f13a17b -> 
  custom:scripting/monoscript/fileName/IEvent.cs: c25d501578d8ebe48d7b30415b0df4c5 -> 
  custom:video-decoder-webm-vp8: 9c59270c3fd7afecdb556c50c9e8de78 -> 
  custom:scripting/monoscript/fileName/SpriteOutlineModule.cs: 249fecf584323de7d2fd0b14e9a4944c -> 
  custom:SearchIndexIgnoredProperties: e643bd26f0fe6173181afceb89e7c659 -> 
  custom:AudioImporter_EditorPlatform: d09bf68614088b80899f8185d706f6e7 -> 
  custom:scripting/monoscript/fileName/SpriteEditorUtility.cs: 7e2d1f2cb427fd67c5461f9431375c3a -> 
  custom:scripting/monoscript/fileName/SpriteSecondaryTexturesModule.cs: 8f361de5bdfd731e220c415240ad033f -> 
  custom:scripting/monoscript/fileName/IGUIUtility.cs: cad79017f17454feb4e1799b1c42f87c -> 
  custom:scripting/monoscript/fileName/IHandles.cs: d2780a18a3844e49d490d68d5cb3d26a -> 
  custom:scripting/monoscript/fileName/TextureImporterDataProvider.cs: d68f5d5325387f4e38fdcf2610c72ce3 -> 
  custom:scripting/monoscript/fileName/SpriteEditorMenu.cs: f9042f312a91c162ede0d5de48225240 -> 
  custom:scripting/monoscript/fileName/ISpriteEditorDataProvider.cs: 4c01add71bf03a3e1afff21bbd534ee9 -> 
  custom:scripting/monoscript/fileName/IUndoSystem.cs: 841a069a843e48d57d362ca08bca21d4 -> 
  custom:scripting/monoscript/fileName/SpritePolygonModeModuleView.cs: db8ddbee5a89c636987047f4602001ef -> 
  custom:scripting/monoscript/fileName/SpriteEditorData.cs: 79e0d970ecf11ef3020398e38672548f -> 
  custom:video-encoder-webm-vp8: eb34c28f22e8b96e1ab97ce403110664 -> 
  custom:audio-decoder-ogg-vorbis: bf7c407c2cedff20999df2af8eb42d56 -> 
  custom:scripting/monoscript/fileName/SpriteEditorWindowSettings.cs: 8e59c26ada2085b3ebaa83fd01af70e3 -> 
  custom:scripting/monoscript/fileName/SpriteFrameModuleBaseView.cs: 72abaa53c3c1184e23d4d9a45f62d8c2 -> 
  custom:scripting/monoscript/fileName/IAssetDatabase.cs: c40b958675a6cd5b519fa6ca497fede4 -> 
  custom:scripting/monoscript/fileName/SpriteFrameModule.cs: f07011b3ec3622062bef733dc29fedf0 -> 
  custom:scripting/monoscript/fileName/ShapeEditorRectSelection.cs: 1696d724b33ef6168949bbdce78d19c6 -> 
  custom:scripting/monoscript/fileName/TextureImporterDataProviderImplementation.cs: ffb9fda6ca225aa106e9fa84455f4e60 -> 
  custom:audio-encoder-webm-vorbis: bf7c407c2cedff20999df2af8eb42d56 -> 
  custom:scripting/monoscript/fileName/SpriteUtilityWindow.cs: 4827aafd0c4d893166845eac1266c4ed -> 
  custom:scripting/monoscript/fileName/SpriteFrameModuleBase.cs: 82472910b376b3c28a6f5b31b28f5f51 -> 
  custom:scripting/precompiled-assembly-types:Assembly-CSharp: 03a9e825132f465d969c1794e92b6bae -> 17fd4233e2971542c9b4d9c5fc8a1fc5
  custom:scripting/monoscript/fileName/SpriteFrameModuleView.cs: f07011b3ec3622062bef733dc29fedf0 -> 
========================================================================
Received Import Request.
  Time since last request: 3209.803500 seconds.
  path: Assets/UI pack/Button
  artifactKey: Guid(5440ba8d47ee3d8428b8d141f3434d5d) Importer(815301076,1909f56bfc062723c751e8b465ee728b)
Start importing Assets/UI pack/Button using Guid(5440ba8d47ee3d8428b8d141f3434d5d) Importer(815301076,1909f56bfc062723c751e8b465ee728b) [PhysX] Initialized MultithreadedTaskDispatcher with 8 workers.
 -> (artifact id: '28166b803dbd250f2517fd04567df351') in 0.002071 seconds
Number of updated asset objects reloaded before import = 0
Number of asset objects unloaded after import = 0
========================================================================
Received Prepare
Caller must complete domain reload
Begin MonoManager ReloadAssembly
- Loaded All Assemblies, in  0.518 seconds
Native extension for WindowsStandalone target not found
Mono: successfully reloaded assembly
- Finished resetting the current domain, in  1.100 seconds
Domain Reload Profiling: 1618ms
	BeginReloadAssembly (182ms)
		ExecutionOrderSort (0ms)
		DisableScriptedObjects (7ms)
		BackupInstance (0ms)
		ReleaseScriptingObjects (0ms)
		CreateAndSetChildDomain (35ms)
	RebuildCommonClasses (34ms)
	RebuildNativeTypeToScriptingClass (10ms)
	initialDomainReloadingComplete (29ms)
	LoadAllAssembliesAndSetupDomain (263ms)
		LoadAssemblies (336ms)
		RebuildTransferFunctionScriptingTraits (0ms)
		AnalyzeDomain (34ms)
			TypeCache.Refresh (12ms)
				TypeCache.ScanAssembly (0ms)
			ScanForSourceGeneratedMonoScriptInfo (14ms)
			ResolveRequiredComponents (6ms)
	FinalizeReload (1101ms)
		ReleaseScriptCaches (0ms)
		RebuildScriptCaches (0ms)
		SetupLoadedEditorAssemblies (589ms)
			LogAssemblyErrors (0ms)
			InitializePlatformSupportModulesInManaged (5ms)
			SetLoadedEditorAssemblies (6ms)
			RefreshPlugins (0ms)
			BeforeProcessingInitializeOnLoad (94ms)
			ProcessInitializeOnLoadAttributes (458ms)
			ProcessInitializeOnLoadMethodAttributes (23ms)
			AfterProcessingInitializeOnLoad (2ms)
			EditorAssembliesLoaded (0ms)
		ExecutionOrderSort2 (0ms)
		AwakeInstancesAfterBackupRestoration (8ms)
Refreshing native plugins compatible for Editor in 2.63 ms, found 3 plugins.
Preloading 0 native plugins for Editor in 0.00 ms.
Unloading 3578 Unused Serialized files (Serialized files now loaded: 0)
Unloading 14 unused Assets / (28.6 KB). Loaded Objects now: 4424.
Memory consumption went from 132.5 MB to 132.5 MB.
Total: 2.843800 ms (FindLiveObjects: 0.319500 ms CreateObjectMapping: 0.206200 ms MarkObjects: 2.273700 ms  DeleteObjects: 0.043700 ms)

Prepare: number of updated asset objects reloaded= 0
AssetImportParameters requested are different than current active one (requested -> active):
  custom:scripting/monoscript/fileName/RandomHitPlacer.cs: 0e520bb249608fd9a2ce5ff96c591009 -> 
  custom:container-demuxer-ogg: 62fdf1f143b41e24485cea50d1cbac27 -> 
  custom:scripting/monoscript/fileName/SpriteEditorWindow.cs: 1629bd700639d5abf7ee9c1a15128fda -> 
  custom:scripting/monoscript/fileName/SpriteRect.cs: 8da6d12a5fbd75a0eba31cfa62842428 -> 
  custom:scripting/monoscript/fileName/ISpriteEditorModule.cs: f35f8b8d39dcfd448fbbe9ea48566c2f -> 
  custom:video-decoder-ogg-theora: a1e56fd34408186e4bbccfd4996cb3dc -> 
  custom:scripting/monoscript/fileName/MenuItems.cs: 3ea3522373e3b4d2ef39113c39531efd -> 
  custom:scripting/monoscript/fileName/DefaultSpriteNameFileIdDataProvider.cs: cd965ed390b21ec0302c3211a9f903ff -> 
  custom:framework-win-MediaFoundation: 216162199b28c13a410421893ffa2e32 -> 
  custom:scripting/monoscript/fileName/PlayerInteract.cs: 73ffd8c360dbab24565d6c0e90133a24 -> 
  custom:scripting/monoscript/fileName/ShapeEditor.cs: 7eba0c642af179a392c34e527393b30b -> 
  custom:scripting/monoscript/fileName/SpritePolygonModeModule.cs: 8b4aa126b968b0772b9e20476364e690 -> 
  custom:scripting/precompiled-assembly-types:Unity.2D.Sprite.Editor: c80415e041d636416599f4ac20098905 -> 
  custom:scripting/monoscript/fileName/ItemCreationUtility.cs: d1c4ddba747ed633116f555c0d69ace7 -> 
  custom:scripting/monoscript/fileName/AnimalAttuneLevels.cs: ea957c9e2bf28bc3640e58cf244df784 -> 
  custom:CustomObjectIndexerAttribute: 9a22284fe3817be447336de3de66b15e -> 
  custom:scripting/monoscript/fileName/SpriteEditorHandles.cs: 8b78502b9b56b3c556563a6e935b52ad -> 
  custom:container-demuxer-webm: 4f35f7cbe854078d1ac9338744f61a02 -> 
  custom:scripting/monoscript/fileName/SpriteNameFileIdPair.cs: 8dab74045e538d5698ea3c4caed3e48c -> 
  custom:scripting/monoscript/fileName/IGL.cs: 8903f8a1304142ec1aefe33b7a4db28c -> 
  custom:scripting/monoscript/fileName/SpritePhysicsShapeModule.cs: 35688b9e178698712b557d50761dc7c2 -> 
  custom:scripting/monoscript/fileName/ITexture.cs: dbb4c87e1c028ce779185d5d3d566460 -> 
  custom:container-muxer-webm: aa71ff27fc2769a1b78a27578f13a17b -> 
  custom:scripting/monoscript/fileName/IEvent.cs: c25d501578d8ebe48d7b30415b0df4c5 -> 
  custom:video-decoder-webm-vp8: 9c59270c3fd7afecdb556c50c9e8de78 -> 
  custom:scripting/monoscript/fileName/SpriteOutlineModule.cs: 249fecf584323de7d2fd0b14e9a4944c -> 
  custom:SearchIndexIgnoredProperties: e643bd26f0fe6173181afceb89e7c659 -> 
  custom:AudioImporter_EditorPlatform: d09bf68614088b80899f8185d706f6e7 -> 
  custom:scripting/monoscript/fileName/SpriteEditorUtility.cs: 7e2d1f2cb427fd67c5461f9431375c3a -> 
  custom:scripting/monoscript/fileName/SpriteSecondaryTexturesModule.cs: 8f361de5bdfd731e220c415240ad033f -> 
  custom:scripting/monoscript/fileName/IGUIUtility.cs: cad79017f17454feb4e1799b1c42f87c -> 
  custom:scripting/monoscript/fileName/IHandles.cs: d2780a18a3844e49d490d68d5cb3d26a -> 
  custom:scripting/monoscript/fileName/TextureImporterDataProvider.cs: d68f5d5325387f4e38fdcf2610c72ce3 -> 
  custom:scripting/monoscript/fileName/SpriteEditorMenu.cs: f9042f312a91c162ede0d5de48225240 -> 
  custom:scripting/monoscript/fileName/ISpriteEditorDataProvider.cs: 4c01add71bf03a3e1afff21bbd534ee9 -> 
  custom:scripting/monoscript/fileName/IUndoSystem.cs: 841a069a843e48d57d362ca08bca21d4 -> 
  custom:scripting/monoscript/fileName/SpritePolygonModeModuleView.cs: db8ddbee5a89c636987047f4602001ef -> 
  custom:scripting/monoscript/fileName/SpriteEditorData.cs: 79e0d970ecf11ef3020398e38672548f -> 
  custom:video-encoder-webm-vp8: eb34c28f22e8b96e1ab97ce403110664 -> 
  custom:audio-decoder-ogg-vorbis: bf7c407c2cedff20999df2af8eb42d56 -> 
  custom:scripting/monoscript/fileName/SpriteEditorWindowSettings.cs: 8e59c26ada2085b3ebaa83fd01af70e3 -> 
  custom:scripting/monoscript/fileName/SpriteFrameModuleBaseView.cs: 72abaa53c3c1184e23d4d9a45f62d8c2 -> 
  custom:scripting/monoscript/fileName/IAssetDatabase.cs: c40b958675a6cd5b519fa6ca497fede4 -> 
  custom:scripting/monoscript/fileName/SpriteFrameModule.cs: f07011b3ec3622062bef733dc29fedf0 -> 
  custom:scripting/monoscript/fileName/ShapeEditorRectSelection.cs: 1696d724b33ef6168949bbdce78d19c6 -> 
  custom:scripting/monoscript/fileName/TextureImporterDataProviderImplementation.cs: ffb9fda6ca225aa106e9fa84455f4e60 -> 
  custom:audio-encoder-webm-vorbis: bf7c407c2cedff20999df2af8eb42d56 -> 
  custom:scripting/monoscript/fileName/SpriteUtilityWindow.cs: 4827aafd0c4d893166845eac1266c4ed -> 
  custom:scripting/monoscript/fileName/SpriteFrameModuleBase.cs: 82472910b376b3c28a6f5b31b28f5f51 -> 
  custom:scripting/precompiled-assembly-types:Assembly-CSharp: 03a9e825132f465d969c1794e92b6bae -> 17fd4233e2971542c9b4d9c5fc8a1fc5
  custom:scripting/monoscript/fileName/SpriteFrameModuleView.cs: f07011b3ec3622062bef733dc29fedf0 -> 
========================================================================
Received Import Request.
  Time since last request: 582.244636 seconds.
  path: Assets/ECCreated/Scripts/PlayerInteract.cs
  artifactKey: Guid(1d07cce1b98ed6344a1dc617d19945ff) Importer(815301076,1909f56bfc062723c751e8b465ee728b)
Start importing Assets/ECCreated/Scripts/PlayerInteract.cs using Guid(1d07cce1b98ed6344a1dc617d19945ff) Importer(815301076,1909f56bfc062723c751e8b465ee728b) [PhysX] Initialized MultithreadedTaskDispatcher with 8 workers.
 -> (artifact id: 'b313a18402adbffb6e8f64eb7e0166e1') in 0.001953 seconds
Number of updated asset objects reloaded before import = 0
Number of asset objects unloaded after import = 0
========================================================================
Received Import Request.
  Time since last request: 1.355344 seconds.
  path: Assets/ECCreated/Scripts/PlayerControl.cs
  artifactKey: Guid(1c2ce67864521fc4d93e7d676c288ef8) Importer(815301076,1909f56bfc062723c751e8b465ee728b)
Start importing Assets/ECCreated/Scripts/PlayerControl.cs using Guid(1c2ce67864521fc4d93e7d676c288ef8) Importer(815301076,1909f56bfc062723c751e8b465ee728b) [PhysX] Initialized MultithreadedTaskDispatcher with 8 workers.
 -> (artifact id: 'b6ccef3fd893270e19145512b0010559') in 0.000422 seconds
Number of updated asset objects reloaded before import = 0
Number of asset objects unloaded after import = 0
========================================================================
Received Import Request.
  Time since last request: 0.395576 seconds.
  path: Assets/ECCreated/Scripts/AnimalAttuneLevels.cs
  artifactKey: Guid(34cd8a07805bba74a87771dff0982904) Importer(815301076,1909f56bfc062723c751e8b465ee728b)
Start importing Assets/ECCreated/Scripts/AnimalAttuneLevels.cs using Guid(34cd8a07805bba74a87771dff0982904) Importer(815301076,1909f56bfc062723c751e8b465ee728b) [PhysX] Initialized MultithreadedTaskDispatcher with 8 workers.
 -> (artifact id: '4c38eb64f343563e6007bb3611ac8709') in 0.000418 seconds
Number of updated asset objects reloaded before import = 0
Number of asset objects unloaded after import = 0
========================================================================
Received Prepare
Caller must complete domain reload
Begin MonoManager ReloadAssembly
- Loaded All Assemblies, in  0.577 seconds
Native extension for WindowsStandalone target not found
Mono: successfully reloaded assembly
- Finished resetting the current domain, in  1.092 seconds
Domain Reload Profiling: 1669ms
	BeginReloadAssembly (184ms)
		ExecutionOrderSort (0ms)
		DisableScriptedObjects (5ms)
		BackupInstance (0ms)
		ReleaseScriptingObjects (0ms)
		CreateAndSetChildDomain (33ms)
	RebuildCommonClasses (32ms)
	RebuildNativeTypeToScriptingClass (13ms)
	initialDomainReloadingComplete (46ms)
	LoadAllAssembliesAndSetupDomain (302ms)
		LoadAssemblies (372ms)
		RebuildTransferFunctionScriptingTraits (0ms)
		AnalyzeDomain (44ms)
			TypeCache.Refresh (21ms)
				TypeCache.ScanAssembly (0ms)
			ScanForSourceGeneratedMonoScriptInfo (14ms)
			ResolveRequiredComponents (8ms)
	FinalizeReload (1093ms)
		ReleaseScriptCaches (0ms)
		RebuildScriptCaches (0ms)
		SetupLoadedEditorAssemblies (575ms)
			LogAssemblyErrors (0ms)
			InitializePlatformSupportModulesInManaged (5ms)
			SetLoadedEditorAssemblies (6ms)
			RefreshPlugins (0ms)
			BeforeProcessingInitializeOnLoad (94ms)
			ProcessInitializeOnLoadAttributes (424ms)
			ProcessInitializeOnLoadMethodAttributes (42ms)
			AfterProcessingInitializeOnLoad (2ms)
			EditorAssembliesLoaded (0ms)
		ExecutionOrderSort2 (0ms)
		AwakeInstancesAfterBackupRestoration (13ms)
Refreshing native plugins compatible for Editor in 2.55 ms, found 3 plugins.
Preloading 0 native plugins for Editor in 0.00 ms.
Unloading 3578 Unused Serialized files (Serialized files now loaded: 0)
Unloading 14 unused Assets / (28.5 KB). Loaded Objects now: 4427.
Memory consumption went from 132.5 MB to 132.5 MB.
Total: 3.143200 ms (FindLiveObjects: 0.320200 ms CreateObjectMapping: 0.206300 ms MarkObjects: 2.580100 ms  DeleteObjects: 0.035800 ms)

Prepare: number of updated asset objects reloaded= 0
AssetImportParameters requested are different than current active one (requested -> active):
  custom:scripting/monoscript/fileName/RandomHitPlacer.cs: 0e520bb249608fd9a2ce5ff96c591009 -> 
  custom:container-demuxer-ogg: 62fdf1f143b41e24485cea50d1cbac27 -> 
  custom:scripting/monoscript/fileName/SpriteEditorWindow.cs: 1629bd700639d5abf7ee9c1a15128fda -> 
  custom:scripting/monoscript/fileName/SpriteRect.cs: 8da6d12a5fbd75a0eba31cfa62842428 -> 
  custom:scripting/monoscript/fileName/ISpriteEditorModule.cs: f35f8b8d39dcfd448fbbe9ea48566c2f -> 
  custom:video-decoder-ogg-theora: a1e56fd34408186e4bbccfd4996cb3dc -> 
  custom:scripting/monoscript/fileName/MenuItems.cs: 3ea3522373e3b4d2ef39113c39531efd -> 
  custom:scripting/monoscript/fileName/DefaultSpriteNameFileIdDataProvider.cs: cd965ed390b21ec0302c3211a9f903ff -> 
  custom:framework-win-MediaFoundation: 216162199b28c13a410421893ffa2e32 -> 
  custom:scripting/monoscript/fileName/PlayerInteract.cs: 73ffd8c360dbab24565d6c0e90133a24 -> 
  custom:scripting/monoscript/fileName/ShapeEditor.cs: 7eba0c642af179a392c34e527393b30b -> 
  custom:scripting/monoscript/fileName/SpritePolygonModeModule.cs: 8b4aa126b968b0772b9e20476364e690 -> 
  custom:scripting/precompiled-assembly-types:Unity.2D.Sprite.Editor: c80415e041d636416599f4ac20098905 -> 
  custom:scripting/monoscript/fileName/ItemCreationUtility.cs: d1c4ddba747ed633116f555c0d69ace7 -> 
  custom:scripting/monoscript/fileName/AnimalAttuneLevels.cs: ea957c9e2bf28bc3640e58cf244df784 -> 
  custom:CustomObjectIndexerAttribute: 9a22284fe3817be447336de3de66b15e -> 
  custom:scripting/monoscript/fileName/SpriteEditorHandles.cs: 8b78502b9b56b3c556563a6e935b52ad -> 
  custom:container-demuxer-webm: 4f35f7cbe854078d1ac9338744f61a02 -> 
  custom:scripting/monoscript/fileName/SpriteNameFileIdPair.cs: 8dab74045e538d5698ea3c4caed3e48c -> 
  custom:scripting/monoscript/fileName/IGL.cs: 8903f8a1304142ec1aefe33b7a4db28c -> 
  custom:scripting/monoscript/fileName/SpritePhysicsShapeModule.cs: 35688b9e178698712b557d50761dc7c2 -> 
  custom:scripting/monoscript/fileName/ITexture.cs: dbb4c87e1c028ce779185d5d3d566460 -> 
  custom:container-muxer-webm: aa71ff27fc2769a1b78a27578f13a17b -> 
  custom:scripting/monoscript/fileName/IEvent.cs: c25d501578d8ebe48d7b30415b0df4c5 -> 
  custom:video-decoder-webm-vp8: 9c59270c3fd7afecdb556c50c9e8de78 -> 
  custom:scripting/monoscript/fileName/SpriteOutlineModule.cs: 249fecf584323de7d2fd0b14e9a4944c -> 
  custom:SearchIndexIgnoredProperties: e643bd26f0fe6173181afceb89e7c659 -> 
  custom:AudioImporter_EditorPlatform: d09bf68614088b80899f8185d706f6e7 -> 
  custom:scripting/monoscript/fileName/SpriteEditorUtility.cs: 7e2d1f2cb427fd67c5461f9431375c3a -> 
  custom:scripting/monoscript/fileName/SpriteSecondaryTexturesModule.cs: 8f361de5bdfd731e220c415240ad033f -> 
  custom:scripting/monoscript/fileName/IGUIUtility.cs: cad79017f17454feb4e1799b1c42f87c -> 
  custom:scripting/monoscript/fileName/IHandles.cs: d2780a18a3844e49d490d68d5cb3d26a -> 
  custom:scripting/monoscript/fileName/TextureImporterDataProvider.cs: d68f5d5325387f4e38fdcf2610c72ce3 -> 
  custom:scripting/monoscript/fileName/SpriteEditorMenu.cs: f9042f312a91c162ede0d5de48225240 -> 
  custom:scripting/monoscript/fileName/ISpriteEditorDataProvider.cs: 4c01add71bf03a3e1afff21bbd534ee9 -> 
  custom:scripting/monoscript/fileName/IUndoSystem.cs: 841a069a843e48d57d362ca08bca21d4 -> 
  custom:scripting/monoscript/fileName/SpritePolygonModeModuleView.cs: db8ddbee5a89c636987047f4602001ef -> 
  custom:scripting/monoscript/fileName/SpriteEditorData.cs: 79e0d970ecf11ef3020398e38672548f -> 
  custom:video-encoder-webm-vp8: eb34c28f22e8b96e1ab97ce403110664 -> 
  custom:audio-decoder-ogg-vorbis: bf7c407c2cedff20999df2af8eb42d56 -> 
  custom:scripting/monoscript/fileName/SpriteEditorWindowSettings.cs: 8e59c26ada2085b3ebaa83fd01af70e3 -> 
  custom:scripting/monoscript/fileName/SpriteFrameModuleBaseView.cs: 72abaa53c3c1184e23d4d9a45f62d8c2 -> 
  custom:scripting/monoscript/fileName/IAssetDatabase.cs: c40b958675a6cd5b519fa6ca497fede4 -> 
  custom:scripting/monoscript/fileName/SpriteFrameModule.cs: f07011b3ec3622062bef733dc29fedf0 -> 
  custom:scripting/monoscript/fileName/ShapeEditorRectSelection.cs: 1696d724b33ef6168949bbdce78d19c6 -> 
  custom:scripting/monoscript/fileName/TextureImporterDataProviderImplementation.cs: ffb9fda6ca225aa106e9fa84455f4e60 -> 
  custom:audio-encoder-webm-vorbis: bf7c407c2cedff20999df2af8eb42d56 -> 
  custom:scripting/monoscript/fileName/SpriteUtilityWindow.cs: 4827aafd0c4d893166845eac1266c4ed -> 
  custom:scripting/monoscript/fileName/SpriteFrameModuleBase.cs: 82472910b376b3c28a6f5b31b28f5f51 -> 
  custom:scripting/precompiled-assembly-types:Assembly-CSharp: 03a9e825132f465d969c1794e92b6bae -> 17fd4233e2971542c9b4d9c5fc8a1fc5
  custom:scripting/monoscript/fileName/SpriteFrameModuleView.cs: f07011b3ec3622062bef733dc29fedf0 -> 
========================================================================
Received Prepare
Caller must complete domain reload
Begin MonoManager ReloadAssembly
- Loaded All Assemblies, in  0.525 seconds
Native extension for WindowsStandalone target not found
Mono: successfully reloaded assembly
- Finished resetting the current domain, in  1.059 seconds
Domain Reload Profiling: 1584ms
	BeginReloadAssembly (184ms)
		ExecutionOrderSort (0ms)
		DisableScriptedObjects (5ms)
		BackupInstance (0ms)
		ReleaseScriptingObjects (0ms)
		CreateAndSetChildDomain (38ms)
	RebuildCommonClasses (34ms)
	RebuildNativeTypeToScriptingClass (10ms)
	initialDomainReloadingComplete (28ms)
	LoadAllAssembliesAndSetupDomain (268ms)
		LoadAssemblies (347ms)
		RebuildTransferFunctionScriptingTraits (0ms)
		AnalyzeDomain (31ms)
			TypeCache.Refresh (10ms)
				TypeCache.ScanAssembly (0ms)
			ScanForSourceGeneratedMonoScriptInfo (14ms)
			ResolveRequiredComponents (6ms)
	FinalizeReload (1060ms)
		ReleaseScriptCaches (0ms)
		RebuildScriptCaches (0ms)
		SetupLoadedEditorAssemblies (543ms)
			LogAssemblyErrors (0ms)
			InitializePlatformSupportModulesInManaged (6ms)
			SetLoadedEditorAssemblies (5ms)
			RefreshPlugins (0ms)
			BeforeProcessingInitializeOnLoad (93ms)
			ProcessInitializeOnLoadAttributes (416ms)
			ProcessInitializeOnLoadMethodAttributes (21ms)
			AfterProcessingInitializeOnLoad (2ms)
			EditorAssembliesLoaded (0ms)
		ExecutionOrderSort2 (0ms)
		AwakeInstancesAfterBackupRestoration (5ms)
Refreshing native plugins compatible for Editor in 2.57 ms, found 3 plugins.
Preloading 0 native plugins for Editor in 0.00 ms.
Unloading 3579 Unused Serialized files (Serialized files now loaded: 0)
Unloading 14 unused Assets / (28.6 KB). Loaded Objects now: 4430.
Memory consumption went from 132.8 MB to 132.8 MB.
Total: 3.034200 ms (FindLiveObjects: 0.326200 ms CreateObjectMapping: 0.230600 ms MarkObjects: 2.442200 ms  DeleteObjects: 0.034600 ms)

Prepare: number of updated asset objects reloaded= 0
AssetImportParameters requested are different than current active one (requested -> active):
  custom:scripting/monoscript/fileName/RandomHitPlacer.cs: 0e520bb249608fd9a2ce5ff96c591009 -> 
  custom:container-demuxer-ogg: 62fdf1f143b41e24485cea50d1cbac27 -> 
  custom:scripting/monoscript/fileName/SpriteEditorWindow.cs: 1629bd700639d5abf7ee9c1a15128fda -> 
  custom:scripting/monoscript/fileName/SpriteRect.cs: 8da6d12a5fbd75a0eba31cfa62842428 -> 
  custom:scripting/monoscript/fileName/ISpriteEditorModule.cs: f35f8b8d39dcfd448fbbe9ea48566c2f -> 
  custom:video-decoder-ogg-theora: a1e56fd34408186e4bbccfd4996cb3dc -> 
  custom:scripting/monoscript/fileName/MenuItems.cs: 3ea3522373e3b4d2ef39113c39531efd -> 
  custom:scripting/monoscript/fileName/DefaultSpriteNameFileIdDataProvider.cs: cd965ed390b21ec0302c3211a9f903ff -> 
  custom:framework-win-MediaFoundation: 216162199b28c13a410421893ffa2e32 -> 
  custom:scripting/monoscript/fileName/PlayerInteract.cs: 73ffd8c360dbab24565d6c0e90133a24 -> 
  custom:scripting/monoscript/fileName/ShapeEditor.cs: 7eba0c642af179a392c34e527393b30b -> 
  custom:scripting/monoscript/fileName/SpritePolygonModeModule.cs: 8b4aa126b968b0772b9e20476364e690 -> 
  custom:scripting/precompiled-assembly-types:Unity.2D.Sprite.Editor: c80415e041d636416599f4ac20098905 -> 
  custom:scripting/monoscript/fileName/ItemCreationUtility.cs: d1c4ddba747ed633116f555c0d69ace7 -> 
  custom:scripting/monoscript/fileName/AnimalAttuneLevels.cs: ea957c9e2bf28bc3640e58cf244df784 -> 
  custom:CustomObjectIndexerAttribute: 9a22284fe3817be447336de3de66b15e -> 
  custom:scripting/monoscript/fileName/SpriteEditorHandles.cs: 8b78502b9b56b3c556563a6e935b52ad -> 
  custom:container-demuxer-webm: 4f35f7cbe854078d1ac9338744f61a02 -> 
  custom:scripting/monoscript/fileName/SpriteNameFileIdPair.cs: 8dab74045e538d5698ea3c4caed3e48c -> 
  custom:scripting/monoscript/fileName/IGL.cs: 8903f8a1304142ec1aefe33b7a4db28c -> 
  custom:scripting/monoscript/fileName/SpritePhysicsShapeModule.cs: 35688b9e178698712b557d50761dc7c2 -> 
  custom:scripting/monoscript/fileName/ITexture.cs: dbb4c87e1c028ce779185d5d3d566460 -> 
  custom:container-muxer-webm: aa71ff27fc2769a1b78a27578f13a17b -> 
  custom:scripting/monoscript/fileName/IEvent.cs: c25d501578d8ebe48d7b30415b0df4c5 -> 
  custom:video-decoder-webm-vp8: 9c59270c3fd7afecdb556c50c9e8de78 -> 
  custom:scripting/monoscript/fileName/SpriteOutlineModule.cs: 249fecf584323de7d2fd0b14e9a4944c -> 
  custom:SearchIndexIgnoredProperties: e643bd26f0fe6173181afceb89e7c659 -> 
  custom:AudioImporter_EditorPlatform: d09bf68614088b80899f8185d706f6e7 -> 
  custom:scripting/monoscript/fileName/SpriteEditorUtility.cs: 7e2d1f2cb427fd67c5461f9431375c3a -> 
  custom:scripting/monoscript/fileName/SpriteSecondaryTexturesModule.cs: 8f361de5bdfd731e220c415240ad033f -> 
  custom:scripting/monoscript/fileName/IGUIUtility.cs: cad79017f17454feb4e1799b1c42f87c -> 
  custom:scripting/monoscript/fileName/IHandles.cs: d2780a18a3844e49d490d68d5cb3d26a -> 
  custom:scripting/monoscript/fileName/TextureImporterDataProvider.cs: d68f5d5325387f4e38fdcf2610c72ce3 -> 
  custom:scripting/monoscript/fileName/SpriteEditorMenu.cs: f9042f312a91c162ede0d5de48225240 -> 
  custom:scripting/monoscript/fileName/ISpriteEditorDataProvider.cs: 4c01add71bf03a3e1afff21bbd534ee9 -> 
  custom:scripting/monoscript/fileName/IUndoSystem.cs: 841a069a843e48d57d362ca08bca21d4 -> 
  custom:scripting/monoscript/fileName/SpritePolygonModeModuleView.cs: db8ddbee5a89c636987047f4602001ef -> 
  custom:scripting/monoscript/fileName/SpriteEditorData.cs: 79e0d970ecf11ef3020398e38672548f -> 
  custom:video-encoder-webm-vp8: eb34c28f22e8b96e1ab97ce403110664 -> 
  custom:audio-decoder-ogg-vorbis: bf7c407c2cedff20999df2af8eb42d56 -> 
  custom:scripting/monoscript/fileName/SpriteEditorWindowSettings.cs: 8e59c26ada2085b3ebaa83fd01af70e3 -> 
  custom:scripting/monoscript/fileName/SpriteFrameModuleBaseView.cs: 72abaa53c3c1184e23d4d9a45f62d8c2 -> 
  custom:scripting/monoscript/fileName/IAssetDatabase.cs: c40b958675a6cd5b519fa6ca497fede4 -> 
  custom:scripting/monoscript/fileName/SpriteFrameModule.cs: f07011b3ec3622062bef733dc29fedf0 -> 
  custom:scripting/monoscript/fileName/ShapeEditorRectSelection.cs: 1696d724b33ef6168949bbdce78d19c6 -> 
  custom:scripting/monoscript/fileName/TextureImporterDataProviderImplementation.cs: ffb9fda6ca225aa106e9fa84455f4e60 -> 
  custom:audio-encoder-webm-vorbis: bf7c407c2cedff20999df2af8eb42d56 -> 
  custom:scripting/monoscript/fileName/SpriteUtilityWindow.cs: 4827aafd0c4d893166845eac1266c4ed -> 
  custom:scripting/monoscript/fileName/SpriteFrameModuleBase.cs: 82472910b376b3c28a6f5b31b28f5f51 -> 
  custom:scripting/precompiled-assembly-types:Assembly-CSharp: 03a9e825132f465d969c1794e92b6bae -> 17fd4233e2971542c9b4d9c5fc8a1fc5
  custom:scripting/monoscript/fileName/SpriteFrameModuleView.cs: f07011b3ec3622062bef733dc29fedf0 -> 
========================================================================
Received Prepare
Caller must complete domain reload
Begin MonoManager ReloadAssembly
- Loaded All Assemblies, in  0.556 seconds
Native extension for WindowsStandalone target not found
Mono: successfully reloaded assembly
- Finished resetting the current domain, in  1.111 seconds
Domain Reload Profiling: 1667ms
	BeginReloadAssembly (187ms)
		ExecutionOrderSort (0ms)
		DisableScriptedObjects (6ms)
		BackupInstance (0ms)
		ReleaseScriptingObjects (0ms)
		CreateAndSetChildDomain (35ms)
	RebuildCommonClasses (35ms)
	RebuildNativeTypeToScriptingClass (12ms)
	initialDomainReloadingComplete (46ms)
	LoadAllAssembliesAndSetupDomain (277ms)
		LoadAssemblies (348ms)
		RebuildTransferFunctionScriptingTraits (0ms)
		AnalyzeDomain (40ms)
			TypeCache.Refresh (15ms)
				TypeCache.ScanAssembly (0ms)
			ScanForSourceGeneratedMonoScriptInfo (14ms)
			ResolveRequiredComponents (9ms)
	FinalizeReload (1111ms)
		ReleaseScriptCaches (0ms)
		RebuildScriptCaches (0ms)
		SetupLoadedEditorAssemblies (589ms)
			LogAssemblyErrors (0ms)
			InitializePlatformSupportModulesInManaged (5ms)
			SetLoadedEditorAssemblies (6ms)
			RefreshPlugins (0ms)
			BeforeProcessingInitializeOnLoad (92ms)
			ProcessInitializeOnLoadAttributes (459ms)
			ProcessInitializeOnLoadMethodAttributes (24ms)
			AfterProcessingInitializeOnLoad (2ms)
			EditorAssembliesLoaded (0ms)
		ExecutionOrderSort2 (0ms)
		AwakeInstancesAfterBackupRestoration (6ms)
Refreshing native plugins compatible for Editor in 4.06 ms, found 3 plugins.
Preloading 0 native plugins for Editor in 0.00 ms.
Unloading 3579 Unused Serialized files (Serialized files now loaded: 0)
Unloading 14 unused Assets / (28.6 KB). Loaded Objects now: 4433.
Memory consumption went from 132.8 MB to 132.8 MB.
Total: 3.244800 ms (FindLiveObjects: 0.518100 ms CreateObjectMapping: 0.290800 ms MarkObjects: 2.393900 ms  DeleteObjects: 0.041000 ms)

Prepare: number of updated asset objects reloaded= 0
AssetImportParameters requested are different than current active one (requested -> active):
  custom:scripting/monoscript/fileName/RandomHitPlacer.cs: 0e520bb249608fd9a2ce5ff96c591009 -> 
  custom:container-demuxer-ogg: 62fdf1f143b41e24485cea50d1cbac27 -> 
  custom:scripting/monoscript/fileName/SpriteEditorWindow.cs: 1629bd700639d5abf7ee9c1a15128fda -> 
  custom:scripting/monoscript/fileName/SpriteRect.cs: 8da6d12a5fbd75a0eba31cfa62842428 -> 
  custom:scripting/monoscript/fileName/ISpriteEditorModule.cs: f35f8b8d39dcfd448fbbe9ea48566c2f -> 
  custom:video-decoder-ogg-theora: a1e56fd34408186e4bbccfd4996cb3dc -> 
  custom:scripting/monoscript/fileName/MenuItems.cs: 3ea3522373e3b4d2ef39113c39531efd -> 
  custom:scripting/monoscript/fileName/DefaultSpriteNameFileIdDataProvider.cs: cd965ed390b21ec0302c3211a9f903ff -> 
  custom:framework-win-MediaFoundation: 216162199b28c13a410421893ffa2e32 -> 
  custom:scripting/monoscript/fileName/PlayerInteract.cs: 73ffd8c360dbab24565d6c0e90133a24 -> 
  custom:scripting/monoscript/fileName/ShapeEditor.cs: 7eba0c642af179a392c34e527393b30b -> 
  custom:scripting/monoscript/fileName/SpritePolygonModeModule.cs: 8b4aa126b968b0772b9e20476364e690 -> 
  custom:scripting/precompiled-assembly-types:Unity.2D.Sprite.Editor: c80415e041d636416599f4ac20098905 -> 
  custom:scripting/monoscript/fileName/ItemCreationUtility.cs: d1c4ddba747ed633116f555c0d69ace7 -> 
  custom:scripting/monoscript/fileName/AnimalAttuneLevels.cs: ea957c9e2bf28bc3640e58cf244df784 -> 
  custom:CustomObjectIndexerAttribute: 9a22284fe3817be447336de3de66b15e -> 
  custom:scripting/monoscript/fileName/SpriteEditorHandles.cs: 8b78502b9b56b3c556563a6e935b52ad -> 
  custom:container-demuxer-webm: 4f35f7cbe854078d1ac9338744f61a02 -> 
  custom:scripting/monoscript/fileName/SpriteNameFileIdPair.cs: 8dab74045e538d5698ea3c4caed3e48c -> 
  custom:scripting/monoscript/fileName/IGL.cs: 8903f8a1304142ec1aefe33b7a4db28c -> 
  custom:scripting/monoscript/fileName/SpritePhysicsShapeModule.cs: 35688b9e178698712b557d50761dc7c2 -> 
  custom:scripting/monoscript/fileName/ITexture.cs: dbb4c87e1c028ce779185d5d3d566460 -> 
  custom:container-muxer-webm: aa71ff27fc2769a1b78a27578f13a17b -> 
  custom:scripting/monoscript/fileName/IEvent.cs: c25d501578d8ebe48d7b30415b0df4c5 -> 
  custom:video-decoder-webm-vp8: 9c59270c3fd7afecdb556c50c9e8de78 -> 
  custom:scripting/monoscript/fileName/SpriteOutlineModule.cs: 249fecf584323de7d2fd0b14e9a4944c -> 
  custom:SearchIndexIgnoredProperties: e643bd26f0fe6173181afceb89e7c659 -> 
  custom:AudioImporter_EditorPlatform: d09bf68614088b80899f8185d706f6e7 -> 
  custom:scripting/monoscript/fileName/SpriteEditorUtility.cs: 7e2d1f2cb427fd67c5461f9431375c3a -> 
  custom:scripting/monoscript/fileName/SpriteSecondaryTexturesModule.cs: 8f361de5bdfd731e220c415240ad033f -> 
  custom:scripting/monoscript/fileName/IGUIUtility.cs: cad79017f17454feb4e1799b1c42f87c -> 
  custom:scripting/monoscript/fileName/IHandles.cs: d2780a18a3844e49d490d68d5cb3d26a -> 
  custom:scripting/monoscript/fileName/TextureImporterDataProvider.cs: d68f5d5325387f4e38fdcf2610c72ce3 -> 
  custom:scripting/monoscript/fileName/SpriteEditorMenu.cs: f9042f312a91c162ede0d5de48225240 -> 
  custom:scripting/monoscript/fileName/ISpriteEditorDataProvider.cs: 4c01add71bf03a3e1afff21bbd534ee9 -> 
  custom:scripting/monoscript/fileName/IUndoSystem.cs: 841a069a843e48d57d362ca08bca21d4 -> 
  custom:scripting/monoscript/fileName/SpritePolygonModeModuleView.cs: db8ddbee5a89c636987047f4602001ef -> 
  custom:scripting/monoscript/fileName/SpriteEditorData.cs: 79e0d970ecf11ef3020398e38672548f -> 
  custom:video-encoder-webm-vp8: eb34c28f22e8b96e1ab97ce403110664 -> 
  custom:audio-decoder-ogg-vorbis: bf7c407c2cedff20999df2af8eb42d56 -> 
  custom:scripting/monoscript/fileName/SpriteEditorWindowSettings.cs: 8e59c26ada2085b3ebaa83fd01af70e3 -> 
  custom:scripting/monoscript/fileName/SpriteFrameModuleBaseView.cs: 72abaa53c3c1184e23d4d9a45f62d8c2 -> 
  custom:scripting/monoscript/fileName/IAssetDatabase.cs: c40b958675a6cd5b519fa6ca497fede4 -> 
  custom:scripting/monoscript/fileName/SpriteFrameModule.cs: f07011b3ec3622062bef733dc29fedf0 -> 
  custom:scripting/monoscript/fileName/ShapeEditorRectSelection.cs: 1696d724b33ef6168949bbdce78d19c6 -> 
  custom:scripting/monoscript/fileName/TextureImporterDataProviderImplementation.cs: ffb9fda6ca225aa106e9fa84455f4e60 -> 
  custom:audio-encoder-webm-vorbis: bf7c407c2cedff20999df2af8eb42d56 -> 
  custom:scripting/monoscript/fileName/SpriteUtilityWindow.cs: 4827aafd0c4d893166845eac1266c4ed -> 
  custom:scripting/monoscript/fileName/SpriteFrameModuleBase.cs: 82472910b376b3c28a6f5b31b28f5f51 -> 
  custom:scripting/precompiled-assembly-types:Assembly-CSharp: 03a9e825132f465d969c1794e92b6bae -> 17fd4233e2971542c9b4d9c5fc8a1fc5
  custom:scripting/monoscript/fileName/SpriteFrameModuleView.cs: f07011b3ec3622062bef733dc29fedf0 -> 
========================================================================
Received Prepare
Caller must complete domain reload
Begin MonoManager ReloadAssembly
- Loaded All Assemblies, in  0.557 seconds
Native extension for WindowsStandalone target not found
Mono: successfully reloaded assembly
- Finished resetting the current domain, in  1.036 seconds
Domain Reload Profiling: 1593ms
	BeginReloadAssembly (190ms)
		ExecutionOrderSort (0ms)
		DisableScriptedObjects (6ms)
		BackupInstance (0ms)
		ReleaseScriptingObjects (0ms)
		CreateAndSetChildDomain (36ms)
	RebuildCommonClasses (36ms)
	RebuildNativeTypeToScriptingClass (10ms)
	initialDomainReloadingComplete (27ms)
	LoadAllAssembliesAndSetupDomain (293ms)
		LoadAssemblies (371ms)
		RebuildTransferFunctionScriptingTraits (0ms)
		AnalyzeDomain (37ms)
			TypeCache.Refresh (14ms)
				TypeCache.ScanAssembly (0ms)
			ScanForSourceGeneratedMonoScriptInfo (15ms)
			ResolveRequiredComponents (6ms)
	FinalizeReload (1036ms)
		ReleaseScriptCaches (0ms)
		RebuildScriptCaches (0ms)
		SetupLoadedEditorAssemblies (542ms)
			LogAssemblyErrors (0ms)
			InitializePlatformSupportModulesInManaged (5ms)
			SetLoadedEditorAssemblies (6ms)
			RefreshPlugins (0ms)
			BeforeProcessingInitializeOnLoad (91ms)
			ProcessInitializeOnLoadAttributes (414ms)
			ProcessInitializeOnLoadMethodAttributes (23ms)
			AfterProcessingInitializeOnLoad (2ms)
			EditorAssembliesLoaded (0ms)
		ExecutionOrderSort2 (0ms)
		AwakeInstancesAfterBackupRestoration (8ms)
Refreshing native plugins compatible for Editor in 3.71 ms, found 3 plugins.
Preloading 0 native plugins for Editor in 0.00 ms.
Unloading 3579 Unused Serialized files (Serialized files now loaded: 0)
Unloading 14 unused Assets / (28.5 KB). Loaded Objects now: 4436.
Memory consumption went from 132.8 MB to 132.8 MB.
Total: 3.260000 ms (FindLiveObjects: 0.390100 ms CreateObjectMapping: 0.233900 ms MarkObjects: 2.598300 ms  DeleteObjects: 0.037000 ms)

Prepare: number of updated asset objects reloaded= 0
AssetImportParameters requested are different than current active one (requested -> active):
  custom:scripting/monoscript/fileName/RandomHitPlacer.cs: 0e520bb249608fd9a2ce5ff96c591009 -> 
  custom:container-demuxer-ogg: 62fdf1f143b41e24485cea50d1cbac27 -> 
  custom:scripting/monoscript/fileName/SpriteEditorWindow.cs: 1629bd700639d5abf7ee9c1a15128fda -> 
  custom:scripting/monoscript/fileName/SpriteRect.cs: 8da6d12a5fbd75a0eba31cfa62842428 -> 
  custom:scripting/monoscript/fileName/ISpriteEditorModule.cs: f35f8b8d39dcfd448fbbe9ea48566c2f -> 
  custom:video-decoder-ogg-theora: a1e56fd34408186e4bbccfd4996cb3dc -> 
  custom:scripting/monoscript/fileName/MenuItems.cs: 3ea3522373e3b4d2ef39113c39531efd -> 
  custom:scripting/monoscript/fileName/DefaultSpriteNameFileIdDataProvider.cs: cd965ed390b21ec0302c3211a9f903ff -> 
  custom:framework-win-MediaFoundation: 216162199b28c13a410421893ffa2e32 -> 
  custom:scripting/monoscript/fileName/PlayerInteract.cs: 73ffd8c360dbab24565d6c0e90133a24 -> 
  custom:scripting/monoscript/fileName/ShapeEditor.cs: 7eba0c642af179a392c34e527393b30b -> 
  custom:scripting/monoscript/fileName/SpritePolygonModeModule.cs: 8b4aa126b968b0772b9e20476364e690 -> 
  custom:scripting/precompiled-assembly-types:Unity.2D.Sprite.Editor: c80415e041d636416599f4ac20098905 -> 
  custom:scripting/monoscript/fileName/ItemCreationUtility.cs: d1c4ddba747ed633116f555c0d69ace7 -> 
  custom:scripting/monoscript/fileName/AnimalAttuneLevels.cs: ea957c9e2bf28bc3640e58cf244df784 -> 
  custom:CustomObjectIndexerAttribute: 9a22284fe3817be447336de3de66b15e -> 
  custom:scripting/monoscript/fileName/SpriteEditorHandles.cs: 8b78502b9b56b3c556563a6e935b52ad -> 
  custom:container-demuxer-webm: 4f35f7cbe854078d1ac9338744f61a02 -> 
  custom:scripting/monoscript/fileName/SpriteNameFileIdPair.cs: 8dab74045e538d5698ea3c4caed3e48c -> 
  custom:scripting/monoscript/fileName/IGL.cs: 8903f8a1304142ec1aefe33b7a4db28c -> 
  custom:scripting/monoscript/fileName/SpritePhysicsShapeModule.cs: 35688b9e178698712b557d50761dc7c2 -> 
  custom:scripting/monoscript/fileName/ITexture.cs: dbb4c87e1c028ce779185d5d3d566460 -> 
  custom:container-muxer-webm: aa71ff27fc2769a1b78a27578f13a17b -> 
  custom:scripting/monoscript/fileName/IEvent.cs: c25d501578d8ebe48d7b30415b0df4c5 -> 
  custom:video-decoder-webm-vp8: 9c59270c3fd7afecdb556c50c9e8de78 -> 
  custom:scripting/monoscript/fileName/SpriteOutlineModule.cs: 249fecf584323de7d2fd0b14e9a4944c -> 
  custom:SearchIndexIgnoredProperties: e643bd26f0fe6173181afceb89e7c659 -> 
  custom:AudioImporter_EditorPlatform: d09bf68614088b80899f8185d706f6e7 -> 
  custom:scripting/monoscript/fileName/SpriteEditorUtility.cs: 7e2d1f2cb427fd67c5461f9431375c3a -> 
  custom:scripting/monoscript/fileName/SpriteSecondaryTexturesModule.cs: 8f361de5bdfd731e220c415240ad033f -> 
  custom:scripting/monoscript/fileName/IGUIUtility.cs: cad79017f17454feb4e1799b1c42f87c -> 
  custom:scripting/monoscript/fileName/IHandles.cs: d2780a18a3844e49d490d68d5cb3d26a -> 
  custom:scripting/monoscript/fileName/TextureImporterDataProvider.cs: d68f5d5325387f4e38fdcf2610c72ce3 -> 
  custom:scripting/monoscript/fileName/SpriteEditorMenu.cs: f9042f312a91c162ede0d5de48225240 -> 
  custom:scripting/monoscript/fileName/ISpriteEditorDataProvider.cs: 4c01add71bf03a3e1afff21bbd534ee9 -> 
  custom:scripting/monoscript/fileName/IUndoSystem.cs: 841a069a843e48d57d362ca08bca21d4 -> 
  custom:scripting/monoscript/fileName/SpritePolygonModeModuleView.cs: db8ddbee5a89c636987047f4602001ef -> 
  custom:scripting/monoscript/fileName/SpriteEditorData.cs: 79e0d970ecf11ef3020398e38672548f -> 
  custom:video-encoder-webm-vp8: eb34c28f22e8b96e1ab97ce403110664 -> 
  custom:audio-decoder-ogg-vorbis: bf7c407c2cedff20999df2af8eb42d56 -> 
  custom:scripting/monoscript/fileName/SpriteEditorWindowSettings.cs: 8e59c26ada2085b3ebaa83fd01af70e3 -> 
  custom:scripting/monoscript/fileName/SpriteFrameModuleBaseView.cs: 72abaa53c3c1184e23d4d9a45f62d8c2 -> 
  custom:scripting/monoscript/fileName/IAssetDatabase.cs: c40b958675a6cd5b519fa6ca497fede4 -> 
  custom:scripting/monoscript/fileName/SpriteFrameModule.cs: f07011b3ec3622062bef733dc29fedf0 -> 
  custom:scripting/monoscript/fileName/ShapeEditorRectSelection.cs: 1696d724b33ef6168949bbdce78d19c6 -> 
  custom:scripting/monoscript/fileName/TextureImporterDataProviderImplementation.cs: ffb9fda6ca225aa106e9fa84455f4e60 -> 
  custom:audio-encoder-webm-vorbis: bf7c407c2cedff20999df2af8eb42d56 -> 
  custom:scripting/monoscript/fileName/SpriteUtilityWindow.cs: 4827aafd0c4d893166845eac1266c4ed -> 
  custom:scripting/monoscript/fileName/SpriteFrameModuleBase.cs: 82472910b376b3c28a6f5b31b28f5f51 -> 
  custom:scripting/precompiled-assembly-types:Assembly-CSharp: 03a9e825132f465d969c1794e92b6bae -> 17fd4233e2971542c9b4d9c5fc8a1fc5
  custom:scripting/monoscript/fileName/SpriteFrameModuleView.cs: f07011b3ec3622062bef733dc29fedf0 -> 
========================================================================
Received Prepare
Caller must complete domain reload
Begin MonoManager ReloadAssembly
- Loaded All Assemblies, in  0.506 seconds
Native extension for WindowsStandalone target not found
Mono: successfully reloaded assembly
- Finished resetting the current domain, in  1.139 seconds
Domain Reload Profiling: 1645ms
	BeginReloadAssembly (184ms)
		ExecutionOrderSort (0ms)
		DisableScriptedObjects (7ms)
		BackupInstance (0ms)
		ReleaseScriptingObjects (0ms)
		CreateAndSetChildDomain (35ms)
	RebuildCommonClasses (32ms)
	RebuildNativeTypeToScriptingClass (10ms)
	initialDomainReloadingComplete (29ms)
	LoadAllAssembliesAndSetupDomain (251ms)
		LoadAssemblies (346ms)
		RebuildTransferFunctionScriptingTraits (0ms)
		AnalyzeDomain (16ms)
			TypeCache.Refresh (9ms)
				TypeCache.ScanAssembly (0ms)
			ScanForSourceGeneratedMonoScriptInfo (0ms)
			ResolveRequiredComponents (6ms)
	FinalizeReload (1140ms)
		ReleaseScriptCaches (0ms)
		RebuildScriptCaches (0ms)
		SetupLoadedEditorAssemblies (637ms)
			LogAssemblyErrors (0ms)
			InitializePlatformSupportModulesInManaged (8ms)
			SetLoadedEditorAssemblies (5ms)
			RefreshPlugins (0ms)
			BeforeProcessingInitializeOnLoad (104ms)
			ProcessInitializeOnLoadAttributes (491ms)
			ProcessInitializeOnLoadMethodAttributes (26ms)
			AfterProcessingInitializeOnLoad (2ms)
			EditorAssembliesLoaded (0ms)
		ExecutionOrderSort2 (0ms)
		AwakeInstancesAfterBackupRestoration (8ms)
Refreshing native plugins compatible for Editor in 2.83 ms, found 3 plugins.
Preloading 0 native plugins for Editor in 0.00 ms.
Unloading 3579 Unused Serialized files (Serialized files now loaded: 0)
Unloading 14 unused Assets / (28.5 KB). Loaded Objects now: 4439.
Memory consumption went from 132.8 MB to 132.8 MB.
Total: 4.731100 ms (FindLiveObjects: 0.454200 ms CreateObjectMapping: 0.281300 ms MarkObjects: 3.946500 ms  DeleteObjects: 0.048200 ms)

Prepare: number of updated asset objects reloaded= 0
AssetImportParameters requested are different than current active one (requested -> active):
  custom:scripting/monoscript/fileName/RandomHitPlacer.cs: 0e520bb249608fd9a2ce5ff96c591009 -> 
  custom:container-demuxer-ogg: 62fdf1f143b41e24485cea50d1cbac27 -> 
  custom:scripting/monoscript/fileName/SpriteEditorWindow.cs: 1629bd700639d5abf7ee9c1a15128fda -> 
  custom:scripting/monoscript/fileName/SpriteRect.cs: 8da6d12a5fbd75a0eba31cfa62842428 -> 
  custom:scripting/monoscript/fileName/ISpriteEditorModule.cs: f35f8b8d39dcfd448fbbe9ea48566c2f -> 
  custom:video-decoder-ogg-theora: a1e56fd34408186e4bbccfd4996cb3dc -> 
  custom:scripting/monoscript/fileName/MenuItems.cs: 3ea3522373e3b4d2ef39113c39531efd -> 
  custom:scripting/monoscript/fileName/DefaultSpriteNameFileIdDataProvider.cs: cd965ed390b21ec0302c3211a9f903ff -> 
  custom:framework-win-MediaFoundation: 216162199b28c13a410421893ffa2e32 -> 
  custom:scripting/monoscript/fileName/PlayerInteract.cs: 73ffd8c360dbab24565d6c0e90133a24 -> 
  custom:scripting/monoscript/fileName/ShapeEditor.cs: 7eba0c642af179a392c34e527393b30b -> 
  custom:scripting/monoscript/fileName/SpritePolygonModeModule.cs: 8b4aa126b968b0772b9e20476364e690 -> 
  custom:scripting/precompiled-assembly-types:Unity.2D.Sprite.Editor: c80415e041d636416599f4ac20098905 -> 
  custom:scripting/monoscript/fileName/ItemCreationUtility.cs: d1c4ddba747ed633116f555c0d69ace7 -> 
  custom:scripting/monoscript/fileName/AnimalAttuneLevels.cs: ea957c9e2bf28bc3640e58cf244df784 -> 
  custom:CustomObjectIndexerAttribute: 9a22284fe3817be447336de3de66b15e -> 
  custom:scripting/monoscript/fileName/SpriteEditorHandles.cs: 8b78502b9b56b3c556563a6e935b52ad -> 
  custom:container-demuxer-webm: 4f35f7cbe854078d1ac9338744f61a02 -> 
  custom:scripting/monoscript/fileName/SpriteNameFileIdPair.cs: 8dab74045e538d5698ea3c4caed3e48c -> 
  custom:scripting/monoscript/fileName/IGL.cs: 8903f8a1304142ec1aefe33b7a4db28c -> 
  custom:scripting/monoscript/fileName/SpritePhysicsShapeModule.cs: 35688b9e178698712b557d50761dc7c2 -> 
  custom:scripting/monoscript/fileName/ITexture.cs: dbb4c87e1c028ce779185d5d3d566460 -> 
  custom:container-muxer-webm: aa71ff27fc2769a1b78a27578f13a17b -> 
  custom:scripting/monoscript/fileName/IEvent.cs: c25d501578d8ebe48d7b30415b0df4c5 -> 
  custom:video-decoder-webm-vp8: 9c59270c3fd7afecdb556c50c9e8de78 -> 
  custom:scripting/monoscript/fileName/SpriteOutlineModule.cs: 249fecf584323de7d2fd0b14e9a4944c -> 
  custom:SearchIndexIgnoredProperties: e643bd26f0fe6173181afceb89e7c659 -> 
  custom:AudioImporter_EditorPlatform: d09bf68614088b80899f8185d706f6e7 -> 
  custom:scripting/monoscript/fileName/SpriteEditorUtility.cs: 7e2d1f2cb427fd67c5461f9431375c3a -> 
  custom:scripting/monoscript/fileName/SpriteSecondaryTexturesModule.cs: 8f361de5bdfd731e220c415240ad033f -> 
  custom:scripting/monoscript/fileName/IGUIUtility.cs: cad79017f17454feb4e1799b1c42f87c -> 
  custom:scripting/monoscript/fileName/IHandles.cs: d2780a18a3844e49d490d68d5cb3d26a -> 
  custom:scripting/monoscript/fileName/TextureImporterDataProvider.cs: d68f5d5325387f4e38fdcf2610c72ce3 -> 
  custom:scripting/monoscript/fileName/SpriteEditorMenu.cs: f9042f312a91c162ede0d5de48225240 -> 
  custom:scripting/monoscript/fileName/ISpriteEditorDataProvider.cs: 4c01add71bf03a3e1afff21bbd534ee9 -> 
  custom:scripting/monoscript/fileName/IUndoSystem.cs: 841a069a843e48d57d362ca08bca21d4 -> 
  custom:scripting/monoscript/fileName/SpritePolygonModeModuleView.cs: db8ddbee5a89c636987047f4602001ef -> 
  custom:scripting/monoscript/fileName/SpriteEditorData.cs: 79e0d970ecf11ef3020398e38672548f -> 
  custom:video-encoder-webm-vp8: eb34c28f22e8b96e1ab97ce403110664 -> 
  custom:audio-decoder-ogg-vorbis: bf7c407c2cedff20999df2af8eb42d56 -> 
  custom:scripting/monoscript/fileName/SpriteEditorWindowSettings.cs: 8e59c26ada2085b3ebaa83fd01af70e3 -> 
  custom:scripting/monoscript/fileName/SpriteFrameModuleBaseView.cs: 72abaa53c3c1184e23d4d9a45f62d8c2 -> 
  custom:scripting/monoscript/fileName/IAssetDatabase.cs: c40b958675a6cd5b519fa6ca497fede4 -> 
  custom:scripting/monoscript/fileName/SpriteFrameModule.cs: f07011b3ec3622062bef733dc29fedf0 -> 
  custom:scripting/monoscript/fileName/ShapeEditorRectSelection.cs: 1696d724b33ef6168949bbdce78d19c6 -> 
  custom:scripting/monoscript/fileName/TextureImporterDataProviderImplementation.cs: ffb9fda6ca225aa106e9fa84455f4e60 -> 
  custom:audio-encoder-webm-vorbis: bf7c407c2cedff20999df2af8eb42d56 -> 
  custom:scripting/monoscript/fileName/SpriteUtilityWindow.cs: 4827aafd0c4d893166845eac1266c4ed -> 
  custom:scripting/monoscript/fileName/SpriteFrameModuleBase.cs: 82472910b376b3c28a6f5b31b28f5f51 -> 
  custom:scripting/precompiled-assembly-types:Assembly-CSharp: 03a9e825132f465d969c1794e92b6bae -> 17fd4233e2971542c9b4d9c5fc8a1fc5
  custom:scripting/monoscript/fileName/SpriteFrameModuleView.cs: f07011b3ec3622062bef733dc29fedf0 -> 
========================================================================
Received Prepare
Caller must complete domain reload
Begin MonoManager ReloadAssembly
- Loaded All Assemblies, in  0.571 seconds
Native extension for WindowsStandalone target not found
Mono: successfully reloaded assembly
- Finished resetting the current domain, in  1.100 seconds
Domain Reload Profiling: 1671ms
	BeginReloadAssembly (194ms)
		ExecutionOrderSort (0ms)
		DisableScriptedObjects (8ms)
		BackupInstance (0ms)
		ReleaseScriptingObjects (0ms)
		CreateAndSetChildDomain (43ms)
	RebuildCommonClasses (33ms)
	RebuildNativeTypeToScriptingClass (10ms)
	initialDomainReloadingComplete (28ms)
	LoadAllAssembliesAndSetupDomain (303ms)
		LoadAssemblies (377ms)
		RebuildTransferFunctionScriptingTraits (0ms)
		AnalyzeDomain (38ms)
			TypeCache.Refresh (16ms)
				TypeCache.ScanAssembly (0ms)
			ScanForSourceGeneratedMonoScriptInfo (14ms)
			ResolveRequiredComponents (6ms)
	FinalizeReload (1101ms)
		ReleaseScriptCaches (0ms)
		RebuildScriptCaches (0ms)
		SetupLoadedEditorAssemblies (581ms)
			LogAssemblyErrors (0ms)
			InitializePlatformSupportModulesInManaged (6ms)
			SetLoadedEditorAssemblies (5ms)
			RefreshPlugins (0ms)
			BeforeProcessingInitializeOnLoad (99ms)
			ProcessInitializeOnLoadAttributes (443ms)
			ProcessInitializeOnLoadMethodAttributes (25ms)
			AfterProcessingInitializeOnLoad (2ms)
			EditorAssembliesLoaded (0ms)
		ExecutionOrderSort2 (0ms)
		AwakeInstancesAfterBackupRestoration (6ms)
Refreshing native plugins compatible for Editor in 2.61 ms, found 3 plugins.
Preloading 0 native plugins for Editor in 0.00 ms.
Unloading 3579 Unused Serialized files (Serialized files now loaded: 0)
Unloading 14 unused Assets / (28.5 KB). Loaded Objects now: 4442.
Memory consumption went from 132.8 MB to 132.8 MB.
Total: 3.036800 ms (FindLiveObjects: 0.327900 ms CreateObjectMapping: 0.212700 ms MarkObjects: 2.458800 ms  DeleteObjects: 0.036600 ms)

Prepare: number of updated asset objects reloaded= 0
AssetImportParameters requested are different than current active one (requested -> active):
  custom:scripting/monoscript/fileName/RandomHitPlacer.cs: 0e520bb249608fd9a2ce5ff96c591009 -> 
  custom:container-demuxer-ogg: 62fdf1f143b41e24485cea50d1cbac27 -> 
  custom:scripting/monoscript/fileName/SpriteEditorWindow.cs: 1629bd700639d5abf7ee9c1a15128fda -> 
  custom:scripting/monoscript/fileName/SpriteRect.cs: 8da6d12a5fbd75a0eba31cfa62842428 -> 
  custom:scripting/monoscript/fileName/ISpriteEditorModule.cs: f35f8b8d39dcfd448fbbe9ea48566c2f -> 
  custom:video-decoder-ogg-theora: a1e56fd34408186e4bbccfd4996cb3dc -> 
  custom:scripting/monoscript/fileName/MenuItems.cs: 3ea3522373e3b4d2ef39113c39531efd -> 
  custom:scripting/monoscript/fileName/DefaultSpriteNameFileIdDataProvider.cs: cd965ed390b21ec0302c3211a9f903ff -> 
  custom:framework-win-MediaFoundation: 216162199b28c13a410421893ffa2e32 -> 
  custom:scripting/monoscript/fileName/PlayerInteract.cs: 73ffd8c360dbab24565d6c0e90133a24 -> 
  custom:scripting/monoscript/fileName/ShapeEditor.cs: 7eba0c642af179a392c34e527393b30b -> 
  custom:scripting/monoscript/fileName/SpritePolygonModeModule.cs: 8b4aa126b968b0772b9e20476364e690 -> 
  custom:scripting/precompiled-assembly-types:Unity.2D.Sprite.Editor: c80415e041d636416599f4ac20098905 -> 
  custom:scripting/monoscript/fileName/ItemCreationUtility.cs: d1c4ddba747ed633116f555c0d69ace7 -> 
  custom:scripting/monoscript/fileName/AnimalAttuneLevels.cs: ea957c9e2bf28bc3640e58cf244df784 -> 
  custom:CustomObjectIndexerAttribute: 9a22284fe3817be447336de3de66b15e -> 
  custom:scripting/monoscript/fileName/SpriteEditorHandles.cs: 8b78502b9b56b3c556563a6e935b52ad -> 
  custom:container-demuxer-webm: 4f35f7cbe854078d1ac9338744f61a02 -> 
  custom:scripting/monoscript/fileName/SpriteNameFileIdPair.cs: 8dab74045e538d5698ea3c4caed3e48c -> 
  custom:scripting/monoscript/fileName/IGL.cs: 8903f8a1304142ec1aefe33b7a4db28c -> 
  custom:scripting/monoscript/fileName/SpritePhysicsShapeModule.cs: 35688b9e178698712b557d50761dc7c2 -> 
  custom:scripting/monoscript/fileName/ITexture.cs: dbb4c87e1c028ce779185d5d3d566460 -> 
  custom:container-muxer-webm: aa71ff27fc2769a1b78a27578f13a17b -> 
  custom:scripting/monoscript/fileName/IEvent.cs: c25d501578d8ebe48d7b30415b0df4c5 -> 
  custom:video-decoder-webm-vp8: 9c59270c3fd7afecdb556c50c9e8de78 -> 
  custom:scripting/monoscript/fileName/SpriteOutlineModule.cs: 249fecf584323de7d2fd0b14e9a4944c -> 
  custom:SearchIndexIgnoredProperties: e643bd26f0fe6173181afceb89e7c659 -> 
  custom:AudioImporter_EditorPlatform: d09bf68614088b80899f8185d706f6e7 -> 
  custom:scripting/monoscript/fileName/SpriteEditorUtility.cs: 7e2d1f2cb427fd67c5461f9431375c3a -> 
  custom:scripting/monoscript/fileName/SpriteSecondaryTexturesModule.cs: 8f361de5bdfd731e220c415240ad033f -> 
  custom:scripting/monoscript/fileName/IGUIUtility.cs: cad79017f17454feb4e1799b1c42f87c -> 
  custom:scripting/monoscript/fileName/IHandles.cs: d2780a18a3844e49d490d68d5cb3d26a -> 
  custom:scripting/monoscript/fileName/TextureImporterDataProvider.cs: d68f5d5325387f4e38fdcf2610c72ce3 -> 
  custom:scripting/monoscript/fileName/SpriteEditorMenu.cs: f9042f312a91c162ede0d5de48225240 -> 
  custom:scripting/monoscript/fileName/ISpriteEditorDataProvider.cs: 4c01add71bf03a3e1afff21bbd534ee9 -> 
  custom:scripting/monoscript/fileName/IUndoSystem.cs: 841a069a843e48d57d362ca08bca21d4 -> 
  custom:scripting/monoscript/fileName/SpritePolygonModeModuleView.cs: db8ddbee5a89c636987047f4602001ef -> 
  custom:scripting/monoscript/fileName/SpriteEditorData.cs: 79e0d970ecf11ef3020398e38672548f -> 
  custom:video-encoder-webm-vp8: eb34c28f22e8b96e1ab97ce403110664 -> 
  custom:audio-decoder-ogg-vorbis: bf7c407c2cedff20999df2af8eb42d56 -> 
  custom:scripting/monoscript/fileName/SpriteEditorWindowSettings.cs: 8e59c26ada2085b3ebaa83fd01af70e3 -> 
  custom:scripting/monoscript/fileName/SpriteFrameModuleBaseView.cs: 72abaa53c3c1184e23d4d9a45f62d8c2 -> 
  custom:scripting/monoscript/fileName/IAssetDatabase.cs: c40b958675a6cd5b519fa6ca497fede4 -> 
  custom:scripting/monoscript/fileName/SpriteFrameModule.cs: f07011b3ec3622062bef733dc29fedf0 -> 
  custom:scripting/monoscript/fileName/ShapeEditorRectSelection.cs: 1696d724b33ef6168949bbdce78d19c6 -> 
  custom:scripting/monoscript/fileName/TextureImporterDataProviderImplementation.cs: ffb9fda6ca225aa106e9fa84455f4e60 -> 
  custom:audio-encoder-webm-vorbis: bf7c407c2cedff20999df2af8eb42d56 -> 
  custom:scripting/monoscript/fileName/SpriteUtilityWindow.cs: 4827aafd0c4d893166845eac1266c4ed -> 
  custom:scripting/monoscript/fileName/SpriteFrameModuleBase.cs: 82472910b376b3c28a6f5b31b28f5f51 -> 
  custom:scripting/precompiled-assembly-types:Assembly-CSharp: 03a9e825132f465d969c1794e92b6bae -> 17fd4233e2971542c9b4d9c5fc8a1fc5
  custom:scripting/monoscript/fileName/SpriteFrameModuleView.cs: f07011b3ec3622062bef733dc29fedf0 -> 
========================================================================
Received Import Request.
  Time since last request: 1292.547914 seconds.
  path: Assets/ECCreated/Scripts/HoldAnimalValues.cs
  artifactKey: Guid(82a3d77eadb513747aaf08c0473dc7d7) Importer(815301076,1909f56bfc062723c751e8b465ee728b)
Start importing Assets/ECCreated/Scripts/HoldAnimalValues.cs using Guid(82a3d77eadb513747aaf08c0473dc7d7) Importer(815301076,1909f56bfc062723c751e8b465ee728b) [PhysX] Initialized MultithreadedTaskDispatcher with 8 workers.
 -> (artifact id: '5df8f4d5fdd5900d1569c6e575b7aa8c') in 0.001730 seconds
Number of updated asset objects reloaded before import = 0
Number of asset objects unloaded after import = 0
========================================================================
Received Prepare
Caller must complete domain reload
Begin MonoManager ReloadAssembly
- Loaded All Assemblies, in  0.527 seconds
Native extension for WindowsStandalone target not found
Mono: successfully reloaded assembly
- Finished resetting the current domain, in  1.130 seconds
Domain Reload Profiling: 1657ms
	BeginReloadAssembly (179ms)
		ExecutionOrderSort (0ms)
		DisableScriptedObjects (5ms)
		BackupInstance (0ms)
		ReleaseScriptingObjects (0ms)
		CreateAndSetChildDomain (36ms)
	RebuildCommonClasses (33ms)
	RebuildNativeTypeToScriptingClass (10ms)
	initialDomainReloadingComplete (29ms)
	LoadAllAssembliesAndSetupDomain (275ms)
		LoadAssemblies (350ms)
		RebuildTransferFunctionScriptingTraits (0ms)
		AnalyzeDomain (32ms)
			TypeCache.Refresh (12ms)
				TypeCache.ScanAssembly (0ms)
			ScanForSourceGeneratedMonoScriptInfo (13ms)
			ResolveRequiredComponents (5ms)
	FinalizeReload (1130ms)
		ReleaseScriptCaches (0ms)
		RebuildScriptCaches (0ms)
		SetupLoadedEditorAssemblies (599ms)
			LogAssemblyErrors (0ms)
			InitializePlatformSupportModulesInManaged (6ms)
			SetLoadedEditorAssemblies (7ms)
			RefreshPlugins (0ms)
			BeforeProcessingInitializeOnLoad (108ms)
			ProcessInitializeOnLoadAttributes (453ms)
			ProcessInitializeOnLoadMethodAttributes (22ms)
			AfterProcessingInitializeOnLoad (4ms)
			EditorAssembliesLoaded (0ms)
		ExecutionOrderSort2 (0ms)
		AwakeInstancesAfterBackupRestoration (6ms)
Refreshing native plugins compatible for Editor in 2.95 ms, found 3 plugins.
Preloading 0 native plugins for Editor in 0.00 ms.
Unloading 3579 Unused Serialized files (Serialized files now loaded: 0)
Unloading 14 unused Assets / (28.5 KB). Loaded Objects now: 4446.
Memory consumption went from 132.6 MB to 132.6 MB.
Total: 3.380800 ms (FindLiveObjects: 0.404000 ms CreateObjectMapping: 0.312900 ms MarkObjects: 2.618000 ms  DeleteObjects: 0.045000 ms)

Prepare: number of updated asset objects reloaded= 0
AssetImportParameters requested are different than current active one (requested -> active):
  custom:scripting/monoscript/fileName/RandomHitPlacer.cs: 0e520bb249608fd9a2ce5ff96c591009 -> 
  custom:container-demuxer-ogg: 62fdf1f143b41e24485cea50d1cbac27 -> 
  custom:scripting/monoscript/fileName/SpriteEditorWindow.cs: 1629bd700639d5abf7ee9c1a15128fda -> 
  custom:scripting/monoscript/fileName/SpriteRect.cs: 8da6d12a5fbd75a0eba31cfa62842428 -> 
  custom:scripting/monoscript/fileName/ISpriteEditorModule.cs: f35f8b8d39dcfd448fbbe9ea48566c2f -> 
  custom:scripting/monoscript/fileName/HoldAnimalValues.cs: 82d898710bd9756ea685fa04114cff59 -> 
  custom:video-decoder-ogg-theora: a1e56fd34408186e4bbccfd4996cb3dc -> 
  custom:scripting/monoscript/fileName/MenuItems.cs: 3ea3522373e3b4d2ef39113c39531efd -> 
  custom:scripting/monoscript/fileName/DefaultSpriteNameFileIdDataProvider.cs: cd965ed390b21ec0302c3211a9f903ff -> 
  custom:framework-win-MediaFoundation: 216162199b28c13a410421893ffa2e32 -> 
  custom:scripting/monoscript/fileName/PlayerInteract.cs: 73ffd8c360dbab24565d6c0e90133a24 -> 
  custom:scripting/monoscript/fileName/ShapeEditor.cs: 7eba0c642af179a392c34e527393b30b -> 
  custom:scripting/monoscript/fileName/SpritePolygonModeModule.cs: 8b4aa126b968b0772b9e20476364e690 -> 
  custom:scripting/precompiled-assembly-types:Unity.2D.Sprite.Editor: c80415e041d636416599f4ac20098905 -> 
  custom:scripting/monoscript/fileName/ItemCreationUtility.cs: d1c4ddba747ed633116f555c0d69ace7 -> 
  custom:scripting/monoscript/fileName/AnimalAttuneLevels.cs: ea957c9e2bf28bc3640e58cf244df784 -> 
  custom:CustomObjectIndexerAttribute: 9a22284fe3817be447336de3de66b15e -> 
  custom:scripting/monoscript/fileName/SpriteEditorHandles.cs: 8b78502b9b56b3c556563a6e935b52ad -> 
  custom:container-demuxer-webm: 4f35f7cbe854078d1ac9338744f61a02 -> 
  custom:scripting/monoscript/fileName/SpriteNameFileIdPair.cs: 8dab74045e538d5698ea3c4caed3e48c -> 
  custom:scripting/monoscript/fileName/IGL.cs: 8903f8a1304142ec1aefe33b7a4db28c -> 
  custom:scripting/monoscript/fileName/SpritePhysicsShapeModule.cs: 35688b9e178698712b557d50761dc7c2 -> 
  custom:scripting/monoscript/fileName/ITexture.cs: dbb4c87e1c028ce779185d5d3d566460 -> 
  custom:container-muxer-webm: aa71ff27fc2769a1b78a27578f13a17b -> 
  custom:scripting/monoscript/fileName/IEvent.cs: c25d501578d8ebe48d7b30415b0df4c5 -> 
  custom:video-decoder-webm-vp8: 9c59270c3fd7afecdb556c50c9e8de78 -> 
  custom:scripting/monoscript/fileName/SpriteOutlineModule.cs: 249fecf584323de7d2fd0b14e9a4944c -> 
  custom:SearchIndexIgnoredProperties: e643bd26f0fe6173181afceb89e7c659 -> 
  custom:AudioImporter_EditorPlatform: d09bf68614088b80899f8185d706f6e7 -> 
  custom:scripting/monoscript/fileName/SpriteEditorUtility.cs: 7e2d1f2cb427fd67c5461f9431375c3a -> 
  custom:scripting/monoscript/fileName/SpriteSecondaryTexturesModule.cs: 8f361de5bdfd731e220c415240ad033f -> 
  custom:scripting/monoscript/fileName/IGUIUtility.cs: cad79017f17454feb4e1799b1c42f87c -> 
  custom:scripting/monoscript/fileName/IHandles.cs: d2780a18a3844e49d490d68d5cb3d26a -> 
  custom:scripting/monoscript/fileName/TextureImporterDataProvider.cs: d68f5d5325387f4e38fdcf2610c72ce3 -> 
  custom:scripting/monoscript/fileName/SpriteEditorMenu.cs: f9042f312a91c162ede0d5de48225240 -> 
  custom:scripting/monoscript/fileName/ISpriteEditorDataProvider.cs: 4c01add71bf03a3e1afff21bbd534ee9 -> 
  custom:scripting/monoscript/fileName/IUndoSystem.cs: 841a069a843e48d57d362ca08bca21d4 -> 
  custom:scripting/monoscript/fileName/SpritePolygonModeModuleView.cs: db8ddbee5a89c636987047f4602001ef -> 
  custom:scripting/monoscript/fileName/SpriteEditorData.cs: 79e0d970ecf11ef3020398e38672548f -> 
  custom:video-encoder-webm-vp8: eb34c28f22e8b96e1ab97ce403110664 -> 
  custom:audio-decoder-ogg-vorbis: bf7c407c2cedff20999df2af8eb42d56 -> 
  custom:scripting/monoscript/fileName/SpriteEditorWindowSettings.cs: 8e59c26ada2085b3ebaa83fd01af70e3 -> 
  custom:scripting/monoscript/fileName/SpriteFrameModuleBaseView.cs: 72abaa53c3c1184e23d4d9a45f62d8c2 -> 
  custom:scripting/monoscript/fileName/IAssetDatabase.cs: c40b958675a6cd5b519fa6ca497fede4 -> 
  custom:scripting/monoscript/fileName/SpriteFrameModule.cs: f07011b3ec3622062bef733dc29fedf0 -> 
  custom:scripting/monoscript/fileName/ShapeEditorRectSelection.cs: 1696d724b33ef6168949bbdce78d19c6 -> 
  custom:scripting/monoscript/fileName/TextureImporterDataProviderImplementation.cs: ffb9fda6ca225aa106e9fa84455f4e60 -> 
  custom:audio-encoder-webm-vorbis: bf7c407c2cedff20999df2af8eb42d56 -> 
  custom:scripting/monoscript/fileName/SpriteUtilityWindow.cs: 4827aafd0c4d893166845eac1266c4ed -> 
  custom:scripting/monoscript/fileName/SpriteFrameModuleBase.cs: 82472910b376b3c28a6f5b31b28f5f51 -> 
  custom:scripting/precompiled-assembly-types:Assembly-CSharp: 7087b770e5e4c8fdb55f60f502e3e81f -> 17fd4233e2971542c9b4d9c5fc8a1fc5
  custom:scripting/monoscript/fileName/SpriteFrameModuleView.cs: f07011b3ec3622062bef733dc29fedf0 -> 
========================================================================
Received Import Request.
  Time since last request: 168.880161 seconds.
  path: Assets/ECCreated/Scripts/HoldAnimalValues.cs
  artifactKey: Guid(82a3d77eadb513747aaf08c0473dc7d7) Importer(815301076,1909f56bfc062723c751e8b465ee728b)
Start importing Assets/ECCreated/Scripts/HoldAnimalValues.cs using Guid(82a3d77eadb513747aaf08c0473dc7d7) Importer(815301076,1909f56bfc062723c751e8b465ee728b) [PhysX] Initialized MultithreadedTaskDispatcher with 8 workers.
 -> (artifact id: 'cf21441079e3f1e21323f64959d31571') in 0.001814 seconds
Number of updated asset objects reloaded before import = 0
Number of asset objects unloaded after import = 0
========================================================================
Received Import Request.
  Time since last request: 46.492498 seconds.
  path: Assets/ECCreated/Scripts/HoldAnimalValues.cs
  artifactKey: Guid(82a3d77eadb513747aaf08c0473dc7d7) Importer(815301076,1909f56bfc062723c751e8b465ee728b)
Start importing Assets/ECCreated/Scripts/HoldAnimalValues.cs using Guid(82a3d77eadb513747aaf08c0473dc7d7) Importer(815301076,1909f56bfc062723c751e8b465ee728b) [PhysX] Initialized MultithreadedTaskDispatcher with 8 workers.
 -> (artifact id: 'c43451cf9c8a6446fd71cca12bcacbb0') in 0.000389 seconds
Number of updated asset objects reloaded before import = 0
Number of asset objects unloaded after import = 0
========================================================================
Received Prepare
Caller must complete domain reload
Begin MonoManager ReloadAssembly
- Loaded All Assemblies, in  0.598 seconds
Native extension for WindowsStandalone target not found
Mono: successfully reloaded assembly
- Finished resetting the current domain, in  1.116 seconds
Domain Reload Profiling: 1715ms
	BeginReloadAssembly (184ms)
		ExecutionOrderSort (0ms)
		DisableScriptedObjects (6ms)
		BackupInstance (0ms)
		ReleaseScriptingObjects (0ms)
		CreateAndSetChildDomain (35ms)
	RebuildCommonClasses (33ms)
	RebuildNativeTypeToScriptingClass (11ms)
	initialDomainReloadingComplete (27ms)
	LoadAllAssembliesAndSetupDomain (342ms)
		LoadAssemblies (416ms)
		RebuildTransferFunctionScriptingTraits (0ms)
		AnalyzeDomain (36ms)
			TypeCache.Refresh (13ms)
				TypeCache.ScanAssembly (0ms)
			ScanForSourceGeneratedMonoScriptInfo (14ms)
			ResolveRequiredComponents (5ms)
	FinalizeReload (1117ms)
		ReleaseScriptCaches (0ms)
		RebuildScriptCaches (0ms)
		SetupLoadedEditorAssemblies (573ms)
			LogAssemblyErrors (0ms)
			InitializePlatformSupportModulesInManaged (5ms)
			SetLoadedEditorAssemblies (5ms)
			RefreshPlugins (0ms)
			BeforeProcessingInitializeOnLoad (95ms)
			ProcessInitializeOnLoadAttributes (443ms)
			ProcessInitializeOnLoadMethodAttributes (21ms)
			AfterProcessingInitializeOnLoad (3ms)
			EditorAssembliesLoaded (0ms)
		ExecutionOrderSort2 (0ms)
		AwakeInstancesAfterBackupRestoration (6ms)
Refreshing native plugins compatible for Editor in 2.61 ms, found 3 plugins.
Preloading 0 native plugins for Editor in 0.00 ms.
Unloading 3579 Unused Serialized files (Serialized files now loaded: 0)
Unloading 14 unused Assets / (28.5 KB). Loaded Objects now: 4449.
Memory consumption went from 132.6 MB to 132.6 MB.
Total: 3.884700 ms (FindLiveObjects: 0.565600 ms CreateObjectMapping: 0.602900 ms MarkObjects: 2.672700 ms  DeleteObjects: 0.042400 ms)

Prepare: number of updated asset objects reloaded= 0
AssetImportParameters requested are different than current active one (requested -> active):
  custom:scripting/monoscript/fileName/RandomHitPlacer.cs: 0e520bb249608fd9a2ce5ff96c591009 -> 
  custom:container-demuxer-ogg: 62fdf1f143b41e24485cea50d1cbac27 -> 
  custom:scripting/monoscript/fileName/SpriteEditorWindow.cs: 1629bd700639d5abf7ee9c1a15128fda -> 
  custom:scripting/monoscript/fileName/SpriteRect.cs: 8da6d12a5fbd75a0eba31cfa62842428 -> 
  custom:scripting/monoscript/fileName/ISpriteEditorModule.cs: f35f8b8d39dcfd448fbbe9ea48566c2f -> 
  custom:scripting/monoscript/fileName/HoldAnimalValues.cs: 82d898710bd9756ea685fa04114cff59 -> 
  custom:video-decoder-ogg-theora: a1e56fd34408186e4bbccfd4996cb3dc -> 
  custom:scripting/monoscript/fileName/MenuItems.cs: 3ea3522373e3b4d2ef39113c39531efd -> 
  custom:scripting/monoscript/fileName/DefaultSpriteNameFileIdDataProvider.cs: cd965ed390b21ec0302c3211a9f903ff -> 
  custom:framework-win-MediaFoundation: 216162199b28c13a410421893ffa2e32 -> 
  custom:scripting/monoscript/fileName/PlayerInteract.cs: 73ffd8c360dbab24565d6c0e90133a24 -> 
  custom:scripting/monoscript/fileName/ShapeEditor.cs: 7eba0c642af179a392c34e527393b30b -> 
  custom:scripting/monoscript/fileName/SpritePolygonModeModule.cs: 8b4aa126b968b0772b9e20476364e690 -> 
  custom:scripting/precompiled-assembly-types:Unity.2D.Sprite.Editor: c80415e041d636416599f4ac20098905 -> 
  custom:scripting/monoscript/fileName/ItemCreationUtility.cs: d1c4ddba747ed633116f555c0d69ace7 -> 
  custom:scripting/monoscript/fileName/AnimalAttuneLevels.cs: ea957c9e2bf28bc3640e58cf244df784 -> 
  custom:CustomObjectIndexerAttribute: 9a22284fe3817be447336de3de66b15e -> 
  custom:scripting/monoscript/fileName/SpriteEditorHandles.cs: 8b78502b9b56b3c556563a6e935b52ad -> 
  custom:container-demuxer-webm: 4f35f7cbe854078d1ac9338744f61a02 -> 
  custom:scripting/monoscript/fileName/SpriteNameFileIdPair.cs: 8dab74045e538d5698ea3c4caed3e48c -> 
  custom:scripting/monoscript/fileName/IGL.cs: 8903f8a1304142ec1aefe33b7a4db28c -> 
  custom:scripting/monoscript/fileName/SpritePhysicsShapeModule.cs: 35688b9e178698712b557d50761dc7c2 -> 
  custom:scripting/monoscript/fileName/ITexture.cs: dbb4c87e1c028ce779185d5d3d566460 -> 
  custom:container-muxer-webm: aa71ff27fc2769a1b78a27578f13a17b -> 
  custom:scripting/monoscript/fileName/IEvent.cs: c25d501578d8ebe48d7b30415b0df4c5 -> 
  custom:video-decoder-webm-vp8: 9c59270c3fd7afecdb556c50c9e8de78 -> 
  custom:scripting/monoscript/fileName/SpriteOutlineModule.cs: 249fecf584323de7d2fd0b14e9a4944c -> 
  custom:SearchIndexIgnoredProperties: e643bd26f0fe6173181afceb89e7c659 -> 
  custom:AudioImporter_EditorPlatform: d09bf68614088b80899f8185d706f6e7 -> 
  custom:scripting/monoscript/fileName/SpriteEditorUtility.cs: 7e2d1f2cb427fd67c5461f9431375c3a -> 
  custom:scripting/monoscript/fileName/SpriteSecondaryTexturesModule.cs: 8f361de5bdfd731e220c415240ad033f -> 
  custom:scripting/monoscript/fileName/IGUIUtility.cs: cad79017f17454feb4e1799b1c42f87c -> 
  custom:scripting/monoscript/fileName/IHandles.cs: d2780a18a3844e49d490d68d5cb3d26a -> 
  custom:scripting/monoscript/fileName/TextureImporterDataProvider.cs: d68f5d5325387f4e38fdcf2610c72ce3 -> 
  custom:scripting/monoscript/fileName/SpriteEditorMenu.cs: f9042f312a91c162ede0d5de48225240 -> 
  custom:scripting/monoscript/fileName/ISpriteEditorDataProvider.cs: 4c01add71bf03a3e1afff21bbd534ee9 -> 
  custom:scripting/monoscript/fileName/IUndoSystem.cs: 841a069a843e48d57d362ca08bca21d4 -> 
  custom:scripting/monoscript/fileName/SpritePolygonModeModuleView.cs: db8ddbee5a89c636987047f4602001ef -> 
  custom:scripting/monoscript/fileName/SpriteEditorData.cs: 79e0d970ecf11ef3020398e38672548f -> 
  custom:video-encoder-webm-vp8: eb34c28f22e8b96e1ab97ce403110664 -> 
  custom:audio-decoder-ogg-vorbis: bf7c407c2cedff20999df2af8eb42d56 -> 
  custom:scripting/monoscript/fileName/SpriteEditorWindowSettings.cs: 8e59c26ada2085b3ebaa83fd01af70e3 -> 
  custom:scripting/monoscript/fileName/SpriteFrameModuleBaseView.cs: 72abaa53c3c1184e23d4d9a45f62d8c2 -> 
  custom:scripting/monoscript/fileName/IAssetDatabase.cs: c40b958675a6cd5b519fa6ca497fede4 -> 
  custom:scripting/monoscript/fileName/SpriteFrameModule.cs: f07011b3ec3622062bef733dc29fedf0 -> 
  custom:scripting/monoscript/fileName/ShapeEditorRectSelection.cs: 1696d724b33ef6168949bbdce78d19c6 -> 
  custom:scripting/monoscript/fileName/TextureImporterDataProviderImplementation.cs: ffb9fda6ca225aa106e9fa84455f4e60 -> 
  custom:audio-encoder-webm-vorbis: bf7c407c2cedff20999df2af8eb42d56 -> 
  custom:scripting/monoscript/fileName/SpriteUtilityWindow.cs: 4827aafd0c4d893166845eac1266c4ed -> 
  custom:scripting/monoscript/fileName/SpriteFrameModuleBase.cs: 82472910b376b3c28a6f5b31b28f5f51 -> 
  custom:scripting/precompiled-assembly-types:Assembly-CSharp: 7087b770e5e4c8fdb55f60f502e3e81f -> 17fd4233e2971542c9b4d9c5fc8a1fc5
  custom:scripting/monoscript/fileName/SpriteFrameModuleView.cs: f07011b3ec3622062bef733dc29fedf0 -> 
========================================================================
Received Prepare
Caller must complete domain reload
Begin MonoManager ReloadAssembly
- Loaded All Assemblies, in  0.662 seconds
Native extension for WindowsStandalone target not found
Mono: successfully reloaded assembly
- Finished resetting the current domain, in  1.195 seconds
Domain Reload Profiling: 1857ms
	BeginReloadAssembly (213ms)
		ExecutionOrderSort (0ms)
		DisableScriptedObjects (5ms)
		BackupInstance (0ms)
		ReleaseScriptingObjects (0ms)
		CreateAndSetChildDomain (37ms)
	RebuildCommonClasses (33ms)
	RebuildNativeTypeToScriptingClass (12ms)
	initialDomainReloadingComplete (26ms)
	LoadAllAssembliesAndSetupDomain (377ms)
		LoadAssemblies (478ms)
		RebuildTransferFunctionScriptingTraits (0ms)
		AnalyzeDomain (35ms)
			TypeCache.Refresh (13ms)
				TypeCache.ScanAssembly (0ms)
			ScanForSourceGeneratedMonoScriptInfo (15ms)
			ResolveRequiredComponents (6ms)
	FinalizeReload (1195ms)
		ReleaseScriptCaches (0ms)
		RebuildScriptCaches (0ms)
		SetupLoadedEditorAssemblies (627ms)
			LogAssemblyErrors (0ms)
			InitializePlatformSupportModulesInManaged (7ms)
			SetLoadedEditorAssemblies (5ms)
			RefreshPlugins (0ms)
			BeforeProcessingInitializeOnLoad (95ms)
			ProcessInitializeOnLoadAttributes (487ms)
			ProcessInitializeOnLoadMethodAttributes (30ms)
			AfterProcessingInitializeOnLoad (2ms)
			EditorAssembliesLoaded (0ms)
		ExecutionOrderSort2 (0ms)
		AwakeInstancesAfterBackupRestoration (9ms)
Script is not up to date after domain reload: guid(82a3d77eadb513747aaf08c0473dc7d7) path("Assets/ECCreated/Scripts/HoldAnimalValues.cs") state(2)
Refreshing native plugins compatible for Editor in 2.78 ms, found 3 plugins.
Preloading 0 native plugins for Editor in 0.00 ms.
Unloading 3579 Unused Serialized files (Serialized files now loaded: 0)
Unloading 14 unused Assets / (28.5 KB). Loaded Objects now: 4451.
Memory consumption went from 132.9 MB to 132.8 MB.
Total: 3.470500 ms (FindLiveObjects: 0.586600 ms CreateObjectMapping: 0.248300 ms MarkObjects: 2.588900 ms  DeleteObjects: 0.045500 ms)

Prepare: number of updated asset objects reloaded= 0
AssetImportParameters requested are different than current active one (requested -> active):
  custom:scripting/monoscript/fileName/RandomHitPlacer.cs: 0e520bb249608fd9a2ce5ff96c591009 -> 
  custom:container-demuxer-ogg: 62fdf1f143b41e24485cea50d1cbac27 -> 
  custom:scripting/monoscript/fileName/SpriteEditorWindow.cs: 1629bd700639d5abf7ee9c1a15128fda -> 
  custom:scripting/monoscript/fileName/SpriteRect.cs: 8da6d12a5fbd75a0eba31cfa62842428 -> 
  custom:scripting/monoscript/fileName/ISpriteEditorModule.cs: f35f8b8d39dcfd448fbbe9ea48566c2f -> 
  custom:scripting/monoscript/fileName/HoldAnimalValues.cs: 82d898710bd9756ea685fa04114cff59 -> 
  custom:video-decoder-ogg-theora: a1e56fd34408186e4bbccfd4996cb3dc -> 
  custom:scripting/monoscript/fileName/MenuItems.cs: 3ea3522373e3b4d2ef39113c39531efd -> 
  custom:scripting/monoscript/fileName/DefaultSpriteNameFileIdDataProvider.cs: cd965ed390b21ec0302c3211a9f903ff -> 
  custom:framework-win-MediaFoundation: 216162199b28c13a410421893ffa2e32 -> 
  custom:scripting/monoscript/fileName/PlayerInteract.cs: 73ffd8c360dbab24565d6c0e90133a24 -> 
  custom:scripting/monoscript/fileName/ShapeEditor.cs: 7eba0c642af179a392c34e527393b30b -> 
  custom:scripting/monoscript/fileName/SpritePolygonModeModule.cs: 8b4aa126b968b0772b9e20476364e690 -> 
  custom:scripting/precompiled-assembly-types:Unity.2D.Sprite.Editor: c80415e041d636416599f4ac20098905 -> 
  custom:scripting/monoscript/fileName/ItemCreationUtility.cs: d1c4ddba747ed633116f555c0d69ace7 -> 
  custom:scripting/monoscript/fileName/AnimalAttuneLevels.cs: ea957c9e2bf28bc3640e58cf244df784 -> 
  custom:CustomObjectIndexerAttribute: 9a22284fe3817be447336de3de66b15e -> 
  custom:scripting/monoscript/fileName/SpriteEditorHandles.cs: 8b78502b9b56b3c556563a6e935b52ad -> 
  custom:container-demuxer-webm: 4f35f7cbe854078d1ac9338744f61a02 -> 
  custom:scripting/monoscript/fileName/SpriteNameFileIdPair.cs: 8dab74045e538d5698ea3c4caed3e48c -> 
  custom:scripting/monoscript/fileName/IGL.cs: 8903f8a1304142ec1aefe33b7a4db28c -> 
  custom:scripting/monoscript/fileName/SpritePhysicsShapeModule.cs: 35688b9e178698712b557d50761dc7c2 -> 
  custom:scripting/monoscript/fileName/ITexture.cs: dbb4c87e1c028ce779185d5d3d566460 -> 
  custom:container-muxer-webm: aa71ff27fc2769a1b78a27578f13a17b -> 
  custom:scripting/monoscript/fileName/IEvent.cs: c25d501578d8ebe48d7b30415b0df4c5 -> 
  custom:video-decoder-webm-vp8: 9c59270c3fd7afecdb556c50c9e8de78 -> 
  custom:scripting/monoscript/fileName/SpriteOutlineModule.cs: 249fecf584323de7d2fd0b14e9a4944c -> 
  custom:SearchIndexIgnoredProperties: e643bd26f0fe6173181afceb89e7c659 -> 
  custom:AudioImporter_EditorPlatform: d09bf68614088b80899f8185d706f6e7 -> 
  custom:scripting/monoscript/fileName/SpriteEditorUtility.cs: 7e2d1f2cb427fd67c5461f9431375c3a -> 
  custom:scripting/monoscript/fileName/SpriteSecondaryTexturesModule.cs: 8f361de5bdfd731e220c415240ad033f -> 
  custom:scripting/monoscript/fileName/IGUIUtility.cs: cad79017f17454feb4e1799b1c42f87c -> 
  custom:scripting/monoscript/fileName/IHandles.cs: d2780a18a3844e49d490d68d5cb3d26a -> 
  custom:scripting/monoscript/fileName/TextureImporterDataProvider.cs: d68f5d5325387f4e38fdcf2610c72ce3 -> 
  custom:scripting/monoscript/fileName/SpriteEditorMenu.cs: f9042f312a91c162ede0d5de48225240 -> 
  custom:scripting/monoscript/fileName/ISpriteEditorDataProvider.cs: 4c01add71bf03a3e1afff21bbd534ee9 -> 
  custom:scripting/monoscript/fileName/IUndoSystem.cs: 841a069a843e48d57d362ca08bca21d4 -> 
  custom:scripting/monoscript/fileName/SpritePolygonModeModuleView.cs: db8ddbee5a89c636987047f4602001ef -> 
  custom:scripting/monoscript/fileName/SpriteEditorData.cs: 79e0d970ecf11ef3020398e38672548f -> 
  custom:video-encoder-webm-vp8: eb34c28f22e8b96e1ab97ce403110664 -> 
  custom:audio-decoder-ogg-vorbis: bf7c407c2cedff20999df2af8eb42d56 -> 
  custom:scripting/monoscript/fileName/SpriteEditorWindowSettings.cs: 8e59c26ada2085b3ebaa83fd01af70e3 -> 
  custom:scripting/monoscript/fileName/SpriteFrameModuleBaseView.cs: 72abaa53c3c1184e23d4d9a45f62d8c2 -> 
  custom:scripting/monoscript/fileName/IAssetDatabase.cs: c40b958675a6cd5b519fa6ca497fede4 -> 
  custom:scripting/monoscript/fileName/SpriteFrameModule.cs: f07011b3ec3622062bef733dc29fedf0 -> 
  custom:scripting/monoscript/fileName/ShapeEditorRectSelection.cs: 1696d724b33ef6168949bbdce78d19c6 -> 
  custom:scripting/monoscript/fileName/TextureImporterDataProviderImplementation.cs: ffb9fda6ca225aa106e9fa84455f4e60 -> 
  custom:audio-encoder-webm-vorbis: bf7c407c2cedff20999df2af8eb42d56 -> 
  custom:scripting/monoscript/fileName/SpriteUtilityWindow.cs: 4827aafd0c4d893166845eac1266c4ed -> 
  custom:scripting/monoscript/fileName/SpriteFrameModuleBase.cs: 82472910b376b3c28a6f5b31b28f5f51 -> 
  custom:scripting/precompiled-assembly-types:Assembly-CSharp: 7087b770e5e4c8fdb55f60f502e3e81f -> 17fd4233e2971542c9b4d9c5fc8a1fc5
  custom:scripting/monoscript/fileName/SpriteFrameModuleView.cs: f07011b3ec3622062bef733dc29fedf0 -> 
========================================================================
Received Prepare
Caller must complete domain reload
Begin MonoManager ReloadAssembly
- Loaded All Assemblies, in  0.565 seconds
Native extension for WindowsStandalone target not found
Mono: successfully reloaded assembly
- Finished resetting the current domain, in  1.158 seconds
Domain Reload Profiling: 1722ms
	BeginReloadAssembly (186ms)
		ExecutionOrderSort (0ms)
		DisableScriptedObjects (5ms)
		BackupInstance (0ms)
		ReleaseScriptingObjects (0ms)
		CreateAndSetChildDomain (38ms)
	RebuildCommonClasses (40ms)
	RebuildNativeTypeToScriptingClass (10ms)
	initialDomainReloadingComplete (30ms)
	LoadAllAssembliesAndSetupDomain (298ms)
		LoadAssemblies (357ms)
		RebuildTransferFunctionScriptingTraits (0ms)
		AnalyzeDomain (54ms)
			TypeCache.Refresh (16ms)
				TypeCache.ScanAssembly (0ms)
			ScanForSourceGeneratedMonoScriptInfo (19ms)
			ResolveRequiredComponents (17ms)
	FinalizeReload (1158ms)
		ReleaseScriptCaches (0ms)
		RebuildScriptCaches (0ms)
		SetupLoadedEditorAssemblies (597ms)
			LogAssemblyErrors (0ms)
			InitializePlatformSupportModulesInManaged (6ms)
			SetLoadedEditorAssemblies (6ms)
			RefreshPlugins (0ms)
			BeforeProcessingInitializeOnLoad (107ms)
			ProcessInitializeOnLoadAttributes (446ms)
			ProcessInitializeOnLoadMethodAttributes (29ms)
			AfterProcessingInitializeOnLoad (3ms)
			EditorAssembliesLoaded (1ms)
		ExecutionOrderSort2 (0ms)
		AwakeInstancesAfterBackupRestoration (7ms)
Refreshing native plugins compatible for Editor in 2.72 ms, found 3 plugins.
Preloading 0 native plugins for Editor in 0.00 ms.
Unloading 3580 Unused Serialized files (Serialized files now loaded: 0)
Unloading 14 unused Assets / (28.5 KB). Loaded Objects now: 4455.
Memory consumption went from 132.9 MB to 132.9 MB.
Total: 3.400100 ms (FindLiveObjects: 0.761400 ms CreateObjectMapping: 0.309500 ms MarkObjects: 2.286100 ms  DeleteObjects: 0.041800 ms)

Prepare: number of updated asset objects reloaded= 0
AssetImportParameters requested are different than current active one (requested -> active):
  custom:scripting/monoscript/fileName/RandomHitPlacer.cs: 0e520bb249608fd9a2ce5ff96c591009 -> 
  custom:container-demuxer-ogg: 62fdf1f143b41e24485cea50d1cbac27 -> 
  custom:scripting/monoscript/fileName/SpriteEditorWindow.cs: 1629bd700639d5abf7ee9c1a15128fda -> 
  custom:scripting/monoscript/fileName/SpriteRect.cs: 8da6d12a5fbd75a0eba31cfa62842428 -> 
  custom:scripting/monoscript/fileName/ISpriteEditorModule.cs: f35f8b8d39dcfd448fbbe9ea48566c2f -> 
  custom:scripting/monoscript/fileName/HoldAnimalValues.cs: 82d898710bd9756ea685fa04114cff59 -> 
  custom:video-decoder-ogg-theora: a1e56fd34408186e4bbccfd4996cb3dc -> 
  custom:scripting/monoscript/fileName/MenuItems.cs: 3ea3522373e3b4d2ef39113c39531efd -> 
  custom:scripting/monoscript/fileName/DefaultSpriteNameFileIdDataProvider.cs: cd965ed390b21ec0302c3211a9f903ff -> 
  custom:framework-win-MediaFoundation: 216162199b28c13a410421893ffa2e32 -> 
  custom:scripting/monoscript/fileName/PlayerInteract.cs: 73ffd8c360dbab24565d6c0e90133a24 -> 
  custom:scripting/monoscript/fileName/ShapeEditor.cs: 7eba0c642af179a392c34e527393b30b -> 
  custom:scripting/monoscript/fileName/SpritePolygonModeModule.cs: 8b4aa126b968b0772b9e20476364e690 -> 
  custom:scripting/precompiled-assembly-types:Unity.2D.Sprite.Editor: c80415e041d636416599f4ac20098905 -> 
  custom:scripting/monoscript/fileName/ItemCreationUtility.cs: d1c4ddba747ed633116f555c0d69ace7 -> 
  custom:scripting/monoscript/fileName/AnimalAttuneLevels.cs: ea957c9e2bf28bc3640e58cf244df784 -> 
  custom:CustomObjectIndexerAttribute: 9a22284fe3817be447336de3de66b15e -> 
  custom:scripting/monoscript/fileName/SpriteEditorHandles.cs: 8b78502b9b56b3c556563a6e935b52ad -> 
  custom:container-demuxer-webm: 4f35f7cbe854078d1ac9338744f61a02 -> 
  custom:scripting/monoscript/fileName/SpriteNameFileIdPair.cs: 8dab74045e538d5698ea3c4caed3e48c -> 
  custom:scripting/monoscript/fileName/IGL.cs: 8903f8a1304142ec1aefe33b7a4db28c -> 
  custom:scripting/monoscript/fileName/SpritePhysicsShapeModule.cs: 35688b9e178698712b557d50761dc7c2 -> 
  custom:scripting/monoscript/fileName/ITexture.cs: dbb4c87e1c028ce779185d5d3d566460 -> 
  custom:container-muxer-webm: aa71ff27fc2769a1b78a27578f13a17b -> 
  custom:scripting/monoscript/fileName/IEvent.cs: c25d501578d8ebe48d7b30415b0df4c5 -> 
  custom:video-decoder-webm-vp8: 9c59270c3fd7afecdb556c50c9e8de78 -> 
  custom:scripting/monoscript/fileName/SpriteOutlineModule.cs: 249fecf584323de7d2fd0b14e9a4944c -> 
  custom:SearchIndexIgnoredProperties: e643bd26f0fe6173181afceb89e7c659 -> 
  custom:AudioImporter_EditorPlatform: d09bf68614088b80899f8185d706f6e7 -> 
  custom:scripting/monoscript/fileName/SpriteEditorUtility.cs: 7e2d1f2cb427fd67c5461f9431375c3a -> 
  custom:scripting/monoscript/fileName/SpriteSecondaryTexturesModule.cs: 8f361de5bdfd731e220c415240ad033f -> 
  custom:scripting/monoscript/fileName/IGUIUtility.cs: cad79017f17454feb4e1799b1c42f87c -> 
  custom:scripting/monoscript/fileName/IHandles.cs: d2780a18a3844e49d490d68d5cb3d26a -> 
  custom:scripting/monoscript/fileName/TextureImporterDataProvider.cs: d68f5d5325387f4e38fdcf2610c72ce3 -> 
  custom:scripting/monoscript/fileName/SpriteEditorMenu.cs: f9042f312a91c162ede0d5de48225240 -> 
  custom:scripting/monoscript/fileName/ISpriteEditorDataProvider.cs: 4c01add71bf03a3e1afff21bbd534ee9 -> 
  custom:scripting/monoscript/fileName/IUndoSystem.cs: 841a069a843e48d57d362ca08bca21d4 -> 
  custom:scripting/monoscript/fileName/SpritePolygonModeModuleView.cs: db8ddbee5a89c636987047f4602001ef -> 
  custom:scripting/monoscript/fileName/SpriteEditorData.cs: 79e0d970ecf11ef3020398e38672548f -> 
  custom:video-encoder-webm-vp8: eb34c28f22e8b96e1ab97ce403110664 -> 
  custom:audio-decoder-ogg-vorbis: bf7c407c2cedff20999df2af8eb42d56 -> 
  custom:scripting/monoscript/fileName/SpriteEditorWindowSettings.cs: 8e59c26ada2085b3ebaa83fd01af70e3 -> 
  custom:scripting/monoscript/fileName/SpriteFrameModuleBaseView.cs: 72abaa53c3c1184e23d4d9a45f62d8c2 -> 
  custom:scripting/monoscript/fileName/IAssetDatabase.cs: c40b958675a6cd5b519fa6ca497fede4 -> 
  custom:scripting/monoscript/fileName/SpriteFrameModule.cs: f07011b3ec3622062bef733dc29fedf0 -> 
  custom:scripting/monoscript/fileName/ShapeEditorRectSelection.cs: 1696d724b33ef6168949bbdce78d19c6 -> 
  custom:scripting/monoscript/fileName/TextureImporterDataProviderImplementation.cs: ffb9fda6ca225aa106e9fa84455f4e60 -> 
  custom:audio-encoder-webm-vorbis: bf7c407c2cedff20999df2af8eb42d56 -> 
  custom:scripting/monoscript/fileName/SpriteUtilityWindow.cs: 4827aafd0c4d893166845eac1266c4ed -> 
  custom:scripting/monoscript/fileName/SpriteFrameModuleBase.cs: 82472910b376b3c28a6f5b31b28f5f51 -> 
  custom:scripting/precompiled-assembly-types:Assembly-CSharp: 7087b770e5e4c8fdb55f60f502e3e81f -> 17fd4233e2971542c9b4d9c5fc8a1fc5
  custom:scripting/monoscript/fileName/SpriteFrameModuleView.cs: f07011b3ec3622062bef733dc29fedf0 -> 
========================================================================
Received Prepare
Caller must complete domain reload
Begin MonoManager ReloadAssembly
- Loaded All Assemblies, in  0.556 seconds
Native extension for WindowsStandalone target not found
Mono: successfully reloaded assembly
- Finished resetting the current domain, in  1.125 seconds
Domain Reload Profiling: 1681ms
	BeginReloadAssembly (174ms)
		ExecutionOrderSort (0ms)
		DisableScriptedObjects (6ms)
		BackupInstance (0ms)
		ReleaseScriptingObjects (0ms)
		CreateAndSetChildDomain (35ms)
	RebuildCommonClasses (35ms)
	RebuildNativeTypeToScriptingClass (10ms)
	initialDomainReloadingComplete (31ms)
	LoadAllAssembliesAndSetupDomain (305ms)
		LoadAssemblies (369ms)
		RebuildTransferFunctionScriptingTraits (0ms)
		AnalyzeDomain (38ms)
			TypeCache.Refresh (16ms)
				TypeCache.ScanAssembly (0ms)
			ScanForSourceGeneratedMonoScriptInfo (14ms)
			ResolveRequiredComponents (5ms)
	FinalizeReload (1126ms)
		ReleaseScriptCaches (0ms)
		RebuildScriptCaches (0ms)
		SetupLoadedEditorAssemblies (620ms)
			LogAssemblyErrors (0ms)
			InitializePlatformSupportModulesInManaged (6ms)
			SetLoadedEditorAssemblies (5ms)
			RefreshPlugins (0ms)
			BeforeProcessingInitializeOnLoad (104ms)
			ProcessInitializeOnLoadAttributes (479ms)
			ProcessInitializeOnLoadMethodAttributes (23ms)
			AfterProcessingInitializeOnLoad (3ms)
			EditorAssembliesLoaded (0ms)
		ExecutionOrderSort2 (0ms)
		AwakeInstancesAfterBackupRestoration (6ms)
Refreshing native plugins compatible for Editor in 2.46 ms, found 3 plugins.
Preloading 0 native plugins for Editor in 0.00 ms.
Unloading 3580 Unused Serialized files (Serialized files now loaded: 0)
Unloading 14 unused Assets / (28.6 KB). Loaded Objects now: 4458.
Memory consumption went from 132.9 MB to 132.9 MB.
Total: 3.185500 ms (FindLiveObjects: 0.351700 ms CreateObjectMapping: 0.265900 ms MarkObjects: 2.534000 ms  DeleteObjects: 0.033300 ms)

Prepare: number of updated asset objects reloaded= 0
AssetImportParameters requested are different than current active one (requested -> active):
  custom:scripting/monoscript/fileName/RandomHitPlacer.cs: 0e520bb249608fd9a2ce5ff96c591009 -> 
  custom:container-demuxer-ogg: 62fdf1f143b41e24485cea50d1cbac27 -> 
  custom:scripting/monoscript/fileName/SpriteEditorWindow.cs: 1629bd700639d5abf7ee9c1a15128fda -> 
  custom:scripting/monoscript/fileName/SpriteRect.cs: 8da6d12a5fbd75a0eba31cfa62842428 -> 
  custom:scripting/monoscript/fileName/ISpriteEditorModule.cs: f35f8b8d39dcfd448fbbe9ea48566c2f -> 
  custom:scripting/monoscript/fileName/HoldAnimalValues.cs: 82d898710bd9756ea685fa04114cff59 -> 
  custom:video-decoder-ogg-theora: a1e56fd34408186e4bbccfd4996cb3dc -> 
  custom:scripting/monoscript/fileName/MenuItems.cs: 3ea3522373e3b4d2ef39113c39531efd -> 
  custom:scripting/monoscript/fileName/DefaultSpriteNameFileIdDataProvider.cs: cd965ed390b21ec0302c3211a9f903ff -> 
  custom:framework-win-MediaFoundation: 216162199b28c13a410421893ffa2e32 -> 
  custom:scripting/monoscript/fileName/PlayerInteract.cs: 73ffd8c360dbab24565d6c0e90133a24 -> 
  custom:scripting/monoscript/fileName/ShapeEditor.cs: 7eba0c642af179a392c34e527393b30b -> 
  custom:scripting/monoscript/fileName/SpritePolygonModeModule.cs: 8b4aa126b968b0772b9e20476364e690 -> 
  custom:scripting/precompiled-assembly-types:Unity.2D.Sprite.Editor: c80415e041d636416599f4ac20098905 -> 
  custom:scripting/monoscript/fileName/ItemCreationUtility.cs: d1c4ddba747ed633116f555c0d69ace7 -> 
  custom:scripting/monoscript/fileName/AnimalAttuneLevels.cs: ea957c9e2bf28bc3640e58cf244df784 -> 
  custom:CustomObjectIndexerAttribute: 9a22284fe3817be447336de3de66b15e -> 
  custom:scripting/monoscript/fileName/SpriteEditorHandles.cs: 8b78502b9b56b3c556563a6e935b52ad -> 
  custom:container-demuxer-webm: 4f35f7cbe854078d1ac9338744f61a02 -> 
  custom:scripting/monoscript/fileName/SpriteNameFileIdPair.cs: 8dab74045e538d5698ea3c4caed3e48c -> 
  custom:scripting/monoscript/fileName/IGL.cs: 8903f8a1304142ec1aefe33b7a4db28c -> 
  custom:scripting/monoscript/fileName/SpritePhysicsShapeModule.cs: 35688b9e178698712b557d50761dc7c2 -> 
  custom:scripting/monoscript/fileName/ITexture.cs: dbb4c87e1c028ce779185d5d3d566460 -> 
  custom:container-muxer-webm: aa71ff27fc2769a1b78a27578f13a17b -> 
  custom:scripting/monoscript/fileName/IEvent.cs: c25d501578d8ebe48d7b30415b0df4c5 -> 
  custom:video-decoder-webm-vp8: 9c59270c3fd7afecdb556c50c9e8de78 -> 
  custom:scripting/monoscript/fileName/SpriteOutlineModule.cs: 249fecf584323de7d2fd0b14e9a4944c -> 
  custom:SearchIndexIgnoredProperties: e643bd26f0fe6173181afceb89e7c659 -> 
  custom:AudioImporter_EditorPlatform: d09bf68614088b80899f8185d706f6e7 -> 
  custom:scripting/monoscript/fileName/SpriteEditorUtility.cs: 7e2d1f2cb427fd67c5461f9431375c3a -> 
  custom:scripting/monoscript/fileName/SpriteSecondaryTexturesModule.cs: 8f361de5bdfd731e220c415240ad033f -> 
  custom:scripting/monoscript/fileName/IGUIUtility.cs: cad79017f17454feb4e1799b1c42f87c -> 
  custom:scripting/monoscript/fileName/IHandles.cs: d2780a18a3844e49d490d68d5cb3d26a -> 
  custom:scripting/monoscript/fileName/TextureImporterDataProvider.cs: d68f5d5325387f4e38fdcf2610c72ce3 -> 
  custom:scripting/monoscript/fileName/SpriteEditorMenu.cs: f9042f312a91c162ede0d5de48225240 -> 
  custom:scripting/monoscript/fileName/ISpriteEditorDataProvider.cs: 4c01add71bf03a3e1afff21bbd534ee9 -> 
  custom:scripting/monoscript/fileName/IUndoSystem.cs: 841a069a843e48d57d362ca08bca21d4 -> 
  custom:scripting/monoscript/fileName/SpritePolygonModeModuleView.cs: db8ddbee5a89c636987047f4602001ef -> 
  custom:scripting/monoscript/fileName/SpriteEditorData.cs: 79e0d970ecf11ef3020398e38672548f -> 
  custom:video-encoder-webm-vp8: eb34c28f22e8b96e1ab97ce403110664 -> 
  custom:audio-decoder-ogg-vorbis: bf7c407c2cedff20999df2af8eb42d56 -> 
  custom:scripting/monoscript/fileName/SpriteEditorWindowSettings.cs: 8e59c26ada2085b3ebaa83fd01af70e3 -> 
  custom:scripting/monoscript/fileName/SpriteFrameModuleBaseView.cs: 72abaa53c3c1184e23d4d9a45f62d8c2 -> 
  custom:scripting/monoscript/fileName/IAssetDatabase.cs: c40b958675a6cd5b519fa6ca497fede4 -> 
  custom:scripting/monoscript/fileName/SpriteFrameModule.cs: f07011b3ec3622062bef733dc29fedf0 -> 
  custom:scripting/monoscript/fileName/ShapeEditorRectSelection.cs: 1696d724b33ef6168949bbdce78d19c6 -> 
  custom:scripting/monoscript/fileName/TextureImporterDataProviderImplementation.cs: ffb9fda6ca225aa106e9fa84455f4e60 -> 
  custom:audio-encoder-webm-vorbis: bf7c407c2cedff20999df2af8eb42d56 -> 
  custom:scripting/monoscript/fileName/SpriteUtilityWindow.cs: 4827aafd0c4d893166845eac1266c4ed -> 
  custom:scripting/monoscript/fileName/SpriteFrameModuleBase.cs: 82472910b376b3c28a6f5b31b28f5f51 -> 
  custom:scripting/precompiled-assembly-types:Assembly-CSharp: 7087b770e5e4c8fdb55f60f502e3e81f -> 17fd4233e2971542c9b4d9c5fc8a1fc5
  custom:scripting/monoscript/fileName/SpriteFrameModuleView.cs: f07011b3ec3622062bef733dc29fedf0 -> 
========================================================================
Received Prepare
Caller must complete domain reload
Begin MonoManager ReloadAssembly
- Loaded All Assemblies, in  0.557 seconds
Native extension for WindowsStandalone target not found
Mono: successfully reloaded assembly
- Finished resetting the current domain, in  1.105 seconds
Domain Reload Profiling: 1662ms
	BeginReloadAssembly (196ms)
		ExecutionOrderSort (0ms)
		DisableScriptedObjects (8ms)
		BackupInstance (0ms)
		ReleaseScriptingObjects (0ms)
		CreateAndSetChildDomain (37ms)
	RebuildCommonClasses (32ms)
	RebuildNativeTypeToScriptingClass (12ms)
	initialDomainReloadingComplete (28ms)
	LoadAllAssembliesAndSetupDomain (288ms)
		LoadAssemblies (375ms)
		RebuildTransferFunctionScriptingTraits (0ms)
		AnalyzeDomain (34ms)
			TypeCache.Refresh (12ms)
				TypeCache.ScanAssembly (0ms)
			ScanForSourceGeneratedMonoScriptInfo (15ms)
			ResolveRequiredComponents (6ms)
	FinalizeReload (1106ms)
		ReleaseScriptCaches (0ms)
		RebuildScriptCaches (0ms)
		SetupLoadedEditorAssemblies (563ms)
			LogAssemblyErrors (0ms)
			InitializePlatformSupportModulesInManaged (8ms)
			SetLoadedEditorAssemblies (5ms)
			RefreshPlugins (0ms)
			BeforeProcessingInitializeOnLoad (95ms)
			ProcessInitializeOnLoadAttributes (431ms)
			ProcessInitializeOnLoadMethodAttributes (21ms)
			AfterProcessingInitializeOnLoad (2ms)
			EditorAssembliesLoaded (0ms)
		ExecutionOrderSort2 (0ms)
		AwakeInstancesAfterBackupRestoration (7ms)
Refreshing native plugins compatible for Editor in 2.84 ms, found 3 plugins.
Preloading 0 native plugins for Editor in 0.00 ms.
Unloading 3580 Unused Serialized files (Serialized files now loaded: 0)
Unloading 14 unused Assets / (28.5 KB). Loaded Objects now: 4461.
Memory consumption went from 132.9 MB to 132.9 MB.
Total: 3.103700 ms (FindLiveObjects: 0.324200 ms CreateObjectMapping: 0.220800 ms MarkObjects: 2.523800 ms  DeleteObjects: 0.034000 ms)

Prepare: number of updated asset objects reloaded= 0
AssetImportParameters requested are different than current active one (requested -> active):
  custom:scripting/monoscript/fileName/RandomHitPlacer.cs: 0e520bb249608fd9a2ce5ff96c591009 -> 
  custom:container-demuxer-ogg: 62fdf1f143b41e24485cea50d1cbac27 -> 
  custom:scripting/monoscript/fileName/SpriteEditorWindow.cs: 1629bd700639d5abf7ee9c1a15128fda -> 
  custom:scripting/monoscript/fileName/SpriteRect.cs: 8da6d12a5fbd75a0eba31cfa62842428 -> 
  custom:scripting/monoscript/fileName/ISpriteEditorModule.cs: f35f8b8d39dcfd448fbbe9ea48566c2f -> 
  custom:scripting/monoscript/fileName/HoldAnimalValues.cs: 82d898710bd9756ea685fa04114cff59 -> 
  custom:video-decoder-ogg-theora: a1e56fd34408186e4bbccfd4996cb3dc -> 
  custom:scripting/monoscript/fileName/MenuItems.cs: 3ea3522373e3b4d2ef39113c39531efd -> 
  custom:scripting/monoscript/fileName/DefaultSpriteNameFileIdDataProvider.cs: cd965ed390b21ec0302c3211a9f903ff -> 
  custom:framework-win-MediaFoundation: 216162199b28c13a410421893ffa2e32 -> 
  custom:scripting/monoscript/fileName/PlayerInteract.cs: 73ffd8c360dbab24565d6c0e90133a24 -> 
  custom:scripting/monoscript/fileName/ShapeEditor.cs: 7eba0c642af179a392c34e527393b30b -> 
  custom:scripting/monoscript/fileName/SpritePolygonModeModule.cs: 8b4aa126b968b0772b9e20476364e690 -> 
  custom:scripting/precompiled-assembly-types:Unity.2D.Sprite.Editor: c80415e041d636416599f4ac20098905 -> 
  custom:scripting/monoscript/fileName/ItemCreationUtility.cs: d1c4ddba747ed633116f555c0d69ace7 -> 
  custom:scripting/monoscript/fileName/AnimalAttuneLevels.cs: ea957c9e2bf28bc3640e58cf244df784 -> 
  custom:CustomObjectIndexerAttribute: 9a22284fe3817be447336de3de66b15e -> 
  custom:scripting/monoscript/fileName/SpriteEditorHandles.cs: 8b78502b9b56b3c556563a6e935b52ad -> 
  custom:container-demuxer-webm: 4f35f7cbe854078d1ac9338744f61a02 -> 
  custom:scripting/monoscript/fileName/SpriteNameFileIdPair.cs: 8dab74045e538d5698ea3c4caed3e48c -> 
  custom:scripting/monoscript/fileName/IGL.cs: 8903f8a1304142ec1aefe33b7a4db28c -> 
  custom:scripting/monoscript/fileName/SpritePhysicsShapeModule.cs: 35688b9e178698712b557d50761dc7c2 -> 
  custom:scripting/monoscript/fileName/ITexture.cs: dbb4c87e1c028ce779185d5d3d566460 -> 
  custom:container-muxer-webm: aa71ff27fc2769a1b78a27578f13a17b -> 
  custom:scripting/monoscript/fileName/IEvent.cs: c25d501578d8ebe48d7b30415b0df4c5 -> 
  custom:video-decoder-webm-vp8: 9c59270c3fd7afecdb556c50c9e8de78 -> 
  custom:scripting/monoscript/fileName/SpriteOutlineModule.cs: 249fecf584323de7d2fd0b14e9a4944c -> 
  custom:SearchIndexIgnoredProperties: e643bd26f0fe6173181afceb89e7c659 -> 
  custom:AudioImporter_EditorPlatform: d09bf68614088b80899f8185d706f6e7 -> 
  custom:scripting/monoscript/fileName/SpriteEditorUtility.cs: 7e2d1f2cb427fd67c5461f9431375c3a -> 
  custom:scripting/monoscript/fileName/SpriteSecondaryTexturesModule.cs: 8f361de5bdfd731e220c415240ad033f -> 
  custom:scripting/monoscript/fileName/IGUIUtility.cs: cad79017f17454feb4e1799b1c42f87c -> 
  custom:scripting/monoscript/fileName/IHandles.cs: d2780a18a3844e49d490d68d5cb3d26a -> 
  custom:scripting/monoscript/fileName/TextureImporterDataProvider.cs: d68f5d5325387f4e38fdcf2610c72ce3 -> 
  custom:scripting/monoscript/fileName/SpriteEditorMenu.cs: f9042f312a91c162ede0d5de48225240 -> 
  custom:scripting/monoscript/fileName/ISpriteEditorDataProvider.cs: 4c01add71bf03a3e1afff21bbd534ee9 -> 
  custom:scripting/monoscript/fileName/IUndoSystem.cs: 841a069a843e48d57d362ca08bca21d4 -> 
  custom:scripting/monoscript/fileName/SpritePolygonModeModuleView.cs: db8ddbee5a89c636987047f4602001ef -> 
  custom:scripting/monoscript/fileName/SpriteEditorData.cs: 79e0d970ecf11ef3020398e38672548f -> 
  custom:video-encoder-webm-vp8: eb34c28f22e8b96e1ab97ce403110664 -> 
  custom:audio-decoder-ogg-vorbis: bf7c407c2cedff20999df2af8eb42d56 -> 
  custom:scripting/monoscript/fileName/SpriteEditorWindowSettings.cs: 8e59c26ada2085b3ebaa83fd01af70e3 -> 
  custom:scripting/monoscript/fileName/SpriteFrameModuleBaseView.cs: 72abaa53c3c1184e23d4d9a45f62d8c2 -> 
  custom:scripting/monoscript/fileName/IAssetDatabase.cs: c40b958675a6cd5b519fa6ca497fede4 -> 
  custom:scripting/monoscript/fileName/SpriteFrameModule.cs: f07011b3ec3622062bef733dc29fedf0 -> 
  custom:scripting/monoscript/fileName/ShapeEditorRectSelection.cs: 1696d724b33ef6168949bbdce78d19c6 -> 
  custom:scripting/monoscript/fileName/TextureImporterDataProviderImplementation.cs: ffb9fda6ca225aa106e9fa84455f4e60 -> 
  custom:audio-encoder-webm-vorbis: bf7c407c2cedff20999df2af8eb42d56 -> 
  custom:scripting/monoscript/fileName/SpriteUtilityWindow.cs: 4827aafd0c4d893166845eac1266c4ed -> 
  custom:scripting/monoscript/fileName/SpriteFrameModuleBase.cs: 82472910b376b3c28a6f5b31b28f5f51 -> 
  custom:scripting/precompiled-assembly-types:Assembly-CSharp: 7087b770e5e4c8fdb55f60f502e3e81f -> 17fd4233e2971542c9b4d9c5fc8a1fc5
  custom:scripting/monoscript/fileName/SpriteFrameModuleView.cs: f07011b3ec3622062bef733dc29fedf0 -> 
========================================================================
Received Import Request.
  Time since last request: 624.388600 seconds.
  path: Assets/ECCreated/Scripts/HoldAnimalValues.cs
  artifactKey: Guid(82a3d77eadb513747aaf08c0473dc7d7) Importer(815301076,1909f56bfc062723c751e8b465ee728b)
Start importing Assets/ECCreated/Scripts/HoldAnimalValues.cs using Guid(82a3d77eadb513747aaf08c0473dc7d7) Importer(815301076,1909f56bfc062723c751e8b465ee728b) [PhysX] Initialized MultithreadedTaskDispatcher with 8 workers.
 -> (artifact id: 'd24534914249ad5db38c46bb728e20a6') in 0.001707 seconds
Number of updated asset objects reloaded before import = 0
Number of asset objects unloaded after import = 0
========================================================================
Received Import Request.
  Time since last request: 470.705577 seconds.
  path: Assets/ECCreated/Scripts/HoldAnimalValues.cs
  artifactKey: Guid(82a3d77eadb513747aaf08c0473dc7d7) Importer(815301076,1909f56bfc062723c751e8b465ee728b)
Start importing Assets/ECCreated/Scripts/HoldAnimalValues.cs using Guid(82a3d77eadb513747aaf08c0473dc7d7) Importer(815301076,1909f56bfc062723c751e8b465ee728b) [PhysX] Initialized MultithreadedTaskDispatcher with 8 workers.
 -> (artifact id: '561258f7ba355a90f2ca8209d8d319d9') in 0.000478 seconds
Number of updated asset objects reloaded before import = 0
Number of asset objects unloaded after import = 0
========================================================================
Received Prepare
Caller must complete domain reload
Begin MonoManager ReloadAssembly
- Loaded All Assemblies, in  0.484 seconds
Native extension for WindowsStandalone target not found
Mono: successfully reloaded assembly
- Finished resetting the current domain, in  1.023 seconds
Domain Reload Profiling: 1507ms
	BeginReloadAssembly (167ms)
		ExecutionOrderSort (0ms)
		DisableScriptedObjects (5ms)
		BackupInstance (0ms)
		ReleaseScriptingObjects (0ms)
		CreateAndSetChildDomain (34ms)
	RebuildCommonClasses (30ms)
	RebuildNativeTypeToScriptingClass (10ms)
	initialDomainReloadingComplete (26ms)
	LoadAllAssembliesAndSetupDomain (251ms)
		LoadAssemblies (319ms)
		RebuildTransferFunctionScriptingTraits (0ms)
		AnalyzeDomain (30ms)
			TypeCache.Refresh (10ms)
				TypeCache.ScanAssembly (0ms)
			ScanForSourceGeneratedMonoScriptInfo (12ms)
			ResolveRequiredComponents (6ms)
	FinalizeReload (1023ms)
		ReleaseScriptCaches (0ms)
		RebuildScriptCaches (0ms)
		SetupLoadedEditorAssemblies (519ms)
			LogAssemblyErrors (0ms)
			InitializePlatformSupportModulesInManaged (6ms)
			SetLoadedEditorAssemblies (5ms)
			RefreshPlugins (0ms)
			BeforeProcessingInitializeOnLoad (90ms)
			ProcessInitializeOnLoadAttributes (395ms)
			ProcessInitializeOnLoadMethodAttributes (20ms)
			AfterProcessingInitializeOnLoad (3ms)
			EditorAssembliesLoaded (0ms)
		ExecutionOrderSort2 (0ms)
		AwakeInstancesAfterBackupRestoration (6ms)
Refreshing native plugins compatible for Editor in 2.63 ms, found 3 plugins.
Preloading 0 native plugins for Editor in 0.00 ms.
Unloading 3579 Unused Serialized files (Serialized files now loaded: 0)
Unloading 14 unused Assets / (28.5 KB). Loaded Objects now: 4464.
Memory consumption went from 132.6 MB to 132.6 MB.
Total: 3.043800 ms (FindLiveObjects: 0.316400 ms CreateObjectMapping: 0.207400 ms MarkObjects: 2.485100 ms  DeleteObjects: 0.034200 ms)

Prepare: number of updated asset objects reloaded= 0
AssetImportParameters requested are different than current active one (requested -> active):
  custom:scripting/monoscript/fileName/RandomHitPlacer.cs: 0e520bb249608fd9a2ce5ff96c591009 -> 
  custom:container-demuxer-ogg: 62fdf1f143b41e24485cea50d1cbac27 -> 
  custom:scripting/monoscript/fileName/SpriteEditorWindow.cs: 1629bd700639d5abf7ee9c1a15128fda -> 
  custom:scripting/monoscript/fileName/SpriteRect.cs: 8da6d12a5fbd75a0eba31cfa62842428 -> 
  custom:scripting/monoscript/fileName/ISpriteEditorModule.cs: f35f8b8d39dcfd448fbbe9ea48566c2f -> 
  custom:scripting/monoscript/fileName/HoldAnimalValues.cs: 82d898710bd9756ea685fa04114cff59 -> 
  custom:video-decoder-ogg-theora: a1e56fd34408186e4bbccfd4996cb3dc -> 
  custom:scripting/monoscript/fileName/MenuItems.cs: 3ea3522373e3b4d2ef39113c39531efd -> 
  custom:scripting/monoscript/fileName/DefaultSpriteNameFileIdDataProvider.cs: cd965ed390b21ec0302c3211a9f903ff -> 
  custom:framework-win-MediaFoundation: 216162199b28c13a410421893ffa2e32 -> 
  custom:scripting/monoscript/fileName/PlayerInteract.cs: 73ffd8c360dbab24565d6c0e90133a24 -> 
  custom:scripting/monoscript/fileName/ShapeEditor.cs: 7eba0c642af179a392c34e527393b30b -> 
  custom:scripting/monoscript/fileName/SpritePolygonModeModule.cs: 8b4aa126b968b0772b9e20476364e690 -> 
  custom:scripting/precompiled-assembly-types:Unity.2D.Sprite.Editor: c80415e041d636416599f4ac20098905 -> 
  custom:scripting/monoscript/fileName/ItemCreationUtility.cs: d1c4ddba747ed633116f555c0d69ace7 -> 
  custom:scripting/monoscript/fileName/AnimalAttuneLevels.cs: ea957c9e2bf28bc3640e58cf244df784 -> 
  custom:CustomObjectIndexerAttribute: 9a22284fe3817be447336de3de66b15e -> 
  custom:scripting/monoscript/fileName/SpriteEditorHandles.cs: 8b78502b9b56b3c556563a6e935b52ad -> 
  custom:container-demuxer-webm: 4f35f7cbe854078d1ac9338744f61a02 -> 
  custom:scripting/monoscript/fileName/SpriteNameFileIdPair.cs: 8dab74045e538d5698ea3c4caed3e48c -> 
  custom:scripting/monoscript/fileName/IGL.cs: 8903f8a1304142ec1aefe33b7a4db28c -> 
  custom:scripting/monoscript/fileName/SpritePhysicsShapeModule.cs: 35688b9e178698712b557d50761dc7c2 -> 
  custom:scripting/monoscript/fileName/ITexture.cs: dbb4c87e1c028ce779185d5d3d566460 -> 
  custom:container-muxer-webm: aa71ff27fc2769a1b78a27578f13a17b -> 
  custom:scripting/monoscript/fileName/IEvent.cs: c25d501578d8ebe48d7b30415b0df4c5 -> 
  custom:video-decoder-webm-vp8: 9c59270c3fd7afecdb556c50c9e8de78 -> 
  custom:scripting/monoscript/fileName/SpriteOutlineModule.cs: 249fecf584323de7d2fd0b14e9a4944c -> 
  custom:SearchIndexIgnoredProperties: e643bd26f0fe6173181afceb89e7c659 -> 
  custom:AudioImporter_EditorPlatform: d09bf68614088b80899f8185d706f6e7 -> 
  custom:scripting/monoscript/fileName/SpriteEditorUtility.cs: 7e2d1f2cb427fd67c5461f9431375c3a -> 
  custom:scripting/monoscript/fileName/SpriteSecondaryTexturesModule.cs: 8f361de5bdfd731e220c415240ad033f -> 
  custom:scripting/monoscript/fileName/IGUIUtility.cs: cad79017f17454feb4e1799b1c42f87c -> 
  custom:scripting/monoscript/fileName/IHandles.cs: d2780a18a3844e49d490d68d5cb3d26a -> 
  custom:scripting/monoscript/fileName/TextureImporterDataProvider.cs: d68f5d5325387f4e38fdcf2610c72ce3 -> 
  custom:scripting/monoscript/fileName/SpriteEditorMenu.cs: f9042f312a91c162ede0d5de48225240 -> 
  custom:scripting/monoscript/fileName/ISpriteEditorDataProvider.cs: 4c01add71bf03a3e1afff21bbd534ee9 -> 
  custom:scripting/monoscript/fileName/IUndoSystem.cs: 841a069a843e48d57d362ca08bca21d4 -> 
  custom:scripting/monoscript/fileName/SpritePolygonModeModuleView.cs: db8ddbee5a89c636987047f4602001ef -> 
  custom:scripting/monoscript/fileName/SpriteEditorData.cs: 79e0d970ecf11ef3020398e38672548f -> 
  custom:video-encoder-webm-vp8: eb34c28f22e8b96e1ab97ce403110664 -> 
  custom:audio-decoder-ogg-vorbis: bf7c407c2cedff20999df2af8eb42d56 -> 
  custom:scripting/monoscript/fileName/SpriteEditorWindowSettings.cs: 8e59c26ada2085b3ebaa83fd01af70e3 -> 
  custom:scripting/monoscript/fileName/SpriteFrameModuleBaseView.cs: 72abaa53c3c1184e23d4d9a45f62d8c2 -> 
  custom:scripting/monoscript/fileName/IAssetDatabase.cs: c40b958675a6cd5b519fa6ca497fede4 -> 
  custom:scripting/monoscript/fileName/SpriteFrameModule.cs: f07011b3ec3622062bef733dc29fedf0 -> 
  custom:scripting/monoscript/fileName/ShapeEditorRectSelection.cs: 1696d724b33ef6168949bbdce78d19c6 -> 
  custom:scripting/monoscript/fileName/TextureImporterDataProviderImplementation.cs: ffb9fda6ca225aa106e9fa84455f4e60 -> 
  custom:audio-encoder-webm-vorbis: bf7c407c2cedff20999df2af8eb42d56 -> 
  custom:scripting/monoscript/fileName/SpriteUtilityWindow.cs: 4827aafd0c4d893166845eac1266c4ed -> 
  custom:scripting/monoscript/fileName/SpriteFrameModuleBase.cs: 82472910b376b3c28a6f5b31b28f5f51 -> 
  custom:scripting/precompiled-assembly-types:Assembly-CSharp: 7087b770e5e4c8fdb55f60f502e3e81f -> 17fd4233e2971542c9b4d9c5fc8a1fc5
  custom:scripting/monoscript/fileName/SpriteFrameModuleView.cs: f07011b3ec3622062bef733dc29fedf0 -> 
========================================================================
Received Import Request.
  Time since last request: 15.153321 seconds.
  path: Assets/ECCreated/Scripts/HoldAnimalValues.cs
  artifactKey: Guid(82a3d77eadb513747aaf08c0473dc7d7) Importer(815301076,1909f56bfc062723c751e8b465ee728b)
Start importing Assets/ECCreated/Scripts/HoldAnimalValues.cs using Guid(82a3d77eadb513747aaf08c0473dc7d7) Importer(815301076,1909f56bfc062723c751e8b465ee728b) [PhysX] Initialized MultithreadedTaskDispatcher with 8 workers.
 -> (artifact id: '1ecb5b63ba8d705e264a5abc73aa3f65') in 0.001643 seconds
Number of updated asset objects reloaded before import = 0
Number of asset objects unloaded after import = 0
========================================================================
Received Prepare
Caller must complete domain reload
Begin MonoManager ReloadAssembly
- Loaded All Assemblies, in  0.531 seconds
Native extension for WindowsStandalone target not found
Mono: successfully reloaded assembly
- Finished resetting the current domain, in  1.039 seconds
Domain Reload Profiling: 1569ms
	BeginReloadAssembly (167ms)
		ExecutionOrderSort (0ms)
		DisableScriptedObjects (5ms)
		BackupInstance (0ms)
		ReleaseScriptingObjects (0ms)
		CreateAndSetChildDomain (33ms)
	RebuildCommonClasses (33ms)
	RebuildNativeTypeToScriptingClass (11ms)
	initialDomainReloadingComplete (31ms)
	LoadAllAssembliesAndSetupDomain (289ms)
		LoadAssemblies (354ms)
		RebuildTransferFunctionScriptingTraits (0ms)
		AnalyzeDomain (35ms)
			TypeCache.Refresh (13ms)
				TypeCache.ScanAssembly (0ms)
			ScanForSourceGeneratedMonoScriptInfo (14ms)
			ResolveRequiredComponents (6ms)
	FinalizeReload (1039ms)
		ReleaseScriptCaches (0ms)
		RebuildScriptCaches (0ms)
		SetupLoadedEditorAssemblies (516ms)
			LogAssemblyErrors (0ms)
			InitializePlatformSupportModulesInManaged (6ms)
			SetLoadedEditorAssemblies (5ms)
			RefreshPlugins (0ms)
			BeforeProcessingInitializeOnLoad (90ms)
			ProcessInitializeOnLoadAttributes (393ms)
			ProcessInitializeOnLoadMethodAttributes (19ms)
			AfterProcessingInitializeOnLoad (2ms)
			EditorAssembliesLoaded (0ms)
		ExecutionOrderSort2 (0ms)
		AwakeInstancesAfterBackupRestoration (5ms)
Refreshing native plugins compatible for Editor in 3.13 ms, found 3 plugins.
Preloading 0 native plugins for Editor in 0.00 ms.
Unloading 3579 Unused Serialized files (Serialized files now loaded: 0)
Unloading 14 unused Assets / (28.5 KB). Loaded Objects now: 4467.
Memory consumption went from 132.6 MB to 132.6 MB.
Total: 3.615700 ms (FindLiveObjects: 0.447200 ms CreateObjectMapping: 0.283100 ms MarkObjects: 2.838400 ms  DeleteObjects: 0.045700 ms)

Prepare: number of updated asset objects reloaded= 0
AssetImportParameters requested are different than current active one (requested -> active):
  custom:scripting/monoscript/fileName/RandomHitPlacer.cs: 0e520bb249608fd9a2ce5ff96c591009 -> 
  custom:container-demuxer-ogg: 62fdf1f143b41e24485cea50d1cbac27 -> 
  custom:scripting/monoscript/fileName/SpriteEditorWindow.cs: 1629bd700639d5abf7ee9c1a15128fda -> 
  custom:scripting/monoscript/fileName/SpriteRect.cs: 8da6d12a5fbd75a0eba31cfa62842428 -> 
  custom:scripting/monoscript/fileName/ISpriteEditorModule.cs: f35f8b8d39dcfd448fbbe9ea48566c2f -> 
  custom:scripting/monoscript/fileName/HoldAnimalValues.cs: 82d898710bd9756ea685fa04114cff59 -> 
  custom:video-decoder-ogg-theora: a1e56fd34408186e4bbccfd4996cb3dc -> 
  custom:scripting/monoscript/fileName/MenuItems.cs: 3ea3522373e3b4d2ef39113c39531efd -> 
  custom:scripting/monoscript/fileName/DefaultSpriteNameFileIdDataProvider.cs: cd965ed390b21ec0302c3211a9f903ff -> 
  custom:framework-win-MediaFoundation: 216162199b28c13a410421893ffa2e32 -> 
  custom:scripting/monoscript/fileName/PlayerInteract.cs: 73ffd8c360dbab24565d6c0e90133a24 -> 
  custom:scripting/monoscript/fileName/ShapeEditor.cs: 7eba0c642af179a392c34e527393b30b -> 
  custom:scripting/monoscript/fileName/SpritePolygonModeModule.cs: 8b4aa126b968b0772b9e20476364e690 -> 
  custom:scripting/precompiled-assembly-types:Unity.2D.Sprite.Editor: c80415e041d636416599f4ac20098905 -> 
  custom:scripting/monoscript/fileName/ItemCreationUtility.cs: d1c4ddba747ed633116f555c0d69ace7 -> 
  custom:scripting/monoscript/fileName/AnimalAttuneLevels.cs: ea957c9e2bf28bc3640e58cf244df784 -> 
  custom:CustomObjectIndexerAttribute: 9a22284fe3817be447336de3de66b15e -> 
  custom:scripting/monoscript/fileName/SpriteEditorHandles.cs: 8b78502b9b56b3c556563a6e935b52ad -> 
  custom:container-demuxer-webm: 4f35f7cbe854078d1ac9338744f61a02 -> 
  custom:scripting/monoscript/fileName/SpriteNameFileIdPair.cs: 8dab74045e538d5698ea3c4caed3e48c -> 
  custom:scripting/monoscript/fileName/IGL.cs: 8903f8a1304142ec1aefe33b7a4db28c -> 
  custom:scripting/monoscript/fileName/SpritePhysicsShapeModule.cs: 35688b9e178698712b557d50761dc7c2 -> 
  custom:scripting/monoscript/fileName/ITexture.cs: dbb4c87e1c028ce779185d5d3d566460 -> 
  custom:container-muxer-webm: aa71ff27fc2769a1b78a27578f13a17b -> 
  custom:scripting/monoscript/fileName/IEvent.cs: c25d501578d8ebe48d7b30415b0df4c5 -> 
  custom:video-decoder-webm-vp8: 9c59270c3fd7afecdb556c50c9e8de78 -> 
  custom:scripting/monoscript/fileName/SpriteOutlineModule.cs: 249fecf584323de7d2fd0b14e9a4944c -> 
  custom:SearchIndexIgnoredProperties: e643bd26f0fe6173181afceb89e7c659 -> 
  custom:AudioImporter_EditorPlatform: d09bf68614088b80899f8185d706f6e7 -> 
  custom:scripting/monoscript/fileName/SpriteEditorUtility.cs: 7e2d1f2cb427fd67c5461f9431375c3a -> 
  custom:scripting/monoscript/fileName/SpriteSecondaryTexturesModule.cs: 8f361de5bdfd731e220c415240ad033f -> 
  custom:scripting/monoscript/fileName/IGUIUtility.cs: cad79017f17454feb4e1799b1c42f87c -> 
  custom:scripting/monoscript/fileName/IHandles.cs: d2780a18a3844e49d490d68d5cb3d26a -> 
  custom:scripting/monoscript/fileName/TextureImporterDataProvider.cs: d68f5d5325387f4e38fdcf2610c72ce3 -> 
  custom:scripting/monoscript/fileName/SpriteEditorMenu.cs: f9042f312a91c162ede0d5de48225240 -> 
  custom:scripting/monoscript/fileName/ISpriteEditorDataProvider.cs: 4c01add71bf03a3e1afff21bbd534ee9 -> 
  custom:scripting/monoscript/fileName/IUndoSystem.cs: 841a069a843e48d57d362ca08bca21d4 -> 
  custom:scripting/monoscript/fileName/SpritePolygonModeModuleView.cs: db8ddbee5a89c636987047f4602001ef -> 
  custom:scripting/monoscript/fileName/SpriteEditorData.cs: 79e0d970ecf11ef3020398e38672548f -> 
  custom:video-encoder-webm-vp8: eb34c28f22e8b96e1ab97ce403110664 -> 
  custom:audio-decoder-ogg-vorbis: bf7c407c2cedff20999df2af8eb42d56 -> 
  custom:scripting/monoscript/fileName/SpriteEditorWindowSettings.cs: 8e59c26ada2085b3ebaa83fd01af70e3 -> 
  custom:scripting/monoscript/fileName/SpriteFrameModuleBaseView.cs: 72abaa53c3c1184e23d4d9a45f62d8c2 -> 
  custom:scripting/monoscript/fileName/IAssetDatabase.cs: c40b958675a6cd5b519fa6ca497fede4 -> 
  custom:scripting/monoscript/fileName/SpriteFrameModule.cs: f07011b3ec3622062bef733dc29fedf0 -> 
  custom:scripting/monoscript/fileName/ShapeEditorRectSelection.cs: 1696d724b33ef6168949bbdce78d19c6 -> 
  custom:scripting/monoscript/fileName/TextureImporterDataProviderImplementation.cs: ffb9fda6ca225aa106e9fa84455f4e60 -> 
  custom:audio-encoder-webm-vorbis: bf7c407c2cedff20999df2af8eb42d56 -> 
  custom:scripting/monoscript/fileName/SpriteUtilityWindow.cs: 4827aafd0c4d893166845eac1266c4ed -> 
  custom:scripting/monoscript/fileName/SpriteFrameModuleBase.cs: 82472910b376b3c28a6f5b31b28f5f51 -> 
  custom:scripting/precompiled-assembly-types:Assembly-CSharp: 7087b770e5e4c8fdb55f60f502e3e81f -> 17fd4233e2971542c9b4d9c5fc8a1fc5
  custom:scripting/monoscript/fileName/SpriteFrameModuleView.cs: f07011b3ec3622062bef733dc29fedf0 -> 
